seed,method,weights,fdp,power,nsel,test_positive_rate,cal_positive_rate,mean_cal_weight,max_cal_weight
1,WBH,oracle weights,0.10955056179775281,0.8386243386243386,356,0.756,0.31375,0.8629680569238812,33.955927996247794
1,WCS.hete,oracle weights,0.11428571428571428,0.082010582010582,35,0.756,0.31375,0.8629680569238812,33.955927996247794
1,WCS.homo,oracle weights,0.10743801652892562,0.8571428571428571,363,0.756,0.31375,0.8629680569238812,33.955927996247794
1,WCS.dtm,oracle weights,0.0,0.0,0,0.756,0.31375,0.8629680569238812,33.955927996247794
1,WBH,ignore shift,0.145933014354067,0.9444444444444444,418,0.756,0.31375,1.0,1.0
1,WCS.hete,ignore shift,0.145933014354067,0.9444444444444444,418,0.756,0.31375,1.0,1.0
1,WCS.homo,ignore shift,0.145933014354067,0.9444444444444444,418,0.756,0.31375,1.0,1.0
1,WCS.dtm,ignore shift,0.0,0.0,0,0.756,0.31375,1.0,1.0
1,WBH,clip weights at 3,0.09428571428571429,0.8386243386243386,350,0.756,0.31375,0.6315661573621594,3.0
1,WCS.hete,clip weights at 3,0.09428571428571429,0.8386243386243386,350,0.756,0.31375,0.6315661573621594,3.0
1,WCS.homo,clip weights at 3,0.09659090909090909,0.8412698412698413,352,0.756,0.31375,0.6315661573621594,3.0
1,WCS.dtm,clip weights at 3,0.0,0.0,0,0.756,0.31375,0.6315661573621594,3.0
2,WBH,oracle weights,0.13480392156862744,0.9121447028423773,408,0.774,0.34125,0.9922078528543251,31.801506817602043
2,WCS.hete,oracle weights,0.13624678663239073,0.8682170542635659,389,0.774,0.34125,0.9922078528543251,31.801506817602043
2,WCS.homo,oracle weights,0.13658536585365855,0.9147286821705426,410,0.774,0.34125,0.9922078528543251,31.801506817602043
2,WCS.dtm,oracle weights,0.0,0.0,0,0.774,0.34125,0.9922078528543251,31.801506817602043
2,WBH,ignore shift,0.1425233644859813,0.9483204134366925,428,0.774,0.34125,1.0,1.0
2,WCS.hete,ignore shift,0.1405152224824356,0.9483204134366925,427,0.774,0.34125,1.0,1.0
2,WCS.homo,ignore shift,0.1425233644859813,0.9483204134366925,428,0.774,0.34125,1.0,1.0
2,WCS.dtm,ignore shift,0.0,0.0,0,0.774,0.34125,1.0,1.0
2,WBH,clip weights at 3,0.12435233160621761,0.8733850129198967,386,0.774,0.34125,0.6670887433069899,3.0
2,WCS.hete,clip weights at 3,0.12661498708010335,0.8733850129198967,387,0.774,0.34125,0.6670887433069899,3.0
2,WCS.homo,clip weights at 3,0.12435233160621761,0.8733850129198967,386,0.774,0.34125,0.6670887433069899,3.0
2,WCS.dtm,clip weights at 3,0.0,0.0,0,0.774,0.34125,0.6670887433069899,3.0
3,WBH,oracle weights,0.11330049261083744,0.8977556109725686,406,0.802,0.37125,1.0217883658719824,47.4415902286337
3,WCS.hete,oracle weights,0.12082262210796915,0.8528678304239401,389,0.802,0.37125,1.0217883658719824,47.4415902286337
3,WCS.homo,oracle weights,0.11352657004830918,0.9152119700748129,414,0.802,0.37125,1.0217883658719824,47.4415902286337
3,WCS.dtm,oracle weights,0.0,0.0,0,0.802,0.37125,1.0217883658719824,47.4415902286337
3,WBH,ignore shift,0.13043478260869565,0.9476309226932669,437,0.802,0.37125,1.0,1.0
3,WCS.hete,ignore shift,0.13043478260869565,0.9476309226932669,437,0.802,0.37125,1.0,1.0
3,WCS.homo,ignore shift,0.12984054669703873,0.9526184538653366,439,0.802,0.37125,1.0,1.0
3,WCS.dtm,ignore shift,0.0,0.0,0,0.802,0.37125,1.0,1.0
3,WBH,clip weights at 3,0.08042895442359249,0.8553615960099751,373,0.802,0.37125,0.7248239081956964,3.0
3,WCS.hete,clip weights at 3,0.08266666666666667,0.85785536159601,375,0.802,0.37125,0.7248239081956964,3.0
3,WCS.homo,clip weights at 3,0.08021390374331551,0.85785536159601,374,0.802,0.37125,0.7248239081956964,3.0
3,WCS.dtm,clip weights at 3,0.0,0.0,0,0.802,0.37125,0.7248239081956964,3.0
4,WBH,oracle weights,0.09315068493150686,0.8401015228426396,365,0.788,0.35625,0.9444358452864691,21.791018986304373
4,WCS.hete,oracle weights,0.09392265193370165,0.8324873096446701,362,0.788,0.35625,0.9444358452864691,21.791018986304373
4,WCS.homo,oracle weights,0.09510869565217392,0.8451776649746193,368,0.788,0.35625,0.9444358452864691,21.791018986304373
4,WCS.dtm,oracle weights,0.0,0.0,0,0.788,0.35625,0.9444358452864691,21.791018986304373
4,WBH,ignore shift,0.13012048192771083,0.916243654822335,415,0.788,0.35625,1.0,1.0
4,WCS.hete,ignore shift,0.13012048192771083,0.916243654822335,415,0.788,0.35625,1.0,1.0
4,WCS.homo,ignore shift,0.13012048192771083,0.916243654822335,415,0.788,0.35625,1.0,1.0
4,WCS.dtm,ignore shift,0.0,0.0,0,0.788,0.35625,1.0,1.0
4,WBH,clip weights at 3,0.06134969325153374,0.7766497461928934,326,0.788,0.35625,0.7143437074213902,3.0
4,WCS.hete,clip weights at 3,0.06134969325153374,0.7766497461928934,326,0.788,0.35625,0.7143437074213902,3.0
4,WCS.homo,clip weights at 3,0.06134969325153374,0.7766497461928934,326,0.788,0.35625,0.7143437074213902,3.0
4,WCS.dtm,clip weights at 3,0.0,0.0,0,0.788,0.35625,0.7143437074213902,3.0
5,WBH,oracle weights,0.0982367758186398,0.8927680798004988,397,0.802,0.36,0.9216893306610804,34.56596084891185
5,WCS.hete,oracle weights,0.09539473684210527,0.685785536159601,304,0.802,0.36,0.9216893306610804,34.56596084891185
5,WCS.homo,oracle weights,0.09798994974874371,0.8952618453865336,398,0.802,0.36,0.9216893306610804,34.56596084891185
5,WCS.dtm,oracle weights,0.0,0.0,0,0.802,0.36,0.9216893306610804,34.56596084891185
5,WBH,ignore shift,0.11791383219954649,0.970074812967581,441,0.802,0.36,1.0,1.0
5,WCS.hete,ignore shift,0.11791383219954649,0.970074812967581,441,0.802,0.36,1.0,1.0
5,WCS.homo,ignore shift,0.11791383219954649,0.970074812967581,441,0.802,0.36,1.0,1.0
5,WCS.dtm,ignore shift,0.0,0.0,0,0.802,0.36,1.0,1.0
5,WBH,clip weights at 3,0.09610389610389611,0.8678304239401496,385,0.802,0.36,0.69097339251016,3.0
5,WCS.hete,clip weights at 3,0.09610389610389611,0.8678304239401496,385,0.802,0.36,0.69097339251016,3.0
5,WCS.homo,clip weights at 3,0.0987012987012987,0.8653366583541147,385,0.802,0.36,0.69097339251016,3.0
5,WCS.dtm,clip weights at 3,0.0,0.0,0,0.802,0.36,0.69097339251016,3.0
6,WBH,oracle weights,0.08882521489971347,0.7969924812030075,349,0.798,0.33625,0.9289986812288379,35.72802932040708
6,WCS.hete,oracle weights,0.08,0.5764411027568922,250,0.798,0.33625,0.9289986812288379,35.72802932040708
6,WCS.homo,oracle weights,0.08781869688385269,0.8070175438596491,353,0.798,0.33625,0.9289986812288379,35.72802932040708
6,WCS.dtm,oracle weights,0.0,0.0,0,0.798,0.33625,0.9289986812288379,35.72802932040708
6,WBH,ignore shift,0.11633663366336634,0.8947368421052632,404,0.798,0.33625,1.0,1.0
6,WCS.hete,ignore shift,0.11633663366336634,0.8947368421052632,404,0.798,0.33625,1.0,1.0
6,WCS.homo,ignore shift,0.11633663366336634,0.8947368421052632,404,0.798,0.33625,1.0,1.0
6,WCS.dtm,ignore shift,0.0,0.0,0,0.798,0.33625,1.0,1.0
6,WBH,clip weights at 3,0.07988165680473373,0.7794486215538847,338,0.798,0.33625,0.6927441145477392,3.0
6,WCS.hete,clip weights at 3,0.07988165680473373,0.7794486215538847,338,0.798,0.33625,0.6927441145477392,3.0
6,WCS.homo,clip weights at 3,0.07988165680473373,0.7794486215538847,338,0.798,0.33625,0.6927441145477392,3.0
6,WCS.dtm,clip weights at 3,0.0,0.0,0,0.798,0.33625,0.6927441145477392,3.0
7,WBH,oracle weights,0.11666666666666667,0.8238341968911918,360,0.772,0.3125,0.7366406851367437,14.590846137489821
7,WCS.hete,oracle weights,0.11864406779661017,0.8082901554404145,354,0.772,0.3125,0.7366406851367437,14.590846137489821
7,WCS.homo,oracle weights,0.11538461538461539,0.8341968911917098,364,0.772,0.3125,0.7366406851367437,14.590846137489821
7,WCS.dtm,oracle weights,0.0,0.0,0,0.772,0.3125,0.7366406851367437,14.590846137489821
7,WBH,ignore shift,0.16444444444444445,0.9740932642487047,450,0.772,0.3125,1.0,1.0
7,WCS.hete,ignore shift,0.16444444444444445,0.9740932642487047,450,0.772,0.3125,1.0,1.0
7,WCS.homo,ignore shift,0.16444444444444445,0.9740932642487047,450,0.772,0.3125,1.0,1.0
7,WCS.dtm,ignore shift,0.0,0.0,0,0.772,0.3125,1.0,1.0
7,WBH,clip weights at 3,0.11413043478260869,0.844559585492228,368,0.772,0.3125,0.6012738230709738,3.0
7,WCS.hete,clip weights at 3,0.11413043478260869,0.844559585492228,368,0.772,0.3125,0.6012738230709738,3.0
7,WCS.homo,clip weights at 3,0.11413043478260869,0.844559585492228,368,0.772,0.3125,0.6012738230709738,3.0
7,WCS.dtm,clip weights at 3,0.0,0.0,0,0.772,0.3125,0.6012738230709738,3.0
8,WBH,oracle weights,0.08333333333333333,0.8567839195979899,372,0.796,0.3575,1.071514554226229,41.506616558201
8,WCS.hete,oracle weights,0.09451219512195122,0.7462311557788944,328,0.796,0.3575,1.071514554226229,41.506616558201
8,WCS.homo,oracle weights,0.08042895442359249,0.8618090452261307,373,0.796,0.3575,1.071514554226229,41.506616558201
8,WCS.dtm,oracle weights,0.0,0.0,0,0.796,0.3575,1.071514554226229,41.506616558201
8,WBH,ignore shift,0.11611374407582939,0.9371859296482412,422,0.796,0.3575,1.0,1.0
8,WCS.hete,ignore shift,0.11611374407582939,0.9371859296482412,422,0.796,0.3575,1.0,1.0
8,WCS.homo,ignore shift,0.11611374407582939,0.9371859296482412,422,0.796,0.3575,1.0,1.0
8,WCS.dtm,ignore shift,0.0,0.0,0,0.796,0.3575,1.0,1.0
8,WBH,clip weights at 3,0.07396449704142012,0.7864321608040201,338,0.796,0.3575,0.7090168378606738,3.0
8,WCS.hete,clip weights at 3,0.07396449704142012,0.7864321608040201,338,0.796,0.3575,0.7090168378606738,3.0
8,WCS.homo,clip weights at 3,0.0744047619047619,0.7814070351758794,336,0.796,0.3575,0.7090168378606738,3.0
8,WCS.dtm,clip weights at 3,0.0,0.0,0,0.796,0.3575,0.7090168378606738,3.0
9,WBH,oracle weights,0.06976744186046512,0.8080808080808081,344,0.792,0.36,0.9402613267990964,18.783493572655782
9,WCS.hete,oracle weights,0.08029197080291971,0.3181818181818182,137,0.792,0.36,0.9402613267990964,18.783493572655782
9,WCS.homo,oracle weights,0.07428571428571429,0.8181818181818182,350,0.792,0.36,0.9402613267990964,18.783493572655782
9,WCS.dtm,oracle weights,0.0,0.0,0,0.792,0.36,0.9402613267990964,18.783493572655782
9,WBH,ignore shift,0.125,0.9545454545454546,432,0.792,0.36,1.0,1.0
9,WCS.hete,ignore shift,0.125,0.9545454545454546,432,0.792,0.36,1.0,1.0
9,WCS.homo,ignore shift,0.12471131639722864,0.9570707070707071,433,0.792,0.36,1.0,1.0
9,WCS.dtm,ignore shift,0.0,0.0,0,0.792,0.36,1.0,1.0
9,WBH,clip weights at 3,0.04823151125401929,0.7474747474747475,311,0.792,0.36,0.7052264900598988,3.0
9,WCS.hete,clip weights at 3,0.050156739811912224,0.7651515151515151,319,0.792,0.36,0.7052264900598988,3.0
9,WCS.homo,clip weights at 3,0.050156739811912224,0.7651515151515151,319,0.792,0.36,0.7052264900598988,3.0
9,WCS.dtm,clip weights at 3,0.0,0.0,0,0.792,0.36,0.7052264900598988,3.0
10,WBH,oracle weights,0.06529209621993128,0.681704260651629,291,0.798,0.3025,0.8165907237794613,18.407084467562793
10,WCS.hete,oracle weights,0.06711409395973154,0.6967418546365914,298,0.798,0.3025,0.8165907237794613,18.407084467562793
10,WCS.homo,oracle weights,0.06734006734006734,0.6942355889724311,297,0.798,0.3025,0.8165907237794613,18.407084467562793
10,WCS.dtm,oracle weights,0.0,0.0,0,0.798,0.3025,0.8165907237794613,18.407084467562793
10,WBH,ignore shift,0.11194029850746269,0.8947368421052632,402,0.798,0.3025,1.0,1.0
10,WCS.hete,ignore shift,0.11166253101736973,0.8972431077694235,403,0.798,0.3025,1.0,1.0
10,WCS.homo,ignore shift,0.11138613861386139,0.899749373433584,404,0.798,0.3025,1.0,1.0
10,WCS.dtm,ignore shift,0.0,0.0,0,0.798,0.3025,1.0,1.0
10,WBH,clip weights at 3,0.06666666666666667,0.7017543859649122,300,0.798,0.3025,0.6361352151399784,3.0
10,WCS.hete,clip weights at 3,0.06666666666666667,0.7017543859649122,300,0.798,0.3025,0.6361352151399784,3.0
10,WCS.homo,clip weights at 3,0.06418918918918919,0.6942355889724311,296,0.798,0.3025,0.6361352151399784,3.0
10,WCS.dtm,clip weights at 3,0.0,0.0,0,0.798,0.3025,0.6361352151399784,3.0
11,WBH,oracle weights,0.09138381201044386,0.8787878787878788,383,0.792,0.36375,1.0078160136720293,74.46666179543102
11,WCS.hete,oracle weights,0.09210526315789473,0.8712121212121212,380,0.792,0.36375,1.0078160136720293,74.46666179543102
11,WCS.homo,oracle weights,0.09326424870466321,0.8838383838383839,386,0.792,0.36375,1.0078160136720293,74.46666179543102
11,WCS.dtm,oracle weights,0.0,0.0,0,0.792,0.36375,1.0078160136720293,74.46666179543102
11,WBH,ignore shift,0.117096018735363,0.952020202020202,427,0.792,0.36375,1.0,1.0
11,WCS.hete,ignore shift,0.1191588785046729,0.952020202020202,428,0.792,0.36375,1.0,1.0
11,WCS.homo,ignore shift,0.117096018735363,0.952020202020202,427,0.792,0.36375,1.0,1.0
11,WCS.dtm,ignore shift,0.0,0.0,0,0.792,0.36375,1.0,1.0
11,WBH,clip weights at 3,0.07853403141361257,0.8888888888888888,382,0.792,0.36375,0.7037215295576025,3.0
11,WCS.hete,clip weights at 3,0.07853403141361257,0.8888888888888888,382,0.792,0.36375,0.7037215295576025,3.0
11,WCS.homo,clip weights at 3,0.07853403141361257,0.8888888888888888,382,0.792,0.36375,0.7037215295576025,3.0
11,WCS.dtm,clip weights at 3,0.0,0.0,0,0.792,0.36375,0.7037215295576025,3.0
12,WBH,oracle weights,0.11052631578947368,0.8733850129198967,380,0.774,0.34,0.966179025376587,23.772213103606877
12,WCS.hete,oracle weights,0.05263157894736842,0.13953488372093023,57,0.774,0.34,0.966179025376587,23.772213103606877
12,WCS.homo,oracle weights,0.10966057441253264,0.8811369509043928,383,0.774,0.34,0.966179025376587,23.772213103606877
12,WCS.dtm,oracle weights,0.0,0.0,0,0.774,0.34,0.966179025376587,23.772213103606877
12,WBH,ignore shift,0.1378504672897196,0.9534883720930233,428,0.774,0.34,1.0,1.0
12,WCS.hete,ignore shift,0.14186046511627906,0.9534883720930233,430,0.774,0.34,1.0,1.0
12,WCS.homo,ignore shift,0.1378504672897196,0.9534883720930233,428,0.774,0.34,1.0,1.0
12,WCS.dtm,ignore shift,0.0,0.0,0,0.774,0.34,1.0,1.0
12,WBH,clip weights at 3,0.0945945945945946,0.8656330749354005,370,0.774,0.34,0.6993965929701127,3.0
12,WCS.hete,clip weights at 3,0.0945945945945946,0.8656330749354005,370,0.774,0.34,0.6993965929701127,3.0
12,WCS.homo,clip weights at 3,0.0945945945945946,0.8656330749354005,370,0.774,0.34,0.6993965929701127,3.0
12,WCS.dtm,clip weights at 3,0.0,0.0,0,0.774,0.34,0.6993965929701127,3.0
13,WBH,oracle weights,0.1445221445221445,0.9507772020725389,429,0.772,0.37,1.192184858048322,133.95651502137085
13,WCS.hete,oracle weights,0.1466346153846154,0.9196891191709845,416,0.772,0.37,1.192184858048322,133.95651502137085
13,WCS.homo,oracle weights,0.14553990610328638,0.9430051813471503,426,0.772,0.37,1.192184858048322,133.95651502137085
13,WCS.dtm,oracle weights,0.0,0.0,0,0.772,0.37,1.192184858048322,133.95651502137085
13,WBH,ignore shift,0.14418604651162792,0.9533678756476683,430,0.772,0.37,1.0,1.0
13,WCS.hete,ignore shift,0.14418604651162792,0.9533678756476683,430,0.772,0.37,1.0,1.0
13,WCS.homo,ignore shift,0.14418604651162792,0.9533678756476683,430,0.772,0.37,1.0,1.0
13,WCS.dtm,ignore shift,0.0,0.0,0,0.772,0.37,1.0,1.0
13,WBH,clip weights at 3,0.10773480662983426,0.8367875647668394,362,0.772,0.37,0.72532524094609,3.0
13,WCS.hete,clip weights at 3,0.10743801652892562,0.8393782383419689,363,0.772,0.37,0.72532524094609,3.0
13,WCS.homo,clip weights at 3,0.10743801652892562,0.8393782383419689,363,0.772,0.37,0.72532524094609,3.0
13,WCS.dtm,clip weights at 3,0.0,0.0,0,0.772,0.37,0.72532524094609,3.0
14,WBH,oracle weights,0.13286713286713286,0.9587628865979382,429,0.776,0.37875,0.941546021350485,19.774064931977346
14,WCS.hete,oracle weights,0.1278772378516624,0.8788659793814433,391,0.776,0.37875,0.941546021350485,19.774064931977346
14,WCS.homo,oracle weights,0.0,0.0,0,0.776,0.37875,0.941546021350485,19.774064931977346
14,WCS.dtm,oracle weights,0.0,0.0,0,0.776,0.37875,0.941546021350485,19.774064931977346
14,WBH,ignore shift,0.15401785714285715,0.9768041237113402,448,0.776,0.37875,1.0,1.0
14,WCS.hete,ignore shift,0.15401785714285715,0.9768041237113402,448,0.776,0.37875,1.0,1.0
14,WCS.homo,ignore shift,0.15401785714285715,0.9768041237113402,448,0.776,0.37875,1.0,1.0
14,WCS.dtm,ignore shift,0.0,0.0,0,0.776,0.37875,1.0,1.0
14,WBH,clip weights at 3,0.10182767624020887,0.8865979381443299,383,0.776,0.37875,0.6996816451879492,3.0
14,WCS.hete,clip weights at 3,0.10443864229765012,0.884020618556701,383,0.776,0.37875,0.6996816451879492,3.0
14,WCS.homo,clip weights at 3,0.1038961038961039,0.8891752577319587,385,0.776,0.37875,0.6996816451879492,3.0
14,WCS.dtm,clip weights at 3,0.0,0.0,0,0.776,0.37875,0.6996816451879492,3.0
15,WBH,oracle weights,0.05714285714285714,0.7406483790523691,315,0.802,0.35625,0.9009479833532117,16.908743653189884
15,WCS.hete,oracle weights,0.04482758620689655,0.6907730673316709,290,0.802,0.35625,0.9009479833532117,16.908743653189884
15,WCS.homo,oracle weights,0.05642633228840126,0.7506234413965087,319,0.802,0.35625,0.9009479833532117,16.908743653189884
15,WCS.dtm,oracle weights,0.0,0.0,0,0.802,0.35625,0.9009479833532117,16.908743653189884
15,WBH,ignore shift,0.12149532710280374,0.9376558603491272,428,0.802,0.35625,1.0,1.0
15,WCS.hete,ignore shift,0.12149532710280374,0.9376558603491272,428,0.802,0.35625,1.0,1.0
15,WCS.homo,ignore shift,0.12149532710280374,0.9376558603491272,428,0.802,0.35625,1.0,1.0
15,WCS.dtm,ignore shift,0.0,0.0,0,0.802,0.35625,1.0,1.0
15,WBH,clip weights at 3,0.05572755417956656,0.7605985037406484,323,0.802,0.35625,0.7248505312547091,3.0
15,WCS.hete,clip weights at 3,0.05572755417956656,0.7605985037406484,323,0.802,0.35625,0.7248505312547091,3.0
15,WCS.homo,clip weights at 3,0.055900621118012424,0.7581047381546134,322,0.802,0.35625,0.7248505312547091,3.0
15,WCS.dtm,clip weights at 3,0.0,0.0,0,0.802,0.35625,0.7248505312547091,3.0
16,WBH,oracle weights,0.11796246648793565,0.8867924528301887,373,0.742,0.3525,0.9071923712038193,41.11195983607872
16,WCS.hete,oracle weights,0.12171052631578948,0.7196765498652291,304,0.742,0.3525,0.9071923712038193,41.11195983607872
16,WCS.homo,oracle weights,0.12,0.889487870619946,375,0.742,0.3525,0.9071923712038193,41.11195983607872
16,WCS.dtm,oracle weights,0.0,0.0,0,0.742,0.3525,0.9071923712038193,41.11195983607872
16,WBH,ignore shift,0.17249417249417248,0.9568733153638814,429,0.742,0.3525,1.0,1.0
16,WCS.hete,ignore shift,0.17249417249417248,0.9568733153638814,429,0.742,0.3525,1.0,1.0
16,WCS.homo,ignore shift,0.17249417249417248,0.9568733153638814,429,0.742,0.3525,1.0,1.0
16,WCS.dtm,ignore shift,0.0,0.0,0,0.742,0.3525,1.0,1.0
16,WBH,clip weights at 3,0.09631728045325778,0.8598382749326146,353,0.742,0.3525,0.6450651591500386,3.0
16,WCS.hete,clip weights at 3,0.096045197740113,0.862533692722372,354,0.742,0.3525,0.6450651591500386,3.0
16,WCS.homo,clip weights at 3,0.09577464788732394,0.8652291105121294,355,0.742,0.3525,0.6450651591500386,3.0
16,WCS.dtm,clip weights at 3,0.0,0.0,0,0.742,0.3525,0.6450651591500386,3.0
17,WBH,oracle weights,0.09455587392550144,0.8359788359788359,349,0.756,0.3475,0.9695936605367987,57.79819600582734
17,WCS.hete,oracle weights,0.09666666666666666,0.716931216931217,300,0.756,0.3475,0.9695936605367987,57.79819600582734
17,WCS.homo,oracle weights,0.09577464788732394,0.8492063492063492,355,0.756,0.3475,0.9695936605367987,57.79819600582734
17,WCS.dtm,oracle weights,0.0,0.0,0,0.756,0.3475,0.9695936605367987,57.79819600582734
17,WBH,ignore shift,0.1632183908045977,0.9629629629629629,435,0.756,0.3475,1.0,1.0
17,WCS.hete,ignore shift,0.1632183908045977,0.9629629629629629,435,0.756,0.3475,1.0,1.0
17,WCS.homo,ignore shift,0.1632183908045977,0.9629629629629629,435,0.756,0.3475,1.0,1.0
17,WCS.dtm,ignore shift,0.0,0.0,0,0.756,0.3475,1.0,1.0
17,WBH,clip weights at 3,0.07917888563049853,0.8306878306878307,341,0.756,0.3475,0.6683087879666613,3.0
17,WCS.hete,clip weights at 3,0.07917888563049853,0.8306878306878307,341,0.756,0.3475,0.6683087879666613,3.0
17,WCS.homo,clip weights at 3,0.07917888563049853,0.8306878306878307,341,0.756,0.3475,0.6683087879666613,3.0
17,WCS.dtm,clip weights at 3,0.0,0.0,0,0.756,0.3475,0.6683087879666613,3.0
18,WBH,oracle weights,0.14824120603015076,0.904,398,0.75,0.34875,1.013690356539004,30.36038021478406
18,WCS.hete,oracle weights,0.14720812182741116,0.896,394,0.75,0.34875,1.013690356539004,30.36038021478406
18,WCS.homo,oracle weights,0.0,0.0,0,0.75,0.34875,1.013690356539004,30.36038021478406
18,WCS.dtm,oracle weights,0.0,0.0,0,0.75,0.34875,1.013690356539004,30.36038021478406
18,WBH,ignore shift,0.16666666666666666,0.9466666666666667,426,0.75,0.34875,1.0,1.0
18,WCS.hete,ignore shift,0.16666666666666666,0.9466666666666667,426,0.75,0.34875,1.0,1.0
18,WCS.homo,ignore shift,0.16666666666666666,0.9466666666666667,426,0.75,0.34875,1.0,1.0
18,WCS.dtm,ignore shift,0.0,0.0,0,0.75,0.34875,1.0,1.0
18,WBH,clip weights at 3,0.11965811965811966,0.824,351,0.75,0.34875,0.6820322296986626,3.0
18,WCS.hete,clip weights at 3,0.12394366197183099,0.8293333333333334,355,0.75,0.34875,0.6820322296986626,3.0
18,WCS.homo,clip weights at 3,0.12112676056338029,0.832,355,0.75,0.34875,0.6820322296986626,3.0
18,WCS.dtm,clip weights at 3,0.0,0.0,0,0.75,0.34875,0.6820322296986626,3.0
19,WBH,oracle weights,0.10249307479224377,0.84375,361,0.768,0.30875,0.8892552206407456,34.25546575239536
19,WCS.hete,oracle weights,0.08771929824561403,0.13541666666666666,57,0.768,0.30875,0.8892552206407456,34.25546575239536
19,WCS.homo,oracle weights,0.0,0.0,0,0.768,0.30875,0.8892552206407456,34.25546575239536
19,WCS.dtm,oracle weights,0.0,0.0,0,0.768,0.30875,0.8892552206407456,34.25546575239536
19,WBH,ignore shift,0.15207373271889402,0.9583333333333334,434,0.768,0.30875,1.0,1.0
19,WCS.hete,ignore shift,0.15242494226327943,0.9557291666666666,433,0.768,0.30875,1.0,1.0
19,WCS.homo,ignore shift,0.15242494226327943,0.9557291666666666,433,0.768,0.30875,1.0,1.0
19,WCS.dtm,ignore shift,0.0,0.0,0,0.768,0.30875,1.0,1.0
19,WBH,clip weights at 3,0.0947075208913649,0.8463541666666666,359,0.768,0.30875,0.6590386023309223,3.0
19,WCS.hete,clip weights at 3,0.09444444444444444,0.8489583333333334,360,0.768,0.30875,0.6590386023309223,3.0
19,WCS.homo,clip weights at 3,0.09444444444444444,0.8489583333333334,360,0.768,0.30875,0.6590386023309223,3.0
19,WCS.dtm,clip weights at 3,0.0,0.0,0,0.768,0.30875,0.6590386023309223,3.0
20,WBH,oracle weights,0.07570977917981073,0.7710526315789473,317,0.76,0.34375,0.8835193356720368,24.14262527746519
20,WCS.hete,oracle weights,0.07920792079207921,0.7342105263157894,303,0.76,0.34375,0.8835193356720368,24.14262527746519
20,WCS.homo,oracle weights,0.07523510971786834,0.7763157894736842,319,0.76,0.34375,0.8835193356720368,24.14262527746519
20,WCS.dtm,oracle weights,0.0,0.0,0,0.76,0.34375,0.8835193356720368,24.14262527746519
20,WBH,ignore shift,0.13054187192118227,0.9289473684210526,406,0.76,0.34375,1.0,1.0
20,WCS.hete,ignore shift,0.13054187192118227,0.9289473684210526,406,0.76,0.34375,1.0,1.0
20,WCS.homo,ignore shift,0.13054187192118227,0.9289473684210526,406,0.76,0.34375,1.0,1.0
20,WCS.dtm,ignore shift,0.0,0.0,0,0.76,0.34375,1.0,1.0
20,WBH,clip weights at 3,0.06872852233676977,0.7131578947368421,291,0.76,0.34375,0.6594407506139807,3.0
20,WCS.hete,clip weights at 3,0.0684931506849315,0.7157894736842105,292,0.76,0.34375,0.6594407506139807,3.0
20,WCS.homo,clip weights at 3,0.0684931506849315,0.7157894736842105,292,0.76,0.34375,0.6594407506139807,3.0
20,WCS.dtm,clip weights at 3,0.0,0.0,0,0.76,0.34375,0.6594407506139807,3.0
21,WBH,oracle weights,0.11052631578947368,0.8733850129198967,380,0.774,0.36375,0.9917990565913322,37.473488178673755
21,WCS.hete,oracle weights,0.1126005361930295,0.8552971576227391,373,0.774,0.36375,0.9917990565913322,37.473488178673755
21,WCS.homo,oracle weights,0.11052631578947368,0.8733850129198967,380,0.774,0.36375,0.9917990565913322,37.473488178673755
21,WCS.dtm,oracle weights,0.0,0.0,0,0.774,0.36375,0.9917990565913322,37.473488178673755
21,WBH,ignore shift,0.13075060532687652,0.9276485788113695,413,0.774,0.36375,1.0,1.0
21,WCS.hete,ignore shift,0.13075060532687652,0.9276485788113695,413,0.774,0.36375,1.0,1.0
21,WCS.homo,ignore shift,0.13075060532687652,0.9276485788113695,413,0.774,0.36375,1.0,1.0
21,WCS.dtm,ignore shift,0.0,0.0,0,0.774,0.36375,1.0,1.0
21,WBH,clip weights at 3,0.09195402298850575,0.8165374677002584,348,0.774,0.36375,0.7135019880491485,3.0
21,WCS.hete,clip weights at 3,0.09221902017291066,0.813953488372093,347,0.774,0.36375,0.7135019880491485,3.0
21,WCS.homo,clip weights at 3,0.09195402298850575,0.8165374677002584,348,0.774,0.36375,0.7135019880491485,3.0
21,WCS.dtm,clip weights at 3,0.0,0.0,0,0.774,0.36375,0.7135019880491485,3.0
22,WBH,oracle weights,0.1172069825436409,0.9147286821705426,401,0.774,0.35375,0.993322440664227,53.87255393126396
22,WCS.hete,oracle weights,0.11691542288557213,0.917312661498708,402,0.774,0.35375,0.993322440664227,53.87255393126396
22,WCS.homo,oracle weights,0.1172069825436409,0.9147286821705426,401,0.774,0.35375,0.993322440664227,53.87255393126396
22,WCS.dtm,oracle weights,0.0,0.0,0,0.774,0.35375,0.993322440664227,53.87255393126396
22,WBH,ignore shift,0.1451990632318501,0.9431524547803618,427,0.774,0.35375,1.0,1.0
22,WCS.hete,ignore shift,0.1451990632318501,0.9431524547803618,427,0.774,0.35375,1.0,1.0
22,WCS.homo,ignore shift,0.1451990632318501,0.9431524547803618,427,0.774,0.35375,1.0,1.0
22,WCS.dtm,ignore shift,0.0,0.0,0,0.774,0.35375,1.0,1.0
22,WBH,clip weights at 3,0.0918918918918919,0.8682170542635659,370,0.774,0.35375,0.7062168869063352,3.0
22,WCS.hete,clip weights at 3,0.0918918918918919,0.8682170542635659,370,0.774,0.35375,0.7062168869063352,3.0
22,WCS.homo,clip weights at 3,0.0918918918918919,0.8682170542635659,370,0.774,0.35375,0.7062168869063352,3.0
22,WCS.dtm,clip weights at 3,0.0,0.0,0,0.774,0.35375,0.7062168869063352,3.0
23,WBH,oracle weights,0.10512129380053908,0.8668407310704961,371,0.766,0.335,0.9833377548746634,39.96036964244869
23,WCS.hete,oracle weights,0.10985915492957747,0.825065274151436,355,0.766,0.335,0.9833377548746634,39.96036964244869
23,WCS.homo,oracle weights,0.10597826086956522,0.8590078328981723,368,0.766,0.335,0.9833377548746634,39.96036964244869
23,WCS.dtm,oracle weights,0.0,0.0,0,0.766,0.335,0.9833377548746634,39.96036964244869
23,WBH,ignore shift,0.1225,0.9164490861618799,400,0.766,0.335,1.0,1.0
23,WCS.hete,ignore shift,0.12468827930174564,0.9164490861618799,401,0.766,0.335,1.0,1.0
23,WCS.homo,ignore shift,0.1225,0.9164490861618799,400,0.766,0.335,1.0,1.0
23,WCS.dtm,ignore shift,0.0,0.0,0,0.766,0.335,1.0,1.0
23,WBH,clip weights at 3,0.08498583569405099,0.8433420365535248,353,0.766,0.335,0.7079510883008324,3.0
23,WCS.hete,clip weights at 3,0.09014084507042254,0.8433420365535248,355,0.766,0.335,0.7079510883008324,3.0
23,WCS.homo,clip weights at 3,0.08450704225352113,0.8485639686684073,355,0.766,0.335,0.7079510883008324,3.0
23,WCS.dtm,clip weights at 3,0.0,0.0,0,0.766,0.335,0.7079510883008324,3.0
24,WBH,oracle weights,0.08854166666666667,0.8860759493670886,384,0.79,0.335,0.9173262705769522,21.70606461073246
24,WCS.hete,oracle weights,0.09042553191489362,0.8658227848101265,376,0.79,0.335,0.9173262705769522,21.70606461073246
24,WCS.homo,oracle weights,0.09067357512953368,0.8886075949367088,386,0.79,0.335,0.9173262705769522,21.70606461073246
24,WCS.dtm,oracle weights,0.0,0.0,0,0.79,0.335,0.9173262705769522,21.70606461073246
24,WBH,ignore shift,0.11737089201877934,0.9518987341772152,426,0.79,0.335,1.0,1.0
24,WCS.hete,ignore shift,0.11737089201877934,0.9518987341772152,426,0.79,0.335,1.0,1.0
24,WCS.homo,ignore shift,0.11737089201877934,0.9518987341772152,426,0.79,0.335,1.0,1.0
24,WCS.dtm,ignore shift,0.0,0.0,0,0.79,0.335,1.0,1.0
24,WBH,clip weights at 3,0.06906077348066299,0.8531645569620253,362,0.79,0.335,0.7058275516834165,3.0
24,WCS.hete,clip weights at 3,0.06906077348066299,0.8531645569620253,362,0.79,0.335,0.7058275516834165,3.0
24,WCS.homo,clip weights at 3,0.06906077348066299,0.8531645569620253,362,0.79,0.335,0.7058275516834165,3.0
24,WCS.dtm,clip weights at 3,0.0,0.0,0,0.79,0.335,0.7058275516834165,3.0
25,WBH,oracle weights,0.11029411764705882,0.9007444168734491,408,0.806,0.36875,1.0296087358869925,50.9087478754742
25,WCS.hete,oracle weights,0.11029411764705882,0.9007444168734491,408,0.806,0.36875,1.0296087358869925,50.9087478754742
25,WCS.homo,oracle weights,0.10948905109489052,0.9081885856079405,411,0.806,0.36875,1.0296087358869925,50.9087478754742
25,WCS.dtm,oracle weights,0.0,0.0,0,0.806,0.36875,1.0296087358869925,50.9087478754742
25,WBH,ignore shift,0.12873563218390804,0.9404466501240695,435,0.806,0.36875,1.0,1.0
25,WCS.hete,ignore shift,0.12471131639722864,0.9404466501240695,433,0.806,0.36875,1.0,1.0
25,WCS.homo,ignore shift,0.12873563218390804,0.9404466501240695,435,0.806,0.36875,1.0,1.0
25,WCS.dtm,ignore shift,0.0,0.0,0,0.806,0.36875,1.0,1.0
25,WBH,clip weights at 3,0.09090909090909091,0.8684863523573201,385,0.806,0.36875,0.7087630483235717,3.0
25,WCS.hete,clip weights at 3,0.09067357512953368,0.8709677419354839,386,0.806,0.36875,0.7087630483235717,3.0
25,WCS.homo,clip weights at 3,0.09090909090909091,0.8684863523573201,385,0.806,0.36875,0.7087630483235717,3.0
25,WCS.dtm,clip weights at 3,0.0,0.0,0,0.806,0.36875,0.7087630483235717,3.0
26,WBH,oracle weights,0.0972972972972973,0.8720626631853786,370,0.766,0.3525,1.021377204199052,34.00318942320796
26,WCS.hete,oracle weights,0.09943181818181818,0.8276762402088773,352,0.766,0.3525,1.021377204199052,34.00318942320796
26,WCS.homo,oracle weights,0.096,0.8851174934725848,375,0.766,0.3525,1.021377204199052,34.00318942320796
26,WCS.dtm,oracle weights,0.0,0.0,0,0.766,0.3525,1.021377204199052,34.00318942320796
26,WBH,ignore shift,0.1405152224824356,0.95822454308094,427,0.766,0.3525,1.0,1.0
26,WCS.hete,ignore shift,0.1405152224824356,0.95822454308094,427,0.766,0.3525,1.0,1.0
26,WCS.homo,ignore shift,0.1405152224824356,0.95822454308094,427,0.766,0.3525,1.0,1.0
26,WCS.dtm,ignore shift,0.0,0.0,0,0.766,0.3525,1.0,1.0
26,WBH,clip weights at 3,0.0659025787965616,0.8511749347258486,349,0.766,0.3525,0.7085962479110016,3.0
26,WCS.hete,clip weights at 3,0.0659025787965616,0.8511749347258486,349,0.766,0.3525,0.7085962479110016,3.0
26,WCS.homo,clip weights at 3,0.0659025787965616,0.8511749347258486,349,0.766,0.3525,0.7085962479110016,3.0
26,WCS.dtm,clip weights at 3,0.0,0.0,0,0.766,0.3525,0.7085962479110016,3.0
27,WBH,oracle weights,0.07329842931937172,0.8719211822660099,382,0.812,0.3675,0.9947825033191134,20.818795004039828
27,WCS.hete,oracle weights,0.07161803713527852,0.8620689655172413,377,0.812,0.3675,0.9947825033191134,20.818795004039828
27,WCS.homo,oracle weights,0.07197943444730077,0.8891625615763546,389,0.812,0.3675,0.9947825033191134,20.818795004039828
27,WCS.dtm,oracle weights,0.0,0.0,0,0.812,0.3675,0.9947825033191134,20.818795004039828
27,WBH,ignore shift,0.0995260663507109,0.9359605911330049,422,0.812,0.3675,1.0,1.0
27,WCS.hete,ignore shift,0.0997624703087886,0.9334975369458128,421,0.812,0.3675,1.0,1.0
27,WCS.homo,ignore shift,0.0995260663507109,0.9359605911330049,422,0.812,0.3675,1.0,1.0
27,WCS.dtm,ignore shift,0.0,0.0,0,0.812,0.3675,1.0,1.0
27,WBH,clip weights at 3,0.06756756756756757,0.8497536945812808,370,0.812,0.3675,0.7359732683093282,3.0
27,WCS.hete,clip weights at 3,0.06756756756756757,0.8497536945812808,370,0.812,0.3675,0.7359732683093282,3.0
27,WCS.homo,clip weights at 3,0.06756756756756757,0.8497536945812808,370,0.812,0.3675,0.7359732683093282,3.0
27,WCS.dtm,clip weights at 3,0.0,0.0,0,0.812,0.3675,0.7359732683093282,3.0
28,WBH,oracle weights,0.11764705882352941,0.9113924050632911,408,0.79,0.33125,0.9646709289065146,79.26771330519156
28,WCS.hete,oracle weights,0.11604938271604938,0.9063291139240506,405,0.79,0.33125,0.9646709289065146,79.26771330519156
28,WCS.homo,oracle weights,0.11735941320293398,0.9139240506329114,409,0.79,0.33125,0.9646709289065146,79.26771330519156
28,WCS.dtm,oracle weights,0.0,0.0,0,0.79,0.33125,0.9646709289065146,79.26771330519156
28,WBH,ignore shift,0.12413793103448276,0.9645569620253165,435,0.79,0.33125,1.0,1.0
28,WCS.hete,ignore shift,0.12413793103448276,0.9645569620253165,435,0.79,0.33125,1.0,1.0
28,WCS.homo,ignore shift,0.12413793103448276,0.9645569620253165,435,0.79,0.33125,1.0,1.0
28,WCS.dtm,ignore shift,0.0,0.0,0,0.79,0.33125,1.0,1.0
28,WBH,clip weights at 3,0.06609195402298851,0.8227848101265823,348,0.79,0.33125,0.6663725472855411,3.0
28,WCS.hete,clip weights at 3,0.07102272727272728,0.8278481012658228,352,0.79,0.33125,0.6663725472855411,3.0
28,WCS.homo,clip weights at 3,0.06779661016949153,0.8354430379746836,354,0.79,0.33125,0.6663725472855411,3.0
28,WCS.dtm,clip weights at 3,0.0,0.0,0,0.79,0.33125,0.6663725472855411,3.0
29,WBH,oracle weights,0.12144702842377261,0.8854166666666666,387,0.768,0.3475,0.9625453189578184,28.468029755043297
29,WCS.hete,oracle weights,0.12238805970149254,0.765625,335,0.768,0.3475,0.9625453189578184,28.468029755043297
29,WCS.homo,oracle weights,0.12176165803108809,0.8828125,386,0.768,0.3475,0.9625453189578184,28.468029755043297
29,WCS.dtm,oracle weights,0.0,0.0,0,0.768,0.3475,0.9625453189578184,28.468029755043297
29,WBH,ignore shift,0.1552511415525114,0.9635416666666666,438,0.768,0.3475,1.0,1.0
29,WCS.hete,ignore shift,0.15560640732265446,0.9609375,437,0.768,0.3475,1.0,1.0
29,WCS.homo,ignore shift,0.15560640732265446,0.9609375,437,0.768,0.3475,1.0,1.0
29,WCS.dtm,ignore shift,0.0,0.0,0,0.768,0.3475,1.0,1.0
29,WBH,clip weights at 3,0.0830860534124629,0.8046875,337,0.768,0.3475,0.681096796947321,3.0
29,WCS.hete,clip weights at 3,0.0830860534124629,0.8046875,337,0.768,0.3475,0.681096796947321,3.0
29,WCS.homo,clip weights at 3,0.08284023668639054,0.8072916666666666,338,0.768,0.3475,0.681096796947321,3.0
29,WCS.dtm,clip weights at 3,0.0,0.0,0,0.768,0.3475,0.681096796947321,3.0
30,WBH,oracle weights,0.0877742946708464,0.7329974811083123,319,0.794,0.33625,0.9849017144755083,39.70720652892246
30,WCS.hete,oracle weights,0.08615384615384615,0.7481108312342569,325,0.794,0.33625,0.9849017144755083,39.70720652892246
30,WCS.homo,oracle weights,0.08615384615384615,0.7481108312342569,325,0.794,0.33625,0.9849017144755083,39.70720652892246
30,WCS.dtm,oracle weights,0.0,0.0,0,0.794,0.33625,0.9849017144755083,39.70720652892246
30,WBH,ignore shift,0.12048192771084337,0.9193954659949622,415,0.794,0.33625,1.0,1.0
30,WCS.hete,ignore shift,0.12048192771084337,0.9193954659949622,415,0.794,0.33625,1.0,1.0
30,WCS.homo,ignore shift,0.12048192771084337,0.9193954659949622,415,0.794,0.33625,1.0,1.0
30,WCS.dtm,ignore shift,0.0,0.0,0,0.794,0.33625,1.0,1.0
30,WBH,clip weights at 3,0.08615384615384615,0.7481108312342569,325,0.794,0.33625,0.7079568195528922,3.0
30,WCS.hete,clip weights at 3,0.08615384615384615,0.7481108312342569,325,0.794,0.33625,0.7079568195528922,3.0
30,WCS.homo,clip weights at 3,0.08615384615384615,0.7481108312342569,325,0.794,0.33625,0.7079568195528922,3.0
30,WCS.dtm,clip weights at 3,0.0,0.0,0,0.794,0.33625,0.7079568195528922,3.0
31,WBH,oracle weights,0.13989637305699482,0.9046321525885559,386,0.734,0.36375,1.0726242540381619,65.99352012494205
31,WCS.hete,oracle weights,0.1408839779005525,0.8474114441416893,362,0.734,0.36375,1.0726242540381619,65.99352012494205
31,WCS.homo,oracle weights,0.14138817480719795,0.9100817438692098,389,0.734,0.36375,1.0726242540381619,65.99352012494205
31,WCS.dtm,oracle weights,0.0,0.0,0,0.734,0.36375,1.0726242540381619,65.99352012494205
31,WBH,ignore shift,0.14814814814814814,0.9400544959128065,405,0.734,0.36375,1.0,1.0
31,WCS.hete,ignore shift,0.14814814814814814,0.9400544959128065,405,0.734,0.36375,1.0,1.0
31,WCS.homo,ignore shift,0.14814814814814814,0.9400544959128065,405,0.734,0.36375,1.0,1.0
31,WCS.dtm,ignore shift,0.0,0.0,0,0.734,0.36375,1.0,1.0
31,WBH,clip weights at 3,0.11403508771929824,0.8256130790190735,342,0.734,0.36375,0.7493694227779051,3.0
31,WCS.hete,clip weights at 3,0.11403508771929824,0.8256130790190735,342,0.734,0.36375,0.7493694227779051,3.0
31,WCS.homo,clip weights at 3,0.11370262390670553,0.8283378746594006,343,0.734,0.36375,0.7493694227779051,3.0
31,WCS.dtm,clip weights at 3,0.0,0.0,0,0.734,0.36375,0.7493694227779051,3.0
32,WBH,oracle weights,0.04887218045112782,0.6693121693121693,266,0.756,0.34875,1.0612029599740274,43.83522221527938
32,WCS.hete,oracle weights,0.04854368932038835,0.5185185185185185,206,0.756,0.34875,1.0612029599740274,43.83522221527938
32,WCS.homo,oracle weights,0.04961832061068702,0.6587301587301587,262,0.756,0.34875,1.0612029599740274,43.83522221527938
32,WCS.dtm,oracle weights,0.0,0.0,0,0.756,0.34875,1.0612029599740274,43.83522221527938
32,WBH,ignore shift,0.13975903614457832,0.9444444444444444,415,0.756,0.34875,1.0,1.0
32,WCS.hete,ignore shift,0.13975903614457832,0.9444444444444444,415,0.756,0.34875,1.0,1.0
32,WCS.homo,ignore shift,0.13975903614457832,0.9444444444444444,415,0.756,0.34875,1.0,1.0
32,WCS.dtm,ignore shift,0.0,0.0,0,0.756,0.34875,1.0,1.0
32,WBH,clip weights at 3,0.04868913857677903,0.671957671957672,267,0.756,0.34875,0.7231427562583793,3.0
32,WCS.hete,clip weights at 3,0.048507462686567165,0.6746031746031746,268,0.756,0.34875,0.7231427562583793,3.0
32,WCS.homo,clip weights at 3,0.04868913857677903,0.671957671957672,267,0.756,0.34875,0.7231427562583793,3.0
32,WCS.dtm,clip weights at 3,0.0,0.0,0,0.756,0.34875,0.7231427562583793,3.0
33,WBH,oracle weights,0.05952380952380952,0.7939698492462312,336,0.796,0.3575,0.9012893714182044,30.198991379778256
33,WCS.hete,oracle weights,0.0673758865248227,0.6608040201005025,282,0.796,0.3575,0.9012893714182044,30.198991379778256
33,WCS.homo,oracle weights,0.0621301775147929,0.7964824120603015,338,0.796,0.3575,0.9012893714182044,30.198991379778256
33,WCS.dtm,oracle weights,0.0,0.0,0,0.796,0.3575,0.9012893714182044,30.198991379778256
33,WBH,ignore shift,0.1076555023923445,0.9371859296482412,418,0.796,0.3575,1.0,1.0
33,WCS.hete,ignore shift,0.1076555023923445,0.9371859296482412,418,0.796,0.3575,1.0,1.0
33,WCS.homo,ignore shift,0.1076555023923445,0.9371859296482412,418,0.796,0.3575,1.0,1.0
33,WCS.dtm,ignore shift,0.0,0.0,0,0.796,0.3575,1.0,1.0
33,WBH,clip weights at 3,0.053125,0.7613065326633166,320,0.796,0.3575,0.7131394640141082,3.0
33,WCS.hete,clip weights at 3,0.053125,0.7613065326633166,320,0.796,0.3575,0.7131394640141082,3.0
33,WCS.homo,clip weights at 3,0.05345911949685535,0.7562814070351759,318,0.796,0.3575,0.7131394640141082,3.0
33,WCS.dtm,clip weights at 3,0.0,0.0,0,0.796,0.3575,0.7131394640141082,3.0
34,WBH,oracle weights,0.057803468208092484,0.815,346,0.8,0.32625,0.7578076183434369,22.576228401521337
34,WCS.hete,oracle weights,0.03076923076923077,0.315,130,0.8,0.32625,0.7578076183434369,22.576228401521337
34,WCS.homo,oracle weights,0.05747126436781609,0.82,348,0.8,0.32625,0.7578076183434369,22.576228401521337
34,WCS.dtm,oracle weights,0.0,0.0,0,0.8,0.32625,0.7578076183434369,22.576228401521337
34,WBH,ignore shift,0.10722610722610723,0.9575,429,0.8,0.32625,1.0,1.0
34,WCS.hete,ignore shift,0.10722610722610723,0.9575,429,0.8,0.32625,1.0,1.0
34,WCS.homo,ignore shift,0.10722610722610723,0.9575,429,0.8,0.32625,1.0,1.0
34,WCS.dtm,ignore shift,0.0,0.0,0,0.8,0.32625,1.0,1.0
34,WBH,clip weights at 3,0.05714285714285714,0.825,350,0.8,0.32625,0.627540115002639,3.0
34,WCS.hete,clip weights at 3,0.05714285714285714,0.825,350,0.8,0.32625,0.627540115002639,3.0
34,WCS.homo,clip weights at 3,0.05714285714285714,0.825,350,0.8,0.32625,0.627540115002639,3.0
34,WCS.dtm,clip weights at 3,0.0,0.0,0,0.8,0.32625,0.627540115002639,3.0
35,WBH,oracle weights,0.11140583554376658,0.8701298701298701,377,0.77,0.37,0.9619295446698891,44.19503829283627
35,WCS.hete,oracle weights,0.11538461538461539,0.8363636363636363,364,0.77,0.37,0.9619295446698891,44.19503829283627
35,WCS.homo,oracle weights,0.1111111111111111,0.8727272727272727,378,0.77,0.37,0.9619295446698891,44.19503829283627
35,WCS.dtm,oracle weights,0.0,0.0,0,0.77,0.37,0.9619295446698891,44.19503829283627
35,WBH,ignore shift,0.1445221445221445,0.9532467532467532,429,0.77,0.37,1.0,1.0
35,WCS.hete,ignore shift,0.1445221445221445,0.9532467532467532,429,0.77,0.37,1.0,1.0
35,WCS.homo,ignore shift,0.1445221445221445,0.9532467532467532,429,0.77,0.37,1.0,1.0
35,WCS.dtm,ignore shift,0.0,0.0,0,0.77,0.37,1.0,1.0
35,WBH,clip weights at 3,0.11081794195250659,0.8753246753246753,379,0.77,0.37,0.7220346254900261,3.0
35,WCS.hete,clip weights at 3,0.1111111111111111,0.8727272727272727,378,0.77,0.37,0.7220346254900261,3.0
35,WCS.homo,clip weights at 3,0.11081794195250659,0.8753246753246753,379,0.77,0.37,0.7220346254900261,3.0
35,WCS.dtm,clip weights at 3,0.0,0.0,0,0.77,0.37,0.7220346254900261,3.0
36,WBH,oracle weights,0.06031746031746032,0.7708333333333334,315,0.768,0.36,0.8490943626080626,31.0227743807967
36,WCS.hete,oracle weights,0.05181347150259067,0.4765625,193,0.768,0.36,0.8490943626080626,31.0227743807967
36,WCS.homo,oracle weights,0.06070287539936102,0.765625,313,0.768,0.36,0.8490943626080626,31.0227743807967
36,WCS.dtm,oracle weights,0.0,0.0,0,0.768,0.36,0.8490943626080626,31.0227743807967
36,WBH,ignore shift,0.13381995133819952,0.9270833333333334,411,0.768,0.36,1.0,1.0
36,WCS.hete,ignore shift,0.13381995133819952,0.9270833333333334,411,0.768,0.36,1.0,1.0
36,WCS.homo,ignore shift,0.13381995133819952,0.9270833333333334,411,0.768,0.36,1.0,1.0
36,WCS.dtm,ignore shift,0.0,0.0,0,0.768,0.36,1.0,1.0
36,WBH,clip weights at 3,0.05993690851735016,0.7760416666666666,317,0.768,0.36,0.6836089157882316,3.0
36,WCS.hete,clip weights at 3,0.05993690851735016,0.7760416666666666,317,0.768,0.36,0.6836089157882316,3.0
36,WCS.homo,clip weights at 3,0.05993690851735016,0.7760416666666666,317,0.768,0.36,0.6836089157882316,3.0
36,WCS.dtm,clip weights at 3,0.0,0.0,0,0.768,0.36,0.6836089157882316,3.0
37,WBH,oracle weights,0.10846560846560846,0.8730569948186528,378,0.772,0.345,0.8704098565169036,26.604232578922698
37,WCS.hete,oracle weights,0.10975609756097561,0.7564766839378239,328,0.772,0.345,0.8704098565169036,26.604232578922698
37,WCS.homo,oracle weights,0.10610079575596817,0.8730569948186528,377,0.772,0.345,0.8704098565169036,26.604232578922698
37,WCS.dtm,oracle weights,0.0,0.0,0,0.772,0.345,0.8704098565169036,26.604232578922698
37,WBH,ignore shift,0.12560386473429952,0.9378238341968912,414,0.772,0.345,1.0,1.0
37,WCS.hete,ignore shift,0.12560386473429952,0.9378238341968912,414,0.772,0.345,1.0,1.0
37,WCS.homo,ignore shift,0.12560386473429952,0.9378238341968912,414,0.772,0.345,1.0,1.0
37,WCS.dtm,ignore shift,0.0,0.0,0,0.772,0.345,1.0,1.0
37,WBH,clip weights at 3,0.10354223433242507,0.8523316062176166,367,0.772,0.345,0.6633818343560701,3.0
37,WCS.hete,clip weights at 3,0.10354223433242507,0.8523316062176166,367,0.772,0.345,0.6633818343560701,3.0
37,WCS.homo,clip weights at 3,0.10354223433242507,0.8523316062176166,367,0.772,0.345,0.6633818343560701,3.0
37,WCS.dtm,clip weights at 3,0.0,0.0,0,0.772,0.345,0.6633818343560701,3.0
38,WBH,oracle weights,0.11021505376344086,0.8575129533678757,372,0.772,0.34625,0.8595311016763464,20.422193993826134
38,WCS.hete,oracle weights,0.12014134275618374,0.6450777202072538,283,0.772,0.34625,0.8595311016763464,20.422193993826134
38,WCS.homo,oracle weights,0.1111111111111111,0.8704663212435233,378,0.772,0.34625,0.8595311016763464,20.422193993826134
38,WCS.dtm,oracle weights,0.0,0.0,0,0.772,0.34625,0.8595311016763464,20.422193993826134
38,WBH,ignore shift,0.1542056074766355,0.9378238341968912,428,0.772,0.34625,1.0,1.0
38,WCS.hete,ignore shift,0.15058823529411763,0.9352331606217616,425,0.772,0.34625,1.0,1.0
38,WCS.homo,ignore shift,0.15058823529411763,0.9352331606217616,425,0.772,0.34625,1.0,1.0
38,WCS.dtm,ignore shift,0.0,0.0,0,0.772,0.34625,1.0,1.0
38,WBH,clip weights at 3,0.09348441926345609,0.8290155440414507,353,0.772,0.34625,0.6714654191824212,3.0
38,WCS.hete,clip weights at 3,0.09577464788732394,0.8316062176165803,355,0.772,0.34625,0.6714654191824212,3.0
38,WCS.homo,clip weights at 3,0.09322033898305085,0.8316062176165803,354,0.772,0.34625,0.6714654191824212,3.0
38,WCS.dtm,clip weights at 3,0.0,0.0,0,0.772,0.34625,0.6714654191824212,3.0
39,WBH,oracle weights,0.06865671641791045,0.7741935483870968,335,0.806,0.3375,0.9869545243764768,23.104028731842966
39,WCS.hete,oracle weights,0.08024691358024691,0.369727047146402,162,0.806,0.3375,0.9869545243764768,23.104028731842966
39,WCS.homo,oracle weights,0.06906906906906907,0.7692307692307693,333,0.806,0.3375,0.9869545243764768,23.104028731842966
39,WCS.dtm,oracle weights,0.0,0.0,0,0.806,0.3375,0.9869545243764768,23.104028731842966
39,WBH,ignore shift,0.11084905660377359,0.9354838709677419,424,0.806,0.3375,1.0,1.0
39,WCS.hete,ignore shift,0.11294117647058824,0.9354838709677419,425,0.806,0.3375,1.0,1.0
39,WCS.homo,ignore shift,0.11502347417840375,0.9354838709677419,426,0.806,0.3375,1.0,1.0
39,WCS.dtm,ignore shift,0.0,0.0,0,0.806,0.3375,1.0,1.0
39,WBH,clip weights at 3,0.06784660766961652,0.7841191066997518,339,0.806,0.3375,0.7019753938712521,3.0
39,WCS.hete,clip weights at 3,0.06784660766961652,0.7841191066997518,339,0.806,0.3375,0.7019753938712521,3.0
39,WCS.homo,clip weights at 3,0.06784660766961652,0.7841191066997518,339,0.806,0.3375,0.7019753938712521,3.0
39,WCS.dtm,clip weights at 3,0.0,0.0,0,0.806,0.3375,0.7019753938712521,3.0
40,WBH,oracle weights,0.08015267175572519,0.6443850267379679,262,0.748,0.33125,1.0089185157729705,27.9253656506891
40,WCS.hete,oracle weights,0.06779661016949153,0.4411764705882353,177,0.748,0.33125,1.0089185157729705,27.9253656506891
40,WCS.homo,oracle weights,0.07984790874524715,0.6470588235294118,263,0.748,0.33125,1.0089185157729705,27.9253656506891
40,WCS.dtm,oracle weights,0.0,0.0,0,0.748,0.33125,1.0089185157729705,27.9253656506891
40,WBH,ignore shift,0.11855670103092783,0.9144385026737968,388,0.748,0.33125,1.0,1.0
40,WCS.hete,ignore shift,0.11855670103092783,0.9144385026737968,388,0.748,0.33125,1.0,1.0
40,WCS.homo,ignore shift,0.11855670103092783,0.9144385026737968,388,0.748,0.33125,1.0,1.0
40,WCS.dtm,ignore shift,0.0,0.0,0,0.748,0.33125,1.0,1.0
40,WBH,clip weights at 3,0.07462686567164178,0.6631016042780749,268,0.748,0.33125,0.703361328806324,3.0
40,WCS.hete,clip weights at 3,0.06818181818181818,0.6577540106951871,264,0.748,0.33125,0.703361328806324,3.0
40,WCS.homo,clip weights at 3,0.07335907335907337,0.6417112299465241,259,0.748,0.33125,0.703361328806324,3.0
40,WCS.dtm,clip weights at 3,0.0,0.0,0,0.748,0.33125,0.703361328806324,3.0
41,WBH,oracle weights,0.08253968253968254,0.7645502645502645,315,0.756,0.3375,1.0456826195300084,67.6665901473176
41,WCS.hete,oracle weights,0.07608695652173914,0.6746031746031746,276,0.756,0.3375,1.0456826195300084,67.6665901473176
41,WCS.homo,oracle weights,0.08253968253968254,0.7645502645502645,315,0.756,0.3375,1.0456826195300084,67.6665901473176
41,WCS.dtm,oracle weights,0.0,0.0,0,0.756,0.3375,1.0456826195300084,67.6665901473176
41,WBH,ignore shift,0.14009661835748793,0.9417989417989417,414,0.756,0.3375,1.0,1.0
41,WCS.hete,ignore shift,0.13975903614457832,0.9444444444444444,415,0.756,0.3375,1.0,1.0
41,WCS.homo,ignore shift,0.13975903614457832,0.9444444444444444,415,0.756,0.3375,1.0,1.0
41,WCS.dtm,ignore shift,0.0,0.0,0,0.756,0.3375,1.0,1.0
41,WBH,clip weights at 3,0.059233449477351915,0.7142857142857143,287,0.756,0.3375,0.7192711355768396,3.0
41,WCS.hete,clip weights at 3,0.059233449477351915,0.7142857142857143,287,0.756,0.3375,0.7192711355768396,3.0
41,WCS.homo,clip weights at 3,0.059233449477351915,0.7142857142857143,287,0.756,0.3375,0.7192711355768396,3.0
41,WCS.dtm,clip weights at 3,0.0,0.0,0,0.756,0.3375,0.7192711355768396,3.0
42,WBH,oracle weights,0.0,0.0,0,0.772,0.365,0.9085272052696489,25.68208581916368
42,WCS.hete,oracle weights,0.0,0.0,0,0.772,0.365,0.9085272052696489,25.68208581916368
42,WCS.homo,oracle weights,0.0,0.0,0,0.772,0.365,0.9085272052696489,25.68208581916368
42,WCS.dtm,oracle weights,0.0,0.0,0,0.772,0.365,0.9085272052696489,25.68208581916368
42,WBH,ignore shift,0.13752913752913754,0.9585492227979274,429,0.772,0.365,1.0,1.0
42,WCS.hete,ignore shift,0.13752913752913754,0.9585492227979274,429,0.772,0.365,1.0,1.0
42,WCS.homo,ignore shift,0.13752913752913754,0.9585492227979274,429,0.772,0.365,1.0,1.0
42,WCS.dtm,ignore shift,0.0,0.0,0,0.772,0.365,1.0,1.0
42,WBH,clip weights at 3,0.09722222222222222,0.8419689119170984,360,0.772,0.365,0.670057582263297,3.0
42,WCS.hete,clip weights at 3,0.09722222222222222,0.8419689119170984,360,0.772,0.365,0.670057582263297,3.0
42,WCS.homo,clip weights at 3,0.09722222222222222,0.8419689119170984,360,0.772,0.365,0.670057582263297,3.0
42,WCS.dtm,clip weights at 3,0.0,0.0,0,0.772,0.365,0.670057582263297,3.0
43,WBH,oracle weights,0.08579088471849866,0.8811369509043928,373,0.774,0.3525,1.0121948999047903,36.47882389124108
43,WCS.hete,oracle weights,0.06796116504854369,0.24806201550387597,103,0.774,0.3525,1.0121948999047903,36.47882389124108
43,WCS.homo,oracle weights,0.0862533692722372,0.875968992248062,371,0.774,0.3525,1.0121948999047903,36.47882389124108
43,WCS.dtm,oracle weights,0.0,0.0,0,0.774,0.3525,1.0121948999047903,36.47882389124108
43,WBH,ignore shift,0.12289156626506025,0.9405684754521964,415,0.774,0.3525,1.0,1.0
43,WCS.hete,ignore shift,0.12289156626506025,0.9405684754521964,415,0.774,0.3525,1.0,1.0
43,WCS.homo,ignore shift,0.12289156626506025,0.9405684754521964,415,0.774,0.3525,1.0,1.0
43,WCS.dtm,ignore shift,0.0,0.0,0,0.774,0.3525,1.0,1.0
43,WBH,clip weights at 3,0.06764705882352941,0.8191214470284238,340,0.774,0.3525,0.7028931033008666,3.0
43,WCS.hete,clip weights at 3,0.06997084548104957,0.8242894056847545,343,0.774,0.3525,0.7028931033008666,3.0
43,WCS.homo,clip weights at 3,0.06784660766961652,0.8165374677002584,339,0.774,0.3525,0.7028931033008666,3.0
43,WCS.dtm,clip weights at 3,0.0,0.0,0,0.774,0.3525,0.7028931033008666,3.0
44,WBH,oracle weights,0.1111111111111111,0.8142493638676844,360,0.786,0.3775,1.132530141357492,58.55900111743439
44,WCS.hete,oracle weights,0.09764309764309764,0.6819338422391857,297,0.786,0.3775,1.132530141357492,58.55900111743439
44,WCS.homo,oracle weights,0.11202185792349727,0.8269720101781171,366,0.786,0.3775,1.132530141357492,58.55900111743439
44,WCS.dtm,oracle weights,0.0,0.0,0,0.786,0.3775,1.132530141357492,58.55900111743439
44,WBH,ignore shift,0.1405152224824356,0.9338422391857506,427,0.786,0.3775,1.0,1.0
44,WCS.hete,ignore shift,0.1405152224824356,0.9338422391857506,427,0.786,0.3775,1.0,1.0
44,WCS.homo,ignore shift,0.1405152224824356,0.9338422391857506,427,0.786,0.3775,1.0,1.0
44,WCS.dtm,ignore shift,0.0,0.0,0,0.786,0.3775,1.0,1.0
44,WBH,clip weights at 3,0.06642066420664207,0.6437659033078881,271,0.786,0.3775,0.7831903845304885,3.0
44,WCS.hete,clip weights at 3,0.06273062730627306,0.6463104325699746,271,0.786,0.3775,0.7831903845304885,3.0
44,WCS.homo,clip weights at 3,0.06642066420664207,0.6437659033078881,271,0.786,0.3775,0.7831903845304885,3.0
44,WCS.dtm,clip weights at 3,0.0,0.0,0,0.786,0.3775,0.7831903845304885,3.0
45,WBH,oracle weights,0.1330166270783848,0.9358974358974359,421,0.78,0.355,1.0433638383820587,46.88389479170984
45,WCS.hete,oracle weights,0.13612565445026178,0.8461538461538461,382,0.78,0.355,1.0433638383820587,46.88389479170984
45,WCS.homo,oracle weights,0.13270142180094788,0.9384615384615385,422,0.78,0.355,1.0433638383820587,46.88389479170984
45,WCS.dtm,oracle weights,0.0,0.0,0,0.78,0.355,1.0433638383820587,46.88389479170984
45,WBH,ignore shift,0.15883668903803133,0.9641025641025641,447,0.78,0.355,1.0,1.0
45,WCS.hete,ignore shift,0.15883668903803133,0.9641025641025641,447,0.78,0.355,1.0,1.0
45,WCS.homo,ignore shift,0.15883668903803133,0.9641025641025641,447,0.78,0.355,1.0,1.0
45,WCS.dtm,ignore shift,0.0,0.0,0,0.78,0.355,1.0,1.0
45,WBH,clip weights at 3,0.07670454545454546,0.8333333333333334,352,0.78,0.355,0.7041609434810957,3.0
45,WCS.hete,clip weights at 3,0.07670454545454546,0.8333333333333334,352,0.78,0.355,0.7041609434810957,3.0
45,WCS.homo,clip weights at 3,0.07692307692307693,0.8307692307692308,351,0.78,0.355,0.7041609434810957,3.0
45,WCS.dtm,clip weights at 3,0.0,0.0,0,0.78,0.355,0.7041609434810957,3.0
46,WBH,oracle weights,0.10103626943005181,0.871859296482412,386,0.796,0.36375,0.996090425658856,38.290516850433114
46,WCS.hete,oracle weights,0.09893048128342247,0.8467336683417085,374,0.796,0.36375,0.996090425658856,38.290516850433114
46,WCS.homo,oracle weights,0.10309278350515463,0.8743718592964824,388,0.796,0.36375,0.996090425658856,38.290516850433114
46,WCS.dtm,oracle weights,0.0,0.0,0,0.796,0.36375,0.996090425658856,38.290516850433114
46,WBH,ignore shift,0.14414414414414414,0.9547738693467337,444,0.796,0.36375,1.0,1.0
46,WCS.hete,ignore shift,0.14221218961625282,0.9547738693467337,443,0.796,0.36375,1.0,1.0
46,WCS.homo,ignore shift,0.14221218961625282,0.9547738693467337,443,0.796,0.36375,1.0,1.0
46,WCS.dtm,ignore shift,0.0,0.0,0,0.796,0.36375,1.0,1.0
46,WBH,clip weights at 3,0.0700280112044818,0.8341708542713567,357,0.796,0.36375,0.6737195055521041,3.0
46,WCS.hete,clip weights at 3,0.07042253521126761,0.8291457286432161,355,0.796,0.36375,0.6737195055521041,3.0
46,WCS.homo,clip weights at 3,0.07042253521126761,0.8291457286432161,355,0.796,0.36375,0.6737195055521041,3.0
46,WCS.dtm,clip weights at 3,0.0,0.0,0,0.796,0.36375,0.6737195055521041,3.0
47,WBH,oracle weights,0.054313099041533544,0.7570332480818415,313,0.782,0.3475,0.8102972340185006,20.636751072501774
47,WCS.hete,oracle weights,0.05921052631578947,0.731457800511509,304,0.782,0.3475,0.8102972340185006,20.636751072501774
47,WCS.homo,oracle weights,0.05362776025236593,0.7672634271099744,317,0.782,0.3475,0.8102972340185006,20.636751072501774
47,WCS.dtm,oracle weights,0.0,0.0,0,0.782,0.3475,0.8102972340185006,20.636751072501774
47,WBH,ignore shift,0.12530120481927712,0.928388746803069,415,0.782,0.3475,1.0,1.0
47,WCS.hete,ignore shift,0.12530120481927712,0.928388746803069,415,0.782,0.3475,1.0,1.0
47,WCS.homo,ignore shift,0.12530120481927712,0.928388746803069,415,0.782,0.3475,1.0,1.0
47,WCS.dtm,ignore shift,0.0,0.0,0,0.782,0.3475,1.0,1.0
47,WBH,clip weights at 3,0.05362776025236593,0.7672634271099744,317,0.782,0.3475,0.6508448458088175,3.0
47,WCS.hete,clip weights at 3,0.053125,0.7749360613810742,320,0.782,0.3475,0.6508448458088175,3.0
47,WCS.homo,clip weights at 3,0.053125,0.7749360613810742,320,0.782,0.3475,0.6508448458088175,3.0
47,WCS.dtm,clip weights at 3,0.0,0.0,0,0.782,0.3475,0.6508448458088175,3.0
48,WBH,oracle weights,0.1329923273657289,0.889763779527559,391,0.762,0.3775,1.0303430174329429,42.337910724351
48,WCS.hete,oracle weights,0.1583011583011583,0.5721784776902887,259,0.762,0.3775,1.0303430174329429,42.337910724351
48,WCS.homo,oracle weights,0.1329923273657289,0.889763779527559,391,0.762,0.3775,1.0303430174329429,42.337910724351
48,WCS.dtm,oracle weights,0.0,0.0,0,0.762,0.3775,1.0303430174329429,42.337910724351
48,WBH,ignore shift,0.15402843601895735,0.937007874015748,422,0.762,0.3775,1.0,1.0
48,WCS.hete,ignore shift,0.15201900237529692,0.937007874015748,421,0.762,0.3775,1.0,1.0
48,WCS.homo,ignore shift,0.15201900237529692,0.937007874015748,421,0.762,0.3775,1.0,1.0
48,WCS.dtm,ignore shift,0.0,0.0,0,0.762,0.3775,1.0,1.0
48,WBH,clip weights at 3,0.0668693009118541,0.8057742782152231,329,0.762,0.3775,0.6996973295708727,3.0
48,WCS.hete,clip weights at 3,0.06707317073170732,0.8031496062992126,328,0.762,0.3775,0.6996973295708727,3.0
48,WCS.homo,clip weights at 3,0.06707317073170732,0.8031496062992126,328,0.762,0.3775,0.6996973295708727,3.0
48,WCS.dtm,clip weights at 3,0.0,0.0,0,0.762,0.3775,0.6996973295708727,3.0
49,WBH,oracle weights,0.13451776649746192,0.8857142857142857,394,0.77,0.3875,1.16394690181996,106.6136262340956
49,WCS.hete,oracle weights,0.13231552162849872,0.8857142857142857,393,0.77,0.3875,1.16394690181996,106.6136262340956
49,WCS.homo,oracle weights,0.13486005089058525,0.8831168831168831,393,0.77,0.3875,1.16394690181996,106.6136262340956
49,WCS.dtm,oracle weights,0.0,0.0,0,0.77,0.3875,1.16394690181996,106.6136262340956
49,WBH,ignore shift,0.14719626168224298,0.948051948051948,428,0.77,0.3875,1.0,1.0
49,WCS.hete,ignore shift,0.1431924882629108,0.948051948051948,426,0.77,0.3875,1.0,1.0
49,WCS.homo,ignore shift,0.14352941176470588,0.9454545454545454,425,0.77,0.3875,1.0,1.0
49,WCS.dtm,ignore shift,0.0,0.0,0,0.77,0.3875,1.0,1.0
49,WBH,clip weights at 3,0.10989010989010989,0.8415584415584415,364,0.77,0.3875,0.7830622880312663,3.0
49,WCS.hete,clip weights at 3,0.11263736263736264,0.8389610389610389,364,0.77,0.3875,0.7830622880312663,3.0
49,WCS.homo,clip weights at 3,0.10989010989010989,0.8415584415584415,364,0.77,0.3875,0.7830622880312663,3.0
49,WCS.dtm,clip weights at 3,0.0,0.0,0,0.77,0.3875,0.7830622880312663,3.0
50,WBH,oracle weights,0.1,0.9113924050632911,400,0.79,0.36875,1.0578980015915898,69.39357666298746
50,WCS.hete,oracle weights,0.10614525139664804,0.810126582278481,358,0.79,0.36875,1.0578980015915898,69.39357666298746
50,WCS.homo,oracle weights,0.09925558312655088,0.9189873417721519,403,0.79,0.36875,1.0578980015915898,69.39357666298746
50,WCS.dtm,oracle weights,0.0,0.0,0,0.79,0.36875,1.0578980015915898,69.39357666298746
50,WBH,ignore shift,0.12471131639722864,0.959493670886076,433,0.79,0.36875,1.0,1.0
50,WCS.hete,ignore shift,0.12471131639722864,0.959493670886076,433,0.79,0.36875,1.0,1.0
50,WCS.homo,ignore shift,0.12442396313364056,0.9620253164556962,434,0.79,0.36875,1.0,1.0
50,WCS.dtm,ignore shift,0.0,0.0,0,0.79,0.36875,1.0,1.0
50,WBH,clip weights at 3,0.07336956521739131,0.8632911392405064,368,0.79,0.36875,0.7202498476822601,3.0
50,WCS.hete,clip weights at 3,0.07336956521739131,0.8632911392405064,368,0.79,0.36875,0.7202498476822601,3.0
50,WCS.homo,clip weights at 3,0.07336956521739131,0.8632911392405064,368,0.79,0.36875,0.7202498476822601,3.0
50,WCS.dtm,clip weights at 3,0.0,0.0,0,0.79,0.36875,0.7202498476822601,3.0
51,WBH,oracle weights,0.14285714285714285,0.9289340101522843,427,0.788,0.38125,1.1089867475414195,37.686850751597575
51,WCS.hete,oracle weights,0.13677811550151975,0.7208121827411168,329,0.788,0.38125,1.1089867475414195,37.686850751597575
51,WCS.homo,oracle weights,0.1425233644859813,0.9314720812182741,428,0.788,0.38125,1.1089867475414195,37.686850751597575
51,WCS.dtm,oracle weights,0.0,0.0,0,0.788,0.38125,1.1089867475414195,37.686850751597575
51,WBH,ignore shift,0.14385150812064965,0.9365482233502538,431,0.788,0.38125,1.0,1.0
51,WCS.hete,ignore shift,0.14583333333333334,0.9365482233502538,432,0.788,0.38125,1.0,1.0
51,WCS.homo,ignore shift,0.14385150812064965,0.9365482233502538,431,0.788,0.38125,1.0,1.0
51,WCS.dtm,ignore shift,0.0,0.0,0,0.788,0.38125,1.0,1.0
51,WBH,clip weights at 3,0.12121212121212122,0.883248730964467,396,0.788,0.38125,0.7402613164316963,3.0
51,WCS.hete,clip weights at 3,0.12342569269521411,0.883248730964467,397,0.788,0.38125,0.7402613164316963,3.0
51,WCS.homo,clip weights at 3,0.12121212121212122,0.883248730964467,396,0.788,0.38125,0.7402613164316963,3.0
51,WCS.dtm,clip weights at 3,0.0,0.0,0,0.788,0.38125,0.7402613164316963,3.0
52,WBH,oracle weights,0.10601719197707736,0.8188976377952756,349,0.762,0.35375,0.9397913956827313,22.389900031630063
52,WCS.hete,oracle weights,0.07462686567164178,0.16272965879265092,67,0.762,0.35375,0.9397913956827313,22.389900031630063
52,WCS.homo,oracle weights,0.10541310541310542,0.8241469816272966,351,0.762,0.35375,0.9397913956827313,22.389900031630063
52,WCS.dtm,oracle weights,0.0,0.0,0,0.762,0.35375,0.9397913956827313,22.389900031630063
52,WBH,ignore shift,0.14216867469879518,0.9343832020997376,415,0.762,0.35375,1.0,1.0
52,WCS.hete,ignore shift,0.14216867469879518,0.9343832020997376,415,0.762,0.35375,1.0,1.0
52,WCS.homo,ignore shift,0.14216867469879518,0.9343832020997376,415,0.762,0.35375,1.0,1.0
52,WCS.dtm,ignore shift,0.0,0.0,0,0.762,0.35375,1.0,1.0
52,WBH,clip weights at 3,0.08,0.7847769028871391,325,0.762,0.35375,0.6801434786191143,3.0
52,WCS.hete,clip weights at 3,0.07716049382716049,0.7847769028871391,324,0.762,0.35375,0.6801434786191143,3.0
52,WCS.homo,clip weights at 3,0.07716049382716049,0.7847769028871391,324,0.762,0.35375,0.6801434786191143,3.0
52,WCS.dtm,clip weights at 3,0.0,0.0,0,0.762,0.35375,0.6801434786191143,3.0
53,WBH,oracle weights,0.14087759815242495,0.9393939393939394,433,0.792,0.355,1.1424001624865046,76.51772010040753
53,WCS.hete,oracle weights,0.14420803782505912,0.9141414141414141,423,0.792,0.355,1.1424001624865046,76.51772010040753
53,WCS.homo,oracle weights,0.1412037037037037,0.9368686868686869,432,0.792,0.355,1.1424001624865046,76.51772010040753
53,WCS.dtm,oracle weights,0.0,0.0,0,0.792,0.355,1.1424001624865046,76.51772010040753
53,WBH,ignore shift,0.14022988505747128,0.9444444444444444,435,0.792,0.355,1.0,1.0
53,WCS.hete,ignore shift,0.14022988505747128,0.9444444444444444,435,0.792,0.355,1.0,1.0
53,WCS.homo,ignore shift,0.14055299539170507,0.9419191919191919,434,0.792,0.355,1.0,1.0
53,WCS.dtm,ignore shift,0.0,0.0,0,0.792,0.355,1.0,1.0
53,WBH,clip weights at 3,0.09736842105263158,0.8661616161616161,380,0.792,0.355,0.6857310754718159,3.0
53,WCS.hete,clip weights at 3,0.09736842105263158,0.8661616161616161,380,0.792,0.355,0.6857310754718159,3.0
53,WCS.homo,clip weights at 3,0.09736842105263158,0.8661616161616161,380,0.792,0.355,0.6857310754718159,3.0
53,WCS.dtm,clip weights at 3,0.0,0.0,0,0.792,0.355,0.6857310754718159,3.0
54,WBH,oracle weights,0.14114832535885166,0.922879177377892,418,0.778,0.35875,0.9089570180881558,21.7828648648606
54,WCS.hete,oracle weights,0.1506849315068493,0.7969151670951157,365,0.778,0.35875,0.9089570180881558,21.7828648648606
54,WCS.homo,oracle weights,0.1431980906921241,0.922879177377892,419,0.778,0.35875,0.9089570180881558,21.7828648648606
54,WCS.dtm,oracle weights,0.0,0.0,0,0.778,0.35875,0.9089570180881558,21.7828648648606
54,WBH,ignore shift,0.14479638009049775,0.9717223650385605,442,0.778,0.35875,1.0,1.0
54,WCS.hete,ignore shift,0.14479638009049775,0.9717223650385605,442,0.778,0.35875,1.0,1.0
54,WCS.homo,ignore shift,0.14479638009049775,0.9717223650385605,442,0.778,0.35875,1.0,1.0
54,WCS.dtm,ignore shift,0.0,0.0,0,0.778,0.35875,1.0,1.0
54,WBH,clip weights at 3,0.1175,0.9074550128534704,400,0.778,0.35875,0.6847079197375909,3.0
54,WCS.hete,clip weights at 3,0.1175,0.9074550128534704,400,0.778,0.35875,0.6847079197375909,3.0
54,WCS.homo,clip weights at 3,0.1175,0.9074550128534704,400,0.778,0.35875,0.6847079197375909,3.0
54,WCS.dtm,clip weights at 3,0.0,0.0,0,0.778,0.35875,0.6847079197375909,3.0
55,WBH,oracle weights,0.10804020100502512,0.9056122448979592,398,0.784,0.38,0.976704428747187,54.45470660730956
55,WCS.hete,oracle weights,0.10696517412935323,0.9158163265306123,402,0.784,0.38,0.976704428747187,54.45470660730956
55,WCS.homo,oracle weights,0.10945273631840796,0.9132653061224489,402,0.784,0.38,0.976704428747187,54.45470660730956
55,WCS.dtm,oracle weights,0.0,0.0,0,0.784,0.38,0.976704428747187,54.45470660730956
55,WBH,ignore shift,0.13286713286713286,0.9489795918367347,429,0.784,0.38,1.0,1.0
55,WCS.hete,ignore shift,0.13286713286713286,0.9489795918367347,429,0.784,0.38,1.0,1.0
55,WCS.homo,ignore shift,0.13286713286713286,0.9489795918367347,429,0.784,0.38,1.0,1.0
55,WCS.dtm,ignore shift,0.0,0.0,0,0.784,0.38,1.0,1.0
55,WBH,clip weights at 3,0.0891891891891892,0.8596938775510204,370,0.784,0.38,0.704085001281461,3.0
55,WCS.hete,clip weights at 3,0.0889487870619946,0.8622448979591837,371,0.784,0.38,0.704085001281461,3.0
55,WCS.homo,clip weights at 3,0.08672086720867209,0.8596938775510204,369,0.784,0.38,0.704085001281461,3.0
55,WCS.dtm,clip weights at 3,0.0,0.0,0,0.784,0.38,0.704085001281461,3.0
56,WBH,oracle weights,0.09523809523809523,0.8702290076335878,378,0.786,0.3625,1.0227870244016797,43.605174043479614
56,WCS.hete,oracle weights,0.0995850622406639,0.5521628498727735,241,0.786,0.3625,1.0227870244016797,43.605174043479614
56,WCS.homo,oracle weights,0.10732984293193717,0.8676844783715013,382,0.786,0.3625,1.0227870244016797,43.605174043479614
56,WCS.dtm,oracle weights,0.0,0.0,0,0.786,0.3625,1.0227870244016797,43.605174043479614
56,WBH,ignore shift,0.12590799031476999,0.9185750636132316,413,0.786,0.3625,1.0,1.0
56,WCS.hete,ignore shift,0.12740384615384615,0.9236641221374046,416,0.786,0.3625,1.0,1.0
56,WCS.homo,ignore shift,0.1280193236714976,0.9185750636132316,414,0.786,0.3625,1.0,1.0
56,WCS.dtm,ignore shift,0.0,0.0,0,0.786,0.3625,1.0,1.0
56,WBH,clip weights at 3,0.09239130434782608,0.8498727735368957,368,0.786,0.3625,0.712198449538632,3.0
56,WCS.hete,clip weights at 3,0.09239130434782608,0.8498727735368957,368,0.786,0.3625,0.712198449538632,3.0
56,WCS.homo,clip weights at 3,0.09239130434782608,0.8498727735368957,368,0.786,0.3625,0.712198449538632,3.0
56,WCS.dtm,clip weights at 3,0.0,0.0,0,0.786,0.3625,0.712198449538632,3.0
57,WBH,oracle weights,0.09895833333333333,0.8781725888324873,384,0.788,0.3375,0.8626102998396296,22.68039428568203
57,WCS.hete,oracle weights,0.1,0.8451776649746193,370,0.788,0.3375,0.8626102998396296,22.68039428568203
57,WCS.homo,oracle weights,0.10309278350515463,0.883248730964467,388,0.788,0.3375,0.8626102998396296,22.68039428568203
57,WCS.dtm,oracle weights,0.0,0.0,0,0.788,0.3375,0.8626102998396296,22.68039428568203
57,WBH,ignore shift,0.12383177570093458,0.9517766497461929,428,0.788,0.3375,1.0,1.0
57,WCS.hete,ignore shift,0.12354312354312354,0.9543147208121827,429,0.788,0.3375,1.0,1.0
57,WCS.homo,ignore shift,0.12354312354312354,0.9543147208121827,429,0.788,0.3375,1.0,1.0
57,WCS.dtm,ignore shift,0.0,0.0,0,0.788,0.3375,1.0,1.0
57,WBH,clip weights at 3,0.09473684210526316,0.8730964467005076,380,0.788,0.3375,0.6728104660897469,3.0
57,WCS.hete,clip weights at 3,0.09259259259259259,0.8705583756345178,378,0.788,0.3375,0.6728104660897469,3.0
57,WCS.homo,clip weights at 3,0.09234828496042216,0.8730964467005076,379,0.788,0.3375,0.6728104660897469,3.0
57,WCS.dtm,clip weights at 3,0.0,0.0,0,0.788,0.3375,0.6728104660897469,3.0
58,WBH,oracle weights,0.12162162162162163,0.8666666666666667,370,0.75,0.33875,1.0189552302288483,20.15311345243771
58,WCS.hete,oracle weights,0.11911357340720222,0.848,361,0.75,0.33875,1.0189552302288483,20.15311345243771
58,WCS.homo,oracle weights,0.12064343163538874,0.8746666666666667,373,0.75,0.33875,1.0189552302288483,20.15311345243771
58,WCS.dtm,oracle weights,0.0,0.0,0,0.75,0.33875,1.0189552302288483,20.15311345243771
58,WBH,ignore shift,0.14457831325301204,0.9466666666666667,415,0.75,0.33875,1.0,1.0
58,WCS.hete,ignore shift,0.14457831325301204,0.9466666666666667,415,0.75,0.33875,1.0,1.0
58,WCS.homo,ignore shift,0.14457831325301204,0.9466666666666667,415,0.75,0.33875,1.0,1.0
58,WCS.dtm,ignore shift,0.0,0.0,0,0.75,0.33875,1.0,1.0
58,WBH,clip weights at 3,0.09482758620689655,0.84,348,0.75,0.33875,0.7177827776914438,3.0
58,WCS.hete,clip weights at 3,0.09482758620689655,0.84,348,0.75,0.33875,0.7177827776914438,3.0
58,WCS.homo,clip weights at 3,0.09510086455331412,0.8373333333333334,347,0.75,0.33875,0.7177827776914438,3.0
58,WCS.dtm,clip weights at 3,0.0,0.0,0,0.75,0.33875,0.7177827776914438,3.0
59,WBH,oracle weights,0.0838150289017341,0.8233766233766234,346,0.77,0.36125,0.8536335250145356,22.272899416871276
59,WCS.hete,oracle weights,0.08955223880597014,0.6337662337662338,268,0.77,0.36125,0.8536335250145356,22.272899416871276
59,WCS.homo,oracle weights,0.08430232558139535,0.8181818181818182,344,0.77,0.36125,0.8536335250145356,22.272899416871276
59,WCS.dtm,oracle weights,0.0,0.0,0,0.77,0.36125,0.8536335250145356,22.272899416871276
59,WBH,ignore shift,0.14418604651162792,0.9558441558441558,430,0.77,0.36125,1.0,1.0
59,WCS.hete,ignore shift,0.14418604651162792,0.9558441558441558,430,0.77,0.36125,1.0,1.0
59,WCS.homo,ignore shift,0.14418604651162792,0.9558441558441558,430,0.77,0.36125,1.0,1.0
59,WCS.dtm,ignore shift,0.0,0.0,0,0.77,0.36125,1.0,1.0
59,WBH,clip weights at 3,0.0748502994011976,0.8025974025974026,334,0.77,0.36125,0.6611413102998642,3.0
59,WCS.hete,clip weights at 3,0.0748502994011976,0.8025974025974026,334,0.77,0.36125,0.6611413102998642,3.0
59,WCS.homo,clip weights at 3,0.07462686567164178,0.8051948051948052,335,0.77,0.36125,0.6611413102998642,3.0
59,WCS.dtm,clip weights at 3,0.0,0.0,0,0.77,0.36125,0.6611413102998642,3.0
60,WBH,oracle weights,0.10789473684210527,0.875968992248062,380,0.774,0.36,1.013855234932961,32.17639760521058
60,WCS.hete,oracle weights,0.10817941952506596,0.8733850129198967,379,0.774,0.36,1.013855234932961,32.17639760521058
60,WCS.homo,oracle weights,0.10761154855643044,0.8785529715762274,381,0.774,0.36,1.013855234932961,32.17639760521058
60,WCS.dtm,oracle weights,0.0,0.0,0,0.774,0.36,1.013855234932961,32.17639760521058
60,WBH,ignore shift,0.13012048192771083,0.9328165374677002,415,0.774,0.36,1.0,1.0
60,WCS.hete,ignore shift,0.13012048192771083,0.9328165374677002,415,0.774,0.36,1.0,1.0
60,WCS.homo,ignore shift,0.13012048192771083,0.9328165374677002,415,0.774,0.36,1.0,1.0
60,WCS.dtm,ignore shift,0.0,0.0,0,0.774,0.36,1.0,1.0
60,WBH,clip weights at 3,0.09192200557103064,0.8423772609819121,359,0.774,0.36,0.7145488652842787,3.0
60,WCS.hete,clip weights at 3,0.09444444444444444,0.8423772609819121,360,0.774,0.36,0.7145488652842787,3.0
60,WCS.homo,clip weights at 3,0.09243697478991597,0.8372093023255814,357,0.774,0.36,0.7145488652842787,3.0
60,WCS.dtm,clip weights at 3,0.0,0.0,0,0.774,0.36,0.7145488652842787,3.0
61,WBH,oracle weights,0.0975609756097561,0.8856382978723404,369,0.752,0.32875,0.9350388997352481,50.112051137287864
61,WCS.hete,oracle weights,0.1,0.8856382978723404,370,0.752,0.32875,0.9350388997352481,50.112051137287864
61,WCS.homo,oracle weights,0.0972972972972973,0.8882978723404256,370,0.752,0.32875,0.9350388997352481,50.112051137287864
61,WCS.dtm,oracle weights,0.0,0.0,0,0.752,0.32875,0.9350388997352481,50.112051137287864
61,WBH,ignore shift,0.13942307692307693,0.9521276595744681,416,0.752,0.32875,1.0,1.0
61,WCS.hete,ignore shift,0.13942307692307693,0.9521276595744681,416,0.752,0.32875,1.0,1.0
61,WCS.homo,ignore shift,0.13942307692307693,0.9521276595744681,416,0.752,0.32875,1.0,1.0
61,WCS.dtm,ignore shift,0.0,0.0,0,0.752,0.32875,1.0,1.0
61,WBH,clip weights at 3,0.08163265306122448,0.8377659574468085,343,0.752,0.32875,0.6460185421290919,3.0
61,WCS.hete,clip weights at 3,0.08163265306122448,0.8377659574468085,343,0.752,0.32875,0.6460185421290919,3.0
61,WCS.homo,clip weights at 3,0.08163265306122448,0.8377659574468085,343,0.752,0.32875,0.6460185421290919,3.0
61,WCS.dtm,clip weights at 3,0.0,0.0,0,0.752,0.32875,0.6460185421290919,3.0
62,WBH,oracle weights,0.09574468085106383,0.8717948717948718,376,0.78,0.34125,0.8801508024402908,33.266008929760595
62,WCS.hete,oracle weights,0.09012875536480687,0.5435897435897435,233,0.78,0.34125,0.8801508024402908,33.266008929760595
62,WCS.homo,oracle weights,0.09574468085106383,0.8717948717948718,376,0.78,0.34125,0.8801508024402908,33.266008929760595
62,WCS.dtm,oracle weights,0.0,0.0,0,0.78,0.34125,0.8801508024402908,33.266008929760595
62,WBH,ignore shift,0.14220183486238533,0.958974358974359,436,0.78,0.34125,1.0,1.0
62,WCS.hete,ignore shift,0.14220183486238533,0.958974358974359,436,0.78,0.34125,1.0,1.0
62,WCS.homo,ignore shift,0.14220183486238533,0.958974358974359,436,0.78,0.34125,1.0,1.0
62,WCS.dtm,ignore shift,0.0,0.0,0,0.78,0.34125,1.0,1.0
62,WBH,clip weights at 3,0.07122507122507123,0.8358974358974359,351,0.78,0.34125,0.6802444277889191,3.0
62,WCS.hete,clip weights at 3,0.0659025787965616,0.8358974358974359,349,0.78,0.34125,0.6802444277889191,3.0
62,WCS.homo,clip weights at 3,0.07122507122507123,0.8358974358974359,351,0.78,0.34125,0.6802444277889191,3.0
62,WCS.dtm,clip weights at 3,0.0,0.0,0,0.78,0.34125,0.6802444277889191,3.0
63,WBH,oracle weights,0.13414634146341464,0.9293193717277487,410,0.764,0.36125,1.124668979359312,50.791967246681054
63,WCS.hete,oracle weights,0.13333333333333333,0.20418848167539266,90,0.764,0.36125,1.124668979359312,50.791967246681054
63,WCS.homo,oracle weights,0.13317191283292978,0.93717277486911,413,0.764,0.36125,1.124668979359312,50.791967246681054
63,WCS.dtm,oracle weights,0.0,0.0,0,0.764,0.36125,1.124668979359312,50.791967246681054
63,WBH,ignore shift,0.15011547344110854,0.9633507853403142,433,0.764,0.36125,1.0,1.0
63,WCS.hete,ignore shift,0.14814814814814814,0.9633507853403142,432,0.764,0.36125,1.0,1.0
63,WCS.homo,ignore shift,0.15011547344110854,0.9633507853403142,433,0.764,0.36125,1.0,1.0
63,WCS.dtm,ignore shift,0.0,0.0,0,0.764,0.36125,1.0,1.0
63,WBH,clip weights at 3,0.0821917808219178,0.8769633507853403,365,0.764,0.36125,0.7050834875439688,3.0
63,WCS.hete,clip weights at 3,0.08241758241758242,0.8743455497382199,364,0.764,0.36125,0.7050834875439688,3.0
63,WCS.homo,clip weights at 3,0.08241758241758242,0.8743455497382199,364,0.764,0.36125,0.7050834875439688,3.0
63,WCS.dtm,clip weights at 3,0.0,0.0,0,0.764,0.36125,0.7050834875439688,3.0
64,WBH,oracle weights,0.10084033613445378,0.8652291105121294,357,0.742,0.33625,0.9903972771024169,27.191207243500415
64,WCS.hete,oracle weights,0.1005586592178771,0.8679245283018868,358,0.742,0.33625,0.9903972771024169,27.191207243500415
64,WCS.homo,oracle weights,0.1005586592178771,0.8679245283018868,358,0.742,0.33625,0.9903972771024169,27.191207243500415
64,WCS.dtm,oracle weights,0.0,0.0,0,0.742,0.33625,0.9903972771024169,27.191207243500415
64,WBH,ignore shift,0.13432835820895522,0.9380053908355795,402,0.742,0.33625,1.0,1.0
64,WCS.hete,ignore shift,0.13432835820895522,0.9380053908355795,402,0.742,0.33625,1.0,1.0
64,WCS.homo,ignore shift,0.13432835820895522,0.9380053908355795,402,0.742,0.33625,1.0,1.0
64,WCS.dtm,ignore shift,0.0,0.0,0,0.742,0.33625,1.0,1.0
64,WBH,clip weights at 3,0.08708708708708708,0.8194070080862533,333,0.742,0.33625,0.71162772890126,3.0
64,WCS.hete,clip weights at 3,0.08761329305135952,0.8140161725067385,331,0.742,0.33625,0.71162772890126,3.0
64,WCS.homo,clip weights at 3,0.08787878787878788,0.8113207547169812,330,0.742,0.33625,0.71162772890126,3.0
64,WCS.dtm,clip weights at 3,0.0,0.0,0,0.742,0.33625,0.71162772890126,3.0
65,WBH,oracle weights,0.10582010582010581,0.898936170212766,378,0.752,0.38,1.2526238421810034,47.61683956638056
65,WCS.hete,oracle weights,0.1092896174863388,0.8670212765957447,366,0.752,0.38,1.2526238421810034,47.61683956638056
65,WCS.homo,oracle weights,0.10610079575596817,0.8962765957446809,377,0.752,0.38,1.2526238421810034,47.61683956638056
65,WCS.dtm,oracle weights,0.0,0.0,0,0.752,0.38,1.2526238421810034,47.61683956638056
65,WBH,ignore shift,0.11597938144329897,0.9122340425531915,388,0.752,0.38,1.0,1.0
65,WCS.hete,ignore shift,0.11597938144329897,0.9122340425531915,388,0.752,0.38,1.0,1.0
65,WCS.homo,ignore shift,0.11597938144329897,0.9122340425531915,388,0.752,0.38,1.0,1.0
65,WCS.dtm,ignore shift,0.0,0.0,0,0.752,0.38,1.0,1.0
65,WBH,clip weights at 3,0.09615384615384616,0.875,364,0.752,0.38,0.7926334703987945,3.0
65,WCS.hete,clip weights at 3,0.09863013698630137,0.875,365,0.752,0.38,0.7926334703987945,3.0
65,WCS.homo,clip weights at 3,0.09836065573770492,0.8776595744680851,366,0.752,0.38,0.7926334703987945,3.0
65,WCS.dtm,clip weights at 3,0.0,0.0,0,0.752,0.38,0.7926334703987945,3.0
66,WBH,oracle weights,0.11023622047244094,0.9064171122994652,381,0.748,0.34375,1.0744233845566273,53.76874031808748
66,WCS.hete,oracle weights,0.11607142857142858,0.7941176470588235,336,0.748,0.34375,1.0744233845566273,53.76874031808748
66,WCS.homo,oracle weights,0.11286089238845144,0.9037433155080213,381,0.748,0.34375,1.0744233845566273,53.76874031808748
66,WCS.dtm,oracle weights,0.0,0.0,0,0.748,0.34375,1.0744233845566273,53.76874031808748
66,WBH,ignore shift,0.15914489311163896,0.946524064171123,421,0.748,0.34375,1.0,1.0
66,WCS.hete,ignore shift,0.1595238095238095,0.9438502673796791,420,0.748,0.34375,1.0,1.0
66,WCS.homo,ignore shift,0.15914489311163896,0.946524064171123,421,0.748,0.34375,1.0,1.0
66,WCS.dtm,ignore shift,0.0,0.0,0,0.748,0.34375,1.0,1.0
66,WBH,clip weights at 3,0.07164179104477612,0.8315508021390374,335,0.748,0.34375,0.6904034378240539,3.0
66,WCS.hete,clip weights at 3,0.07164179104477612,0.8315508021390374,335,0.748,0.34375,0.6904034378240539,3.0
66,WCS.homo,clip weights at 3,0.07164179104477612,0.8315508021390374,335,0.748,0.34375,0.6904034378240539,3.0
66,WCS.dtm,clip weights at 3,0.0,0.0,0,0.748,0.34375,0.6904034378240539,3.0
67,WBH,oracle weights,0.14285714285714285,0.9,399,0.76,0.3625,0.9842985621656217,33.57837735842424
67,WCS.hete,oracle weights,0.150997150997151,0.7842105263157895,351,0.76,0.3625,0.9842985621656217,33.57837735842424
67,WCS.homo,oracle weights,0.14463840399002495,0.9026315789473685,401,0.76,0.3625,0.9842985621656217,33.57837735842424
67,WCS.dtm,oracle weights,0.0,0.0,0,0.76,0.3625,0.9842985621656217,33.57837735842424
67,WBH,ignore shift,0.16273584905660377,0.9342105263157895,424,0.76,0.3625,1.0,1.0
67,WCS.hete,ignore shift,0.16627634660421545,0.9368421052631579,427,0.76,0.3625,1.0,1.0
67,WCS.homo,ignore shift,0.16627634660421545,0.9368421052631579,427,0.76,0.3625,1.0,1.0
67,WCS.dtm,ignore shift,0.0,0.0,0,0.76,0.3625,1.0,1.0
67,WBH,clip weights at 3,0.11497326203208556,0.8710526315789474,374,0.76,0.3625,0.6965805518199986,3.0
67,WCS.hete,clip weights at 3,0.11497326203208556,0.8710526315789474,374,0.76,0.3625,0.6965805518199986,3.0
67,WCS.homo,clip weights at 3,0.11497326203208556,0.8710526315789474,374,0.76,0.3625,0.6965805518199986,3.0
67,WCS.dtm,clip weights at 3,0.0,0.0,0,0.76,0.3625,0.6965805518199986,3.0
68,WBH,oracle weights,0.11075949367088607,0.7656675749318801,316,0.734,0.38625,0.9722803485282037,36.033504184132774
68,WCS.hete,oracle weights,0.09292035398230089,0.55858310626703,226,0.734,0.38625,0.9722803485282037,36.033504184132774
68,WCS.homo,oracle weights,0.11217948717948718,0.7547683923705722,312,0.734,0.38625,0.9722803485282037,36.033504184132774
68,WCS.dtm,oracle weights,0.0,0.0,0,0.734,0.38625,0.9722803485282037,36.033504184132774
68,WBH,ignore shift,0.16985645933014354,0.9455040871934605,418,0.734,0.38625,1.0,1.0
68,WCS.hete,ignore shift,0.16985645933014354,0.9455040871934605,418,0.734,0.38625,1.0,1.0
68,WCS.homo,ignore shift,0.16985645933014354,0.9455040871934605,418,0.734,0.38625,1.0,1.0
68,WCS.dtm,ignore shift,0.0,0.0,0,0.734,0.38625,1.0,1.0
68,WBH,clip weights at 3,0.11145510835913312,0.782016348773842,323,0.734,0.38625,0.7281578707045335,3.0
68,WCS.hete,clip weights at 3,0.11145510835913312,0.782016348773842,323,0.734,0.38625,0.7281578707045335,3.0
68,WCS.homo,clip weights at 3,0.11145510835913312,0.782016348773842,323,0.734,0.38625,0.7281578707045335,3.0
68,WCS.dtm,clip weights at 3,0.0,0.0,0,0.734,0.38625,0.7281578707045335,3.0
69,WBH,oracle weights,0.0859375,0.609375,256,0.768,0.3425,0.8749736931927806,29.07116563210051
69,WCS.hete,oracle weights,0.06349206349206349,0.15364583333333334,63,0.768,0.3425,0.8749736931927806,29.07116563210051
69,WCS.homo,oracle weights,0.08764940239043825,0.5963541666666666,251,0.768,0.3425,0.8749736931927806,29.07116563210051
69,WCS.dtm,oracle weights,0.0,0.0,0,0.768,0.3425,0.8749736931927806,29.07116563210051
69,WBH,ignore shift,0.13592233009708737,0.9270833333333334,412,0.768,0.3425,1.0,1.0
69,WCS.hete,ignore shift,0.13592233009708737,0.9270833333333334,412,0.768,0.3425,1.0,1.0
69,WCS.homo,ignore shift,0.13592233009708737,0.9270833333333334,412,0.768,0.3425,1.0,1.0
69,WCS.dtm,ignore shift,0.0,0.0,0,0.768,0.3425,1.0,1.0
69,WBH,clip weights at 3,0.08365019011406843,0.6276041666666666,263,0.768,0.3425,0.6555498879671796,3.0
69,WCS.hete,clip weights at 3,0.08333333333333333,0.6302083333333334,264,0.768,0.3425,0.6555498879671796,3.0
69,WCS.homo,clip weights at 3,0.08365019011406843,0.6276041666666666,263,0.768,0.3425,0.6555498879671796,3.0
69,WCS.dtm,clip weights at 3,0.0,0.0,0,0.768,0.3425,0.6555498879671796,3.0
70,WBH,oracle weights,0.1261904761904762,0.9386189258312021,420,0.782,0.36625,0.9581286932017733,19.21279009558932
70,WCS.hete,oracle weights,0.1261904761904762,0.9386189258312021,420,0.782,0.36625,0.9581286932017733,19.21279009558932
70,WCS.homo,oracle weights,0.1261904761904762,0.9386189258312021,420,0.782,0.36625,0.9581286932017733,19.21279009558932
70,WCS.dtm,oracle weights,0.0,0.0,0,0.782,0.36625,0.9581286932017733,19.21279009558932
70,WBH,ignore shift,0.15022421524663676,0.969309462915601,446,0.782,0.36625,1.0,1.0
70,WCS.hete,ignore shift,0.15022421524663676,0.969309462915601,446,0.782,0.36625,1.0,1.0
70,WCS.homo,ignore shift,0.15022421524663676,0.969309462915601,446,0.782,0.36625,1.0,1.0
70,WCS.dtm,ignore shift,0.0,0.0,0,0.782,0.36625,1.0,1.0
70,WBH,clip weights at 3,0.1056701030927835,0.887468030690537,388,0.782,0.36625,0.7194165585056266,3.0
70,WCS.hete,clip weights at 3,0.10741687979539642,0.8925831202046036,391,0.782,0.36625,0.7194165585056266,3.0
70,WCS.homo,clip weights at 3,0.10539845758354756,0.8900255754475703,389,0.782,0.36625,0.7194165585056266,3.0
70,WCS.dtm,clip weights at 3,0.0,0.0,0,0.782,0.36625,0.7194165585056266,3.0
71,WBH,oracle weights,0.13031914893617022,0.8515625,376,0.768,0.31625,0.8515336320437308,46.2150155981141
71,WCS.hete,oracle weights,0.11764705882352941,0.5078125,221,0.768,0.31625,0.8515336320437308,46.2150155981141
71,WCS.homo,oracle weights,0.13066666666666665,0.8489583333333334,375,0.768,0.31625,0.8515336320437308,46.2150155981141
71,WCS.dtm,oracle weights,0.0,0.0,0,0.768,0.31625,0.8515336320437308,46.2150155981141
71,WBH,ignore shift,0.1522248243559719,0.9427083333333334,427,0.768,0.31625,1.0,1.0
71,WCS.hete,ignore shift,0.1522248243559719,0.9427083333333334,427,0.768,0.31625,1.0,1.0
71,WCS.homo,ignore shift,0.1522248243559719,0.9427083333333334,427,0.768,0.31625,1.0,1.0
71,WCS.dtm,ignore shift,0.0,0.0,0,0.768,0.31625,1.0,1.0
71,WBH,clip weights at 3,0.07023411371237458,0.7239583333333334,299,0.768,0.31625,0.6429890483044816,3.0
71,WCS.hete,clip weights at 3,0.07333333333333333,0.7239583333333334,300,0.768,0.31625,0.6429890483044816,3.0
71,WCS.homo,clip weights at 3,0.07023411371237458,0.7239583333333334,299,0.768,0.31625,0.6429890483044816,3.0
71,WCS.dtm,clip weights at 3,0.0,0.0,0,0.768,0.31625,0.6429890483044816,3.0
72,WBH,oracle weights,0.12634408602150538,0.8666666666666667,372,0.75,0.35625,0.9575458483069312,28.273793760726388
72,WCS.hete,oracle weights,0.12835820895522387,0.7786666666666666,335,0.75,0.35625,0.9575458483069312,28.273793760726388
72,WCS.homo,oracle weights,0.1260053619302949,0.8693333333333333,373,0.75,0.35625,0.9575458483069312,28.273793760726388
72,WCS.dtm,oracle weights,0.0,0.0,0,0.75,0.35625,0.9575458483069312,28.273793760726388
72,WBH,ignore shift,0.15865384615384615,0.9333333333333333,416,0.75,0.35625,1.0,1.0
72,WCS.hete,ignore shift,0.15865384615384615,0.9333333333333333,416,0.75,0.35625,1.0,1.0
72,WCS.homo,ignore shift,0.1566265060240964,0.9333333333333333,415,0.75,0.35625,1.0,1.0
72,WCS.dtm,ignore shift,0.0,0.0,0,0.75,0.35625,1.0,1.0
72,WBH,clip weights at 3,0.09659090909090909,0.848,352,0.75,0.35625,0.6623384481936214,3.0
72,WCS.hete,clip weights at 3,0.09659090909090909,0.848,352,0.75,0.35625,0.6623384481936214,3.0
72,WCS.homo,clip weights at 3,0.09659090909090909,0.848,352,0.75,0.35625,0.6623384481936214,3.0
72,WCS.dtm,clip weights at 3,0.0,0.0,0,0.75,0.35625,0.6623384481936214,3.0
73,WBH,oracle weights,0.09562841530054644,0.8597402597402597,366,0.77,0.36375,1.0609836508527242,45.43995271921901
73,WCS.hete,oracle weights,0.10187667560321716,0.8701298701298701,373,0.77,0.36375,1.0609836508527242,45.43995271921901
73,WCS.homo,oracle weights,0.09946236559139784,0.8701298701298701,372,0.77,0.36375,1.0609836508527242,45.43995271921901
73,WCS.dtm,oracle weights,0.0,0.0,0,0.77,0.36375,1.0609836508527242,45.43995271921901
73,WBH,ignore shift,0.1342925659472422,0.9376623376623376,417,0.77,0.36375,1.0,1.0
73,WCS.hete,ignore shift,0.1342925659472422,0.9376623376623376,417,0.77,0.36375,1.0,1.0
73,WCS.homo,ignore shift,0.1342925659472422,0.9376623376623376,417,0.77,0.36375,1.0,1.0
73,WCS.dtm,ignore shift,0.0,0.0,0,0.77,0.36375,1.0,1.0
73,WBH,clip weights at 3,0.09433962264150944,0.8727272727272727,371,0.77,0.36375,0.7023534575858139,3.0
73,WCS.hete,clip weights at 3,0.09433962264150944,0.8727272727272727,371,0.77,0.36375,0.7023534575858139,3.0
73,WCS.homo,clip weights at 3,0.0967741935483871,0.8727272727272727,372,0.77,0.36375,0.7023534575858139,3.0
73,WCS.dtm,clip weights at 3,0.0,0.0,0,0.77,0.36375,0.7023534575858139,3.0
74,WBH,oracle weights,0.05934718100890208,0.8128205128205128,337,0.78,0.37375,1.0045270071947288,33.355925151513816
74,WCS.hete,oracle weights,0.06451612903225806,0.07435897435897436,31,0.78,0.37375,1.0045270071947288,33.355925151513816
74,WCS.homo,oracle weights,0.06086956521739131,0.8307692307692308,345,0.78,0.37375,1.0045270071947288,33.355925151513816
74,WCS.dtm,oracle weights,0.0,0.0,0,0.78,0.37375,1.0045270071947288,33.355925151513816
74,WBH,ignore shift,0.11566265060240964,0.941025641025641,415,0.78,0.37375,1.0,1.0
74,WCS.hete,ignore shift,0.11566265060240964,0.941025641025641,415,0.78,0.37375,1.0,1.0
74,WCS.homo,ignore shift,0.11566265060240964,0.941025641025641,415,0.78,0.37375,1.0,1.0
74,WCS.dtm,ignore shift,0.0,0.0,0,0.78,0.37375,1.0,1.0
74,WBH,clip weights at 3,0.05847953216374269,0.8256410256410256,342,0.78,0.37375,0.7253273923311353,3.0
74,WCS.hete,clip weights at 3,0.05813953488372093,0.8307692307692308,344,0.78,0.37375,0.7253273923311353,3.0
74,WCS.homo,clip weights at 3,0.05830903790087463,0.8282051282051283,343,0.78,0.37375,0.7253273923311353,3.0
74,WCS.dtm,clip weights at 3,0.0,0.0,0,0.78,0.37375,0.7253273923311353,3.0
75,WBH,oracle weights,0.08670520231213873,0.8081841432225064,346,0.782,0.38875,1.0247879406979536,35.97447883064236
75,WCS.hete,oracle weights,0.0946372239747634,0.7340153452685422,317,0.782,0.38875,1.0247879406979536,35.97447883064236
75,WCS.homo,oracle weights,0.08683473389355742,0.8337595907928389,357,0.782,0.38875,1.0247879406979536,35.97447883064236
75,WCS.dtm,oracle weights,0.0,0.0,0,0.782,0.38875,1.0247879406979536,35.97447883064236
75,WBH,ignore shift,0.14772727272727273,0.959079283887468,440,0.782,0.38875,1.0,1.0
75,WCS.hete,ignore shift,0.14772727272727273,0.959079283887468,440,0.782,0.38875,1.0,1.0
75,WCS.homo,ignore shift,0.14772727272727273,0.959079283887468,440,0.782,0.38875,1.0,1.0
75,WCS.dtm,ignore shift,0.0,0.0,0,0.782,0.38875,1.0,1.0
75,WBH,clip weights at 3,0.08620689655172414,0.8132992327365729,348,0.782,0.38875,0.7370485076162469,3.0
75,WCS.hete,clip weights at 3,0.08620689655172414,0.8132992327365729,348,0.782,0.38875,0.7370485076162469,3.0
75,WCS.homo,clip weights at 3,0.08620689655172414,0.8132992327365729,348,0.782,0.38875,0.7370485076162469,3.0
75,WCS.dtm,clip weights at 3,0.0,0.0,0,0.782,0.38875,0.7370485076162469,3.0
76,WBH,oracle weights,0.12169312169312169,0.8783068783068783,378,0.756,0.35,0.9503811549377624,34.12591246130355
76,WCS.hete,oracle weights,0.1238390092879257,0.7486772486772487,323,0.756,0.35,0.9503811549377624,34.12591246130355
76,WCS.homo,oracle weights,0.1220159151193634,0.8756613756613757,377,0.756,0.35,0.9503811549377624,34.12591246130355
76,WCS.dtm,oracle weights,0.0,0.0,0,0.756,0.35,0.9503811549377624,34.12591246130355
76,WBH,ignore shift,0.1553398058252427,0.9206349206349206,412,0.756,0.35,1.0,1.0
76,WCS.hete,ignore shift,0.1553398058252427,0.9206349206349206,412,0.756,0.35,1.0,1.0
76,WCS.homo,ignore shift,0.1553398058252427,0.9206349206349206,412,0.756,0.35,1.0,1.0
76,WCS.dtm,ignore shift,0.0,0.0,0,0.756,0.35,1.0,1.0
76,WBH,clip weights at 3,0.10955056179775281,0.8386243386243386,356,0.756,0.35,0.7089396192582157,3.0
76,WCS.hete,clip weights at 3,0.10955056179775281,0.8386243386243386,356,0.756,0.35,0.7089396192582157,3.0
76,WCS.homo,clip weights at 3,0.10955056179775281,0.8386243386243386,356,0.756,0.35,0.7089396192582157,3.0
76,WCS.dtm,clip weights at 3,0.0,0.0,0,0.756,0.35,0.7089396192582157,3.0
77,WBH,oracle weights,0.08549222797927461,0.8802992518703242,386,0.802,0.35375,1.0784066064369853,79.17576818535032
77,WCS.hete,oracle weights,0.08,0.8029925187032418,350,0.802,0.35375,1.0784066064369853,79.17576818535032
77,WCS.homo,oracle weights,0.0,0.0,0,0.802,0.35375,1.0784066064369853,79.17576818535032
77,WCS.dtm,oracle weights,0.0,0.0,0,0.802,0.35375,1.0784066064369853,79.17576818535032
77,WBH,ignore shift,0.11954022988505747,0.9551122194513716,435,0.802,0.35375,1.0,1.0
77,WCS.hete,ignore shift,0.1175115207373272,0.9551122194513716,434,0.802,0.35375,1.0,1.0
77,WCS.homo,ignore shift,0.11954022988505747,0.9551122194513716,435,0.802,0.35375,1.0,1.0
77,WCS.dtm,ignore shift,0.0,0.0,0,0.802,0.35375,1.0,1.0
77,WBH,clip weights at 3,0.05459770114942529,0.8204488778054863,348,0.802,0.35375,0.7135741766893773,3.0
77,WCS.hete,clip weights at 3,0.05459770114942529,0.8204488778054863,348,0.802,0.35375,0.7135741766893773,3.0
77,WCS.homo,clip weights at 3,0.05202312138728324,0.8179551122194514,346,0.802,0.35375,0.7135741766893773,3.0
77,WCS.dtm,clip weights at 3,0.0,0.0,0,0.802,0.35375,0.7135741766893773,3.0
78,WBH,oracle weights,0.054140127388535034,0.7634961439588689,314,0.778,0.355,0.9188754039216087,16.268966936116126
78,WCS.hete,oracle weights,0.041916167664670656,0.41131105398457585,167,0.778,0.355,0.9188754039216087,16.268966936116126
78,WCS.homo,oracle weights,0.05362776025236593,0.7712082262210797,317,0.778,0.355,0.9188754039216087,16.268966936116126
78,WCS.dtm,oracle weights,0.0,0.0,0,0.778,0.355,0.9188754039216087,16.268966936116126
78,WBH,ignore shift,0.10406091370558376,0.9074550128534704,394,0.778,0.355,1.0,1.0
78,WCS.hete,ignore shift,0.10406091370558376,0.9074550128534704,394,0.778,0.355,1.0,1.0
78,WCS.homo,ignore shift,0.10406091370558376,0.9074550128534704,394,0.778,0.355,1.0,1.0
78,WCS.dtm,ignore shift,0.0,0.0,0,0.778,0.355,1.0,1.0
78,WBH,clip weights at 3,0.05345911949685535,0.7737789203084833,318,0.778,0.355,0.7208829611457475,3.0
78,WCS.hete,clip weights at 3,0.05345911949685535,0.7737789203084833,318,0.778,0.355,0.7208829611457475,3.0
78,WCS.homo,clip weights at 3,0.05345911949685535,0.7737789203084833,318,0.778,0.355,0.7208829611457475,3.0
78,WCS.dtm,clip weights at 3,0.0,0.0,0,0.778,0.355,0.7208829611457475,3.0
79,WBH,oracle weights,0.1134020618556701,0.8797953964194374,388,0.782,0.36,0.950318013463594,28.8254852209137
79,WCS.hete,oracle weights,0.12727272727272726,0.49104859335038364,220,0.782,0.36,0.950318013463594,28.8254852209137
79,WCS.homo,oracle weights,0.1134020618556701,0.8797953964194374,388,0.782,0.36,0.950318013463594,28.8254852209137
79,WCS.dtm,oracle weights,0.0,0.0,0,0.782,0.36,0.950318013463594,28.8254852209137
79,WBH,ignore shift,0.13380281690140844,0.9437340153452686,426,0.782,0.36,1.0,1.0
79,WCS.hete,ignore shift,0.13380281690140844,0.9437340153452686,426,0.782,0.36,1.0,1.0
79,WCS.homo,ignore shift,0.13380281690140844,0.9437340153452686,426,0.782,0.36,1.0,1.0
79,WCS.dtm,ignore shift,0.0,0.0,0,0.782,0.36,1.0,1.0
79,WBH,clip weights at 3,0.0972972972972973,0.8542199488491049,370,0.782,0.36,0.6903556555489024,3.0
79,WCS.hete,clip weights at 3,0.09703504043126684,0.8567774936061381,371,0.782,0.36,0.6903556555489024,3.0
79,WCS.homo,clip weights at 3,0.09703504043126684,0.8567774936061381,371,0.782,0.36,0.6903556555489024,3.0
79,WCS.dtm,clip weights at 3,0.0,0.0,0,0.782,0.36,0.6903556555489024,3.0
80,WBH,oracle weights,0.09734513274336283,0.8138297872340425,339,0.752,0.345,1.029512788578134,33.88208154707564
80,WCS.hete,oracle weights,0.09850746268656717,0.8031914893617021,335,0.752,0.345,1.029512788578134,33.88208154707564
80,WCS.homo,oracle weights,0.10029498525073746,0.8111702127659575,339,0.752,0.345,1.029512788578134,33.88208154707564
80,WCS.dtm,oracle weights,0.0,0.0,0,0.752,0.345,1.029512788578134,33.88208154707564
80,WBH,ignore shift,0.14705882352941177,0.925531914893617,408,0.752,0.345,1.0,1.0
80,WCS.hete,ignore shift,0.14705882352941177,0.925531914893617,408,0.752,0.345,1.0,1.0
80,WCS.homo,ignore shift,0.14705882352941177,0.925531914893617,408,0.752,0.345,1.0,1.0
80,WCS.dtm,ignore shift,0.0,0.0,0,0.752,0.345,1.0,1.0
80,WBH,clip weights at 3,0.08615384615384615,0.7898936170212766,325,0.752,0.345,0.7068280834803695,3.0
80,WCS.hete,clip weights at 3,0.08333333333333333,0.7898936170212766,324,0.752,0.345,0.7068280834803695,3.0
80,WCS.homo,clip weights at 3,0.08588957055214724,0.7925531914893617,326,0.752,0.345,0.7068280834803695,3.0
80,WCS.dtm,clip weights at 3,0.0,0.0,0,0.752,0.345,0.7068280834803695,3.0
81,WBH,oracle weights,0.09259259259259259,0.875,378,0.784,0.3525,0.8950630738233665,24.242822505046277
81,WCS.hete,oracle weights,0.0967741935483871,0.8571428571428571,372,0.784,0.3525,0.8950630738233665,24.242822505046277
81,WCS.homo,oracle weights,0.09498680738786279,0.875,379,0.784,0.3525,0.8950630738233665,24.242822505046277
81,WCS.dtm,oracle weights,0.0,0.0,0,0.784,0.3525,0.8950630738233665,24.242822505046277
81,WBH,ignore shift,0.12114014251781473,0.9438775510204082,421,0.784,0.3525,1.0,1.0
81,WCS.hete,ignore shift,0.12114014251781473,0.9438775510204082,421,0.784,0.3525,1.0,1.0
81,WCS.homo,ignore shift,0.12114014251781473,0.9438775510204082,421,0.784,0.3525,1.0,1.0
81,WCS.dtm,ignore shift,0.0,0.0,0,0.784,0.3525,1.0,1.0
81,WBH,clip weights at 3,0.08235294117647059,0.7959183673469388,340,0.784,0.3525,0.6959428367425167,3.0
81,WCS.hete,clip weights at 3,0.08235294117647059,0.7959183673469388,340,0.784,0.3525,0.6959428367425167,3.0
81,WCS.homo,clip weights at 3,0.08235294117647059,0.7959183673469388,340,0.784,0.3525,0.6959428367425167,3.0
81,WCS.dtm,clip weights at 3,0.0,0.0,0,0.784,0.3525,0.6959428367425167,3.0
82,WBH,oracle weights,0.12373737373737374,0.8943298969072165,396,0.776,0.375,0.9825873796767266,24.73211617347064
82,WCS.hete,oracle weights,0.15384615384615385,0.3402061855670103,156,0.776,0.375,0.9825873796767266,24.73211617347064
82,WCS.homo,oracle weights,0.1240506329113924,0.8917525773195877,395,0.776,0.375,0.9825873796767266,24.73211617347064
82,WCS.dtm,oracle weights,0.0,0.0,0,0.776,0.375,0.9825873796767266,24.73211617347064
82,WBH,ignore shift,0.1431924882629108,0.9407216494845361,426,0.776,0.375,1.0,1.0
82,WCS.hete,ignore shift,0.1431924882629108,0.9407216494845361,426,0.776,0.375,1.0,1.0
82,WCS.homo,ignore shift,0.1431924882629108,0.9407216494845361,426,0.776,0.375,1.0,1.0
82,WCS.dtm,ignore shift,0.0,0.0,0,0.776,0.375,1.0,1.0
82,WBH,clip weights at 3,0.08781869688385269,0.8298969072164949,353,0.776,0.375,0.7225983804731504,3.0
82,WCS.hete,clip weights at 3,0.08595988538681948,0.8221649484536082,349,0.776,0.375,0.7225983804731504,3.0
82,WCS.homo,clip weights at 3,0.08522727272727272,0.8298969072164949,352,0.776,0.375,0.7225983804731504,3.0
82,WCS.dtm,clip weights at 3,0.0,0.0,0,0.776,0.375,0.7225983804731504,3.0
83,WBH,oracle weights,0.0855614973262032,0.8592964824120602,374,0.796,0.33,0.8880562739722632,20.192075209328255
83,WCS.hete,oracle weights,0.08870967741935484,0.8517587939698492,372,0.796,0.33,0.8880562739722632,20.192075209328255
83,WCS.homo,oracle weights,0.08823529411764706,0.8567839195979899,374,0.796,0.33,0.8880562739722632,20.192075209328255
83,WCS.dtm,oracle weights,0.0,0.0,0,0.796,0.33,0.8880562739722632,20.192075209328255
83,WBH,ignore shift,0.11325301204819277,0.9246231155778895,415,0.796,0.33,1.0,1.0
83,WCS.hete,ignore shift,0.11325301204819277,0.9246231155778895,415,0.796,0.33,1.0,1.0
83,WCS.homo,ignore shift,0.11538461538461539,0.9246231155778895,416,0.796,0.33,1.0,1.0
83,WCS.dtm,ignore shift,0.0,0.0,0,0.796,0.33,1.0,1.0
83,WBH,clip weights at 3,0.0777479892761394,0.864321608040201,373,0.796,0.33,0.696341633774289,3.0
83,WCS.hete,clip weights at 3,0.0777479892761394,0.864321608040201,373,0.796,0.33,0.696341633774289,3.0
83,WCS.homo,clip weights at 3,0.0777479892761394,0.864321608040201,373,0.796,0.33,0.696341633774289,3.0
83,WCS.dtm,clip weights at 3,0.0,0.0,0,0.796,0.33,0.696341633774289,3.0
84,WBH,oracle weights,0.11458333333333333,0.8762886597938144,384,0.776,0.33125,0.9901967763869205,32.38782056620793
84,WCS.hete,oracle weights,0.18518518518518517,0.05670103092783505,27,0.776,0.33125,0.9901967763869205,32.38782056620793
84,WCS.homo,oracle weights,0.11488250652741515,0.8737113402061856,383,0.776,0.33125,0.9901967763869205,32.38782056620793
84,WCS.dtm,oracle weights,0.0,0.0,0,0.776,0.33125,0.9901967763869205,32.38782056620793
84,WBH,ignore shift,0.12709832134292565,0.9381443298969072,417,0.776,0.33125,1.0,1.0
84,WCS.hete,ignore shift,0.12709832134292565,0.9381443298969072,417,0.776,0.33125,1.0,1.0
84,WCS.homo,ignore shift,0.12709832134292565,0.9381443298969072,417,0.776,0.33125,1.0,1.0
84,WCS.dtm,ignore shift,0.0,0.0,0,0.776,0.33125,1.0,1.0
84,WBH,clip weights at 3,0.0856353591160221,0.8530927835051546,362,0.776,0.33125,0.6938195002899374,3.0
84,WCS.hete,clip weights at 3,0.0856353591160221,0.8530927835051546,362,0.776,0.33125,0.6938195002899374,3.0
84,WCS.homo,clip weights at 3,0.0856353591160221,0.8530927835051546,362,0.776,0.33125,0.6938195002899374,3.0
84,WCS.dtm,clip weights at 3,0.0,0.0,0,0.776,0.33125,0.6938195002899374,3.0
85,WBH,oracle weights,0.08483290488431877,0.89,389,0.8,0.35,1.0620322507713553,41.458592705362015
85,WCS.hete,oracle weights,0.08778625954198473,0.5975,262,0.8,0.35,1.0620322507713553,41.458592705362015
85,WCS.homo,oracle weights,0.08483290488431877,0.89,389,0.8,0.35,1.0620322507713553,41.458592705362015
85,WCS.dtm,oracle weights,0.0,0.0,0,0.8,0.35,1.0620322507713553,41.458592705362015
85,WBH,ignore shift,0.11428571428571428,0.93,420,0.8,0.35,1.0,1.0
85,WCS.hete,ignore shift,0.11428571428571428,0.93,420,0.8,0.35,1.0,1.0
85,WCS.homo,ignore shift,0.11428571428571428,0.93,420,0.8,0.35,1.0,1.0
85,WCS.dtm,ignore shift,0.0,0.0,0,0.8,0.35,1.0,1.0
85,WBH,clip weights at 3,0.06162464985994398,0.8375,357,0.8,0.35,0.7232321121715549,3.0
85,WCS.hete,clip weights at 3,0.06406685236768803,0.84,359,0.8,0.35,0.7232321121715549,3.0
85,WCS.homo,clip weights at 3,0.06162464985994398,0.8375,357,0.8,0.35,0.7232321121715549,3.0
85,WCS.dtm,clip weights at 3,0.0,0.0,0,0.8,0.35,0.7232321121715549,3.0
86,WBH,oracle weights,0.056140350877192984,0.682741116751269,285,0.788,0.35625,1.0154787592976067,20.916416663617966
86,WCS.hete,oracle weights,0.05194805194805195,0.18527918781725888,77,0.788,0.35625,1.0154787592976067,20.916416663617966
86,WCS.homo,oracle weights,0.0,0.0,0,0.788,0.35625,1.0154787592976067,20.916416663617966
86,WCS.dtm,oracle weights,0.0,0.0,0,0.788,0.35625,1.0154787592976067,20.916416663617966
86,WBH,ignore shift,0.12,0.949238578680203,425,0.788,0.35625,1.0,1.0
86,WCS.hete,ignore shift,0.12206572769953052,0.949238578680203,426,0.788,0.35625,1.0,1.0
86,WCS.homo,ignore shift,0.12,0.949238578680203,425,0.788,0.35625,1.0,1.0
86,WCS.dtm,ignore shift,0.0,0.0,0,0.788,0.35625,1.0,1.0
86,WBH,clip weights at 3,0.05460750853242321,0.7030456852791879,293,0.788,0.35625,0.7175716835422236,3.0
86,WCS.hete,clip weights at 3,0.0576271186440678,0.7055837563451777,295,0.788,0.35625,0.7175716835422236,3.0
86,WCS.homo,clip weights at 3,0.05460750853242321,0.7030456852791879,293,0.788,0.35625,0.7175716835422236,3.0
86,WCS.dtm,clip weights at 3,0.0,0.0,0,0.788,0.35625,0.7175716835422236,3.0
87,WBH,oracle weights,0.08670520231213873,0.8517520215633423,346,0.742,0.365,1.1885370943632407,77.11639814225491
87,WCS.hete,oracle weights,0.08895705521472393,0.8005390835579514,326,0.742,0.365,1.1885370943632407,77.11639814225491
87,WCS.homo,oracle weights,0.08670520231213873,0.8517520215633423,346,0.742,0.365,1.1885370943632407,77.11639814225491
87,WCS.dtm,oracle weights,0.0,0.0,0,0.742,0.365,1.1885370943632407,77.11639814225491
87,WBH,ignore shift,0.12755102040816327,0.921832884097035,392,0.742,0.365,1.0,1.0
87,WCS.hete,ignore shift,0.12755102040816327,0.921832884097035,392,0.742,0.365,1.0,1.0
87,WCS.homo,ignore shift,0.12755102040816327,0.921832884097035,392,0.742,0.365,1.0,1.0
87,WCS.dtm,ignore shift,0.0,0.0,0,0.742,0.365,1.0,1.0
87,WBH,clip weights at 3,0.05782312925170068,0.7466307277628033,294,0.742,0.365,0.7379832456072668,3.0
87,WCS.hete,clip weights at 3,0.05405405405405406,0.7547169811320755,296,0.742,0.365,0.7379832456072668,3.0
87,WCS.homo,clip weights at 3,0.05782312925170068,0.7466307277628033,294,0.742,0.365,0.7379832456072668,3.0
87,WCS.dtm,clip weights at 3,0.0,0.0,0,0.742,0.365,0.7379832456072668,3.0
88,WBH,oracle weights,0.0851063829787234,0.900523560209424,376,0.764,0.34375,0.9870914024870262,92.52427322097606
88,WCS.hete,oracle weights,0.0,0.002617801047120419,1,0.764,0.34375,0.9870914024870262,92.52427322097606
88,WCS.homo,oracle weights,0.09278350515463918,0.9214659685863874,388,0.764,0.34375,0.9870914024870262,92.52427322097606
88,WCS.dtm,oracle weights,0.0,0.0,0,0.764,0.34375,0.9870914024870262,92.52427322097606
88,WBH,ignore shift,0.12971698113207547,0.9659685863874345,424,0.764,0.34375,1.0,1.0
88,WCS.hete,ignore shift,0.12971698113207547,0.9659685863874345,424,0.764,0.34375,1.0,1.0
88,WCS.homo,ignore shift,0.12971698113207547,0.9659685863874345,424,0.764,0.34375,1.0,1.0
88,WCS.dtm,ignore shift,0.0,0.0,0,0.764,0.34375,1.0,1.0
88,WBH,clip weights at 3,0.06629834254143646,0.8848167539267016,362,0.764,0.34375,0.6646968424136085,3.0
88,WCS.hete,clip weights at 3,0.06611570247933884,0.887434554973822,363,0.764,0.34375,0.6646968424136085,3.0
88,WCS.homo,clip weights at 3,0.0664819944598338,0.8821989528795812,361,0.764,0.34375,0.6646968424136085,3.0
88,WCS.dtm,clip weights at 3,0.0,0.0,0,0.764,0.34375,0.6646968424136085,3.0
89,WBH,oracle weights,0.0838150289017341,0.8128205128205128,346,0.78,0.3325,0.952316576573161,30.962844095224273
89,WCS.hete,oracle weights,0.06976744186046512,0.10256410256410256,43,0.78,0.3325,0.952316576573161,30.962844095224273
89,WCS.homo,oracle weights,0.08262108262108261,0.8256410256410256,351,0.78,0.3325,0.952316576573161,30.962844095224273
89,WCS.dtm,oracle weights,0.0,0.0,0,0.78,0.3325,0.952316576573161,30.962844095224273
89,WBH,ignore shift,0.15331807780320367,0.9487179487179487,437,0.78,0.3325,1.0,1.0
89,WCS.hete,ignore shift,0.15331807780320367,0.9487179487179487,437,0.78,0.3325,1.0,1.0
89,WCS.homo,ignore shift,0.15331807780320367,0.9487179487179487,437,0.78,0.3325,1.0,1.0
89,WCS.dtm,ignore shift,0.0,0.0,0,0.78,0.3325,1.0,1.0
89,WBH,clip weights at 3,0.08235294117647059,0.8,340,0.78,0.3325,0.6826456327352369,3.0
89,WCS.hete,clip weights at 3,0.07988165680473373,0.7974358974358975,338,0.78,0.3325,0.6826456327352369,3.0
89,WCS.homo,clip weights at 3,0.08284023668639054,0.7948717948717948,338,0.78,0.3325,0.6826456327352369,3.0
89,WCS.dtm,clip weights at 3,0.0,0.0,0,0.78,0.3325,0.6826456327352369,3.0
90,WBH,oracle weights,0.11475409836065574,0.8161209068010076,366,0.794,0.36125,0.9606551070429119,26.924700425343207
90,WCS.hete,oracle weights,0.09782608695652174,0.20906801007556675,92,0.794,0.36125,0.9606551070429119,26.924700425343207
90,WCS.homo,oracle weights,0.11475409836065574,0.8161209068010076,366,0.794,0.36125,0.9606551070429119,26.924700425343207
90,WCS.dtm,oracle weights,0.0,0.0,0,0.794,0.36125,0.9606551070429119,26.924700425343207
90,WBH,ignore shift,0.14545454545454545,0.947103274559194,440,0.794,0.36125,1.0,1.0
90,WCS.hete,ignore shift,0.14545454545454545,0.947103274559194,440,0.794,0.36125,1.0,1.0
90,WCS.homo,ignore shift,0.14545454545454545,0.947103274559194,440,0.794,0.36125,1.0,1.0
90,WCS.dtm,ignore shift,0.0,0.0,0,0.794,0.36125,1.0,1.0
90,WBH,clip weights at 3,0.11413043478260869,0.8211586901763224,368,0.794,0.36125,0.6853024620398407,3.0
90,WCS.hete,clip weights at 3,0.1111111111111111,0.8060453400503779,360,0.794,0.36125,0.6853024620398407,3.0
90,WCS.homo,clip weights at 3,0.11142061281337047,0.8035264483627204,359,0.794,0.36125,0.6853024620398407,3.0
90,WCS.dtm,clip weights at 3,0.0,0.0,0,0.794,0.36125,0.6853024620398407,3.0
91,WBH,oracle weights,0.09641873278236915,0.841025641025641,363,0.78,0.345,0.9895054658504023,28.887380154915686
91,WCS.hete,oracle weights,0.09863013698630137,0.8435897435897436,365,0.78,0.345,0.9895054658504023,28.887380154915686
91,WCS.homo,oracle weights,0.0,0.0,0,0.78,0.345,0.9895054658504023,28.887380154915686
91,WCS.dtm,oracle weights,0.0,0.0,0,0.78,0.345,0.9895054658504023,28.887380154915686
91,WBH,ignore shift,0.1267605633802817,0.9538461538461539,426,0.78,0.345,1.0,1.0
91,WCS.hete,ignore shift,0.1267605633802817,0.9538461538461539,426,0.78,0.345,1.0,1.0
91,WCS.homo,ignore shift,0.1267605633802817,0.9538461538461539,426,0.78,0.345,1.0,1.0
91,WCS.dtm,ignore shift,0.0,0.0,0,0.78,0.345,1.0,1.0
91,WBH,clip weights at 3,0.06172839506172839,0.7794871794871795,324,0.78,0.345,0.7206889466169375,3.0
91,WCS.hete,clip weights at 3,0.06481481481481481,0.7769230769230769,324,0.78,0.345,0.7206889466169375,3.0
91,WCS.homo,clip weights at 3,0.06461538461538462,0.7794871794871795,325,0.78,0.345,0.7206889466169375,3.0
91,WCS.dtm,clip weights at 3,0.0,0.0,0,0.78,0.345,0.7206889466169375,3.0
92,WBH,oracle weights,0.08360128617363344,0.7519788918205804,311,0.758,0.34375,0.9189990915109053,42.826965372678046
92,WCS.hete,oracle weights,0.10526315789473684,0.22427440633245382,95,0.758,0.34375,0.9189990915109053,42.826965372678046
92,WCS.homo,oracle weights,0.08832807570977919,0.762532981530343,317,0.758,0.34375,0.9189990915109053,42.826965372678046
92,WCS.dtm,oracle weights,0.0,0.0,0,0.758,0.34375,0.9189990915109053,42.826965372678046
92,WBH,ignore shift,0.15201900237529692,0.941952506596306,421,0.758,0.34375,1.0,1.0
92,WCS.hete,ignore shift,0.15201900237529692,0.941952506596306,421,0.758,0.34375,1.0,1.0
92,WCS.homo,ignore shift,0.15201900237529692,0.941952506596306,421,0.758,0.34375,1.0,1.0
92,WCS.dtm,ignore shift,0.0,0.0,0,0.758,0.34375,1.0,1.0
92,WBH,clip weights at 3,0.08176100628930817,0.7704485488126649,318,0.758,0.34375,0.6661577342893173,3.0
92,WCS.hete,clip weights at 3,0.08176100628930817,0.7704485488126649,318,0.758,0.34375,0.6661577342893173,3.0
92,WCS.homo,clip weights at 3,0.08176100628930817,0.7704485488126649,318,0.758,0.34375,0.6661577342893173,3.0
92,WCS.dtm,clip weights at 3,0.0,0.0,0,0.758,0.34375,0.6661577342893173,3.0
93,WBH,oracle weights,0.0,0.0,0,0.768,0.36,0.9409991708793851,36.422158669787606
93,WCS.hete,oracle weights,0.0,0.0,0,0.768,0.36,0.9409991708793851,36.422158669787606
93,WCS.homo,oracle weights,0.0,0.0026041666666666665,1,0.768,0.36,0.9409991708793851,36.422158669787606
93,WCS.dtm,oracle weights,0.0,0.0,0,0.768,0.36,0.9409991708793851,36.422158669787606
93,WBH,ignore shift,0.1527777777777778,0.953125,432,0.768,0.36,1.0,1.0
93,WCS.hete,ignore shift,0.1527777777777778,0.953125,432,0.768,0.36,1.0,1.0
93,WCS.homo,ignore shift,0.1527777777777778,0.953125,432,0.768,0.36,1.0,1.0
93,WCS.dtm,ignore shift,0.0,0.0,0,0.768,0.36,1.0,1.0
93,WBH,clip weights at 3,0.10249307479224377,0.84375,361,0.768,0.36,0.6841017847939445,3.0
93,WCS.hete,clip weights at 3,0.10192837465564739,0.8489583333333334,363,0.768,0.36,0.6841017847939445,3.0
93,WCS.homo,clip weights at 3,0.10220994475138122,0.8463541666666666,362,0.768,0.36,0.6841017847939445,3.0
93,WCS.dtm,clip weights at 3,0.0,0.0,0,0.768,0.36,0.6841017847939445,3.0
94,WBH,oracle weights,0.06984126984126984,0.7590673575129534,315,0.772,0.38625,0.9086176019293504,23.51649007087244
94,WCS.hete,oracle weights,0.043478260869565216,0.05699481865284974,23,0.772,0.38625,0.9086176019293504,23.51649007087244
94,WCS.homo,oracle weights,0.06984126984126984,0.7590673575129534,315,0.772,0.38625,0.9086176019293504,23.51649007087244
94,WCS.dtm,oracle weights,0.0,0.0,0,0.772,0.38625,0.9086176019293504,23.51649007087244
94,WBH,ignore shift,0.14043583535108958,0.9196891191709845,413,0.772,0.38625,1.0,1.0
94,WCS.hete,ignore shift,0.14043583535108958,0.9196891191709845,413,0.772,0.38625,1.0,1.0
94,WCS.homo,ignore shift,0.14043583535108958,0.9196891191709845,413,0.772,0.38625,1.0,1.0
94,WCS.dtm,ignore shift,0.0,0.0,0,0.772,0.38625,1.0,1.0
94,WBH,clip weights at 3,0.08928571428571429,0.7927461139896373,336,0.772,0.38625,0.7284753711002685,3.0
94,WCS.hete,clip weights at 3,0.08928571428571429,0.7927461139896373,336,0.772,0.38625,0.7284753711002685,3.0
94,WCS.homo,clip weights at 3,0.08928571428571429,0.7927461139896373,336,0.772,0.38625,0.7284753711002685,3.0
94,WCS.dtm,clip weights at 3,0.0,0.0,0,0.772,0.38625,0.7284753711002685,3.0
95,WBH,oracle weights,0.05421686746987952,0.7696078431372549,332,0.816,0.375,0.9819141507813046,16.66883751651103
95,WCS.hete,oracle weights,0.05357142857142857,0.7794117647058824,336,0.816,0.375,0.9819141507813046,16.66883751651103
95,WCS.homo,oracle weights,0.05373134328358209,0.7769607843137255,335,0.816,0.375,0.9819141507813046,16.66883751651103
95,WCS.dtm,oracle weights,0.0,0.0,0,0.816,0.375,0.9819141507813046,16.66883751651103
95,WBH,ignore shift,0.09443099273607748,0.9166666666666666,413,0.816,0.375,1.0,1.0
95,WCS.hete,ignore shift,0.09443099273607748,0.9166666666666666,413,0.816,0.375,1.0,1.0
95,WCS.homo,ignore shift,0.09443099273607748,0.9166666666666666,413,0.816,0.375,1.0,1.0
95,WCS.dtm,ignore shift,0.0,0.0,0,0.816,0.375,1.0,1.0
95,WBH,clip weights at 3,0.05263157894736842,0.7941176470588235,342,0.816,0.375,0.7384672993239758,3.0
95,WCS.hete,clip weights at 3,0.04985337243401759,0.7941176470588235,341,0.816,0.375,0.7384672993239758,3.0
95,WCS.homo,clip weights at 3,0.05,0.7916666666666666,340,0.816,0.375,0.7384672993239758,3.0
95,WCS.dtm,clip weights at 3,0.0,0.0,0,0.816,0.375,0.7384672993239758,3.0
96,WBH,oracle weights,0.11780104712041885,0.8915343915343915,382,0.756,0.35375,0.835747816714083,34.415587351452835
96,WCS.hete,oracle weights,0.11548556430446194,0.8915343915343915,381,0.756,0.35375,0.835747816714083,34.415587351452835
96,WCS.homo,oracle weights,0.11842105263157894,0.8862433862433863,380,0.756,0.35375,0.835747816714083,34.415587351452835
96,WCS.dtm,oracle weights,0.0,0.0,0,0.756,0.35375,0.835747816714083,34.415587351452835
96,WBH,ignore shift,0.15473441108545036,0.9682539682539683,433,0.756,0.35375,1.0,1.0
96,WCS.hete,ignore shift,0.1527777777777778,0.9682539682539683,432,0.756,0.35375,1.0,1.0
96,WCS.homo,ignore shift,0.1527777777777778,0.9682539682539683,432,0.756,0.35375,1.0,1.0
96,WCS.dtm,ignore shift,0.0,0.0,0,0.756,0.35375,1.0,1.0
96,WBH,clip weights at 3,0.10684931506849316,0.8624338624338624,365,0.756,0.35375,0.6493265825396901,3.0
96,WCS.hete,clip weights at 3,0.10655737704918032,0.8650793650793651,366,0.756,0.35375,0.6493265825396901,3.0
96,WCS.homo,clip weights at 3,0.10655737704918032,0.8650793650793651,366,0.756,0.35375,0.6493265825396901,3.0
96,WCS.dtm,clip weights at 3,0.0,0.0,0,0.756,0.35375,0.6493265825396901,3.0
97,WBH,oracle weights,0.11961722488038277,0.934010152284264,418,0.788,0.3675,0.9121734844981525,50.592747994758035
97,WCS.hete,oracle weights,0.10915492957746478,0.6421319796954315,284,0.788,0.3675,0.9121734844981525,50.592747994758035
97,WCS.homo,oracle weights,0.11933174224343675,0.9365482233502538,419,0.788,0.3675,0.9121734844981525,50.592747994758035
97,WCS.dtm,oracle weights,0.0,0.0,0,0.788,0.3675,0.9121734844981525,50.592747994758035
97,WBH,ignore shift,0.13394919168591224,0.9517766497461929,433,0.788,0.3675,1.0,1.0
97,WCS.hete,ignore shift,0.13394919168591224,0.9517766497461929,433,0.788,0.3675,1.0,1.0
97,WCS.homo,ignore shift,0.1336405529953917,0.9543147208121827,434,0.788,0.3675,1.0,1.0
97,WCS.dtm,ignore shift,0.0,0.0,0,0.788,0.3675,1.0,1.0
97,WBH,clip weights at 3,0.10459183673469388,0.8908629441624365,392,0.788,0.3675,0.6630113702600349,3.0
97,WCS.hete,clip weights at 3,0.10432569974554708,0.8934010152284264,393,0.788,0.3675,0.6630113702600349,3.0
97,WCS.homo,clip weights at 3,0.10459183673469388,0.8908629441624365,392,0.788,0.3675,0.6630113702600349,3.0
97,WCS.dtm,clip weights at 3,0.0,0.0,0,0.788,0.3675,0.6630113702600349,3.0
98,WBH,oracle weights,0.13801452784503632,0.9246753246753247,413,0.77,0.39625,1.234271499892337,89.63912634216675
98,WCS.hete,oracle weights,0.14214463840399003,0.8935064935064935,401,0.77,0.39625,1.234271499892337,89.63912634216675
98,WCS.homo,oracle weights,0.13734939759036144,0.9298701298701298,415,0.77,0.39625,1.234271499892337,89.63912634216675
98,WCS.dtm,oracle weights,0.0,0.0,0,0.77,0.39625,1.234271499892337,89.63912634216675
98,WBH,ignore shift,0.15560640732265446,0.9584415584415584,437,0.77,0.39625,1.0,1.0
98,WCS.hete,ignore shift,0.15560640732265446,0.9584415584415584,437,0.77,0.39625,1.0,1.0
98,WCS.homo,ignore shift,0.15560640732265446,0.9584415584415584,437,0.77,0.39625,1.0,1.0
98,WCS.dtm,ignore shift,0.0,0.0,0,0.77,0.39625,1.0,1.0
98,WBH,clip weights at 3,0.10899182561307902,0.8493506493506493,367,0.77,0.39625,0.7655494879943103,3.0
98,WCS.hete,clip weights at 3,0.10899182561307902,0.8493506493506493,367,0.77,0.39625,0.7655494879943103,3.0
98,WCS.homo,clip weights at 3,0.10655737704918032,0.8493506493506493,366,0.77,0.39625,0.7655494879943103,3.0
98,WCS.dtm,clip weights at 3,0.0,0.0,0,0.77,0.39625,0.7655494879943103,3.0
99,WBH,oracle weights,0.1256544502617801,0.8906666666666667,382,0.75,0.3725,0.9423412180211009,29.74947722384906
99,WCS.hete,oracle weights,0.12737127371273713,0.8586666666666667,369,0.75,0.3725,0.9423412180211009,29.74947722384906
99,WCS.homo,oracle weights,0.1266490765171504,0.8826666666666667,379,0.75,0.3725,0.9423412180211009,29.74947722384906
99,WCS.dtm,oracle weights,0.0,0.0,0,0.75,0.3725,0.9423412180211009,29.74947722384906
99,WBH,ignore shift,0.1614457831325301,0.928,415,0.75,0.3725,1.0,1.0
99,WCS.hete,ignore shift,0.15942028985507245,0.928,414,0.75,0.3725,1.0,1.0
99,WCS.homo,ignore shift,0.15942028985507245,0.928,414,0.75,0.3725,1.0,1.0
99,WCS.dtm,ignore shift,0.0,0.0,0,0.75,0.3725,1.0,1.0
99,WBH,clip weights at 3,0.12303664921465969,0.8933333333333333,382,0.75,0.3725,0.726531038828135,3.0
99,WCS.hete,clip weights at 3,0.12137203166226913,0.888,379,0.75,0.3725,0.726531038828135,3.0
99,WCS.homo,clip weights at 3,0.12137203166226913,0.888,379,0.75,0.3725,0.726531038828135,3.0
99,WCS.dtm,clip weights at 3,0.0,0.0,0,0.75,0.3725,0.726531038828135,3.0
100,WBH,oracle weights,0.07909604519774012,0.8337595907928389,354,0.782,0.33875,1.0390796549608765,28.73846165684833
100,WCS.hete,oracle weights,0.08100558659217877,0.8414322250639387,358,0.782,0.33875,1.0390796549608765,28.73846165684833
100,WCS.homo,oracle weights,0.08192090395480225,0.8312020460358056,354,0.782,0.33875,1.0390796549608765,28.73846165684833
100,WCS.dtm,oracle weights,0.0,0.0,0,0.782,0.33875,1.0390796549608765,28.73846165684833
100,WBH,ignore shift,0.13863636363636364,0.969309462915601,440,0.782,0.33875,1.0,1.0
100,WCS.hete,ignore shift,0.13863636363636364,0.969309462915601,440,0.782,0.33875,1.0,1.0
100,WCS.homo,ignore shift,0.13863636363636364,0.969309462915601,440,0.782,0.33875,1.0,1.0
100,WCS.dtm,ignore shift,0.0,0.0,0,0.782,0.33875,1.0,1.0
100,WBH,clip weights at 3,0.06289308176100629,0.7621483375959079,318,0.782,0.33875,0.7365022744435548,3.0
100,WCS.hete,clip weights at 3,0.06230529595015576,0.7698209718670077,321,0.782,0.33875,0.7365022744435548,3.0
100,WCS.homo,clip weights at 3,0.06289308176100629,0.7621483375959079,318,0.782,0.33875,0.7365022744435548,3.0
100,WCS.dtm,clip weights at 3,0.0,0.0,0,0.782,0.33875,0.7365022744435548,3.0
101,WBH,oracle weights,0.06691449814126393,0.6783783783783783,269,0.74,0.33125,0.9406155417359695,47.227626726477155
101,WCS.hete,oracle weights,0.07058823529411765,0.6405405405405405,255,0.74,0.33125,0.9406155417359695,47.227626726477155
101,WCS.homo,oracle weights,0.06666666666666667,0.6810810810810811,270,0.74,0.33125,0.9406155417359695,47.227626726477155
101,WCS.dtm,oracle weights,0.0,0.0,0,0.74,0.33125,0.9406155417359695,47.227626726477155
101,WBH,ignore shift,0.1507537688442211,0.9135135135135135,398,0.74,0.33125,1.0,1.0
101,WCS.hete,ignore shift,0.1507537688442211,0.9135135135135135,398,0.74,0.33125,1.0,1.0
101,WCS.homo,ignore shift,0.1507537688442211,0.9135135135135135,398,0.74,0.33125,1.0,1.0
101,WCS.dtm,ignore shift,0.0,0.0,0,0.74,0.33125,1.0,1.0
101,WBH,clip weights at 3,0.06273062730627306,0.6864864864864865,271,0.74,0.33125,0.6792636294183978,3.0
101,WCS.hete,clip weights at 3,0.06273062730627306,0.6864864864864865,271,0.74,0.33125,0.6792636294183978,3.0
101,WCS.homo,clip weights at 3,0.06273062730627306,0.6864864864864865,271,0.74,0.33125,0.6792636294183978,3.0
101,WCS.dtm,clip weights at 3,0.0,0.0,0,0.74,0.33125,0.6792636294183978,3.0
102,WBH,oracle weights,0.1341772151898734,0.9047619047619048,395,0.756,0.35,0.8739373306383009,34.049359134580904
102,WCS.hete,oracle weights,0.13934426229508196,0.5555555555555556,244,0.756,0.35,0.8739373306383009,34.049359134580904
102,WCS.homo,oracle weights,0.13451776649746192,0.9021164021164021,394,0.756,0.35,0.8739373306383009,34.049359134580904
102,WCS.dtm,oracle weights,0.0,0.0,0,0.756,0.35,0.8739373306383009,34.049359134580904
102,WBH,ignore shift,0.17713004484304934,0.9708994708994709,446,0.756,0.35,1.0,1.0
102,WCS.hete,ignore shift,0.17713004484304934,0.9708994708994709,446,0.756,0.35,1.0,1.0
102,WCS.homo,ignore shift,0.17713004484304934,0.9708994708994709,446,0.756,0.35,1.0,1.0
102,WCS.dtm,ignore shift,0.0,0.0,0,0.756,0.35,1.0,1.0
102,WBH,clip weights at 3,0.12266666666666666,0.8703703703703703,375,0.756,0.35,0.6413634493549989,3.0
102,WCS.hete,clip weights at 3,0.12266666666666666,0.8703703703703703,375,0.756,0.35,0.6413634493549989,3.0
102,WCS.homo,clip weights at 3,0.12266666666666666,0.8703703703703703,375,0.756,0.35,0.6413634493549989,3.0
102,WCS.dtm,clip weights at 3,0.0,0.0,0,0.756,0.35,0.6413634493549989,3.0
103,WBH,oracle weights,0.05379746835443038,0.7627551020408163,316,0.784,0.36375,0.9921190716349321,34.50041242877093
103,WCS.hete,oracle weights,0.05379746835443038,0.7627551020408163,316,0.784,0.36375,0.9921190716349321,34.50041242877093
103,WCS.homo,oracle weights,0.05379746835443038,0.7627551020408163,316,0.784,0.36375,0.9921190716349321,34.50041242877093
103,WCS.dtm,oracle weights,0.0,0.0,0,0.784,0.36375,0.9921190716349321,34.50041242877093
103,WBH,ignore shift,0.13238770685579196,0.9362244897959183,423,0.784,0.36375,1.0,1.0
103,WCS.hete,ignore shift,0.13411764705882354,0.9387755102040817,425,0.784,0.36375,1.0,1.0
103,WCS.homo,ignore shift,0.13238770685579196,0.9362244897959183,423,0.784,0.36375,1.0,1.0
103,WCS.dtm,ignore shift,0.0,0.0,0,0.784,0.36375,1.0,1.0
103,WBH,clip weights at 3,0.05345911949685535,0.7678571428571429,318,0.784,0.36375,0.7192424970246113,3.0
103,WCS.hete,clip weights at 3,0.05345911949685535,0.7678571428571429,318,0.784,0.36375,0.7192424970246113,3.0
103,WCS.homo,clip weights at 3,0.05345911949685535,0.7678571428571429,318,0.784,0.36375,0.7192424970246113,3.0
103,WCS.dtm,clip weights at 3,0.0,0.0,0,0.784,0.36375,0.7192424970246113,3.0
104,WBH,oracle weights,0.10421836228287841,0.9304123711340206,403,0.776,0.34625,0.9793390896371852,16.628731905412323
104,WCS.hete,oracle weights,0.11055276381909548,0.9123711340206185,398,0.776,0.34625,0.9793390896371852,16.628731905412323
104,WCS.homo,oracle weights,0.10757946210268948,0.9407216494845361,409,0.776,0.34625,0.9793390896371852,16.628731905412323
104,WCS.dtm,oracle weights,0.0,0.0,0,0.776,0.34625,0.9793390896371852,16.628731905412323
104,WBH,ignore shift,0.14545454545454545,0.9690721649484536,440,0.776,0.34625,1.0,1.0
104,WCS.hete,ignore shift,0.14545454545454545,0.9690721649484536,440,0.776,0.34625,1.0,1.0
104,WCS.homo,ignore shift,0.14545454545454545,0.9690721649484536,440,0.776,0.34625,1.0,1.0
104,WCS.dtm,ignore shift,0.0,0.0,0,0.776,0.34625,1.0,1.0
104,WBH,clip weights at 3,0.0718232044198895,0.865979381443299,362,0.776,0.34625,0.7074173385484366,3.0
104,WCS.hete,clip weights at 3,0.0743801652892562,0.865979381443299,363,0.776,0.34625,0.7074173385484366,3.0
104,WCS.homo,clip weights at 3,0.0743801652892562,0.865979381443299,363,0.776,0.34625,0.7074173385484366,3.0
104,WCS.dtm,clip weights at 3,0.0,0.0,0,0.776,0.34625,0.7074173385484366,3.0
105,WBH,oracle weights,0.09217877094972067,0.8463541666666666,358,0.768,0.34,1.0356328109951674,35.44093077557553
105,WCS.hete,oracle weights,0.09302325581395349,0.8125,344,0.768,0.34,1.0356328109951674,35.44093077557553
105,WCS.homo,oracle weights,0.09192200557103064,0.8489583333333334,359,0.768,0.34,1.0356328109951674,35.44093077557553
105,WCS.dtm,oracle weights,0.0,0.0,0,0.768,0.34,1.0356328109951674,35.44093077557553
105,WBH,ignore shift,0.15046296296296297,0.9557291666666666,432,0.768,0.34,1.0,1.0
105,WCS.hete,ignore shift,0.15046296296296297,0.9557291666666666,432,0.768,0.34,1.0,1.0
105,WCS.homo,ignore shift,0.15046296296296297,0.9557291666666666,432,0.768,0.34,1.0,1.0
105,WCS.dtm,ignore shift,0.0,0.0,0,0.768,0.34,1.0,1.0
105,WBH,clip weights at 3,0.08857142857142856,0.8307291666666666,350,0.768,0.34,0.7080064922269339,3.0
105,WCS.hete,clip weights at 3,0.08857142857142856,0.8307291666666666,350,0.768,0.34,0.7080064922269339,3.0
105,WCS.homo,clip weights at 3,0.08857142857142856,0.8307291666666666,350,0.768,0.34,0.7080064922269339,3.0
105,WCS.dtm,clip weights at 3,0.0,0.0,0,0.768,0.34,0.7080064922269339,3.0
106,WBH,oracle weights,0.09487179487179487,0.9051282051282051,390,0.78,0.335,1.0239471664928592,57.0442184539797
106,WCS.hete,oracle weights,0.0918918918918919,0.8615384615384616,370,0.78,0.335,1.0239471664928592,57.0442184539797
106,WCS.homo,oracle weights,0.09487179487179487,0.9051282051282051,390,0.78,0.335,1.0239471664928592,57.0442184539797
106,WCS.dtm,oracle weights,0.0,0.0,0,0.78,0.335,1.0239471664928592,57.0442184539797
106,WBH,ignore shift,0.1223021582733813,0.9384615384615385,417,0.78,0.335,1.0,1.0
106,WCS.hete,ignore shift,0.1223021582733813,0.9384615384615385,417,0.78,0.335,1.0,1.0
106,WCS.homo,ignore shift,0.1223021582733813,0.9384615384615385,417,0.78,0.335,1.0,1.0
106,WCS.dtm,ignore shift,0.0,0.0,0,0.78,0.335,1.0,1.0
106,WBH,clip weights at 3,0.07580174927113703,0.8128205128205128,343,0.78,0.335,0.6595338332629527,3.0
106,WCS.hete,clip weights at 3,0.07309941520467836,0.8128205128205128,342,0.78,0.335,0.6595338332629527,3.0
106,WCS.homo,clip weights at 3,0.07580174927113703,0.8128205128205128,343,0.78,0.335,0.6595338332629527,3.0
106,WCS.dtm,clip weights at 3,0.0,0.0,0,0.78,0.335,0.6595338332629527,3.0
107,WBH,oracle weights,0.0783132530120482,0.7766497461928934,332,0.788,0.36,0.9566889960186526,31.153784355290853
107,WCS.hete,oracle weights,0.08450704225352113,0.1649746192893401,71,0.788,0.36,0.9566889960186526,31.153784355290853
107,WCS.homo,oracle weights,0.07692307692307693,0.7918781725888325,338,0.788,0.36,0.9566889960186526,31.153784355290853
107,WCS.dtm,oracle weights,0.0,0.0,0,0.788,0.36,0.9566889960186526,31.153784355290853
107,WBH,ignore shift,0.12971698113207547,0.9365482233502538,424,0.788,0.36,1.0,1.0
107,WCS.hete,ignore shift,0.12971698113207547,0.9365482233502538,424,0.788,0.36,1.0,1.0
107,WCS.homo,ignore shift,0.13002364066193853,0.934010152284264,423,0.788,0.36,1.0,1.0
107,WCS.dtm,ignore shift,0.0,0.0,0,0.788,0.36,1.0,1.0
107,WBH,clip weights at 3,0.06832298136645963,0.7614213197969543,322,0.788,0.36,0.7092663742724858,3.0
107,WCS.hete,clip weights at 3,0.06832298136645963,0.7614213197969543,322,0.788,0.36,0.7092663742724858,3.0
107,WCS.homo,clip weights at 3,0.06832298136645963,0.7614213197969543,322,0.788,0.36,0.7092663742724858,3.0
107,WCS.dtm,clip weights at 3,0.0,0.0,0,0.788,0.36,0.7092663742724858,3.0
108,WBH,oracle weights,0.0,0.0,0,0.78,0.3525,1.0647122724462177,26.107590262840798
108,WCS.hete,oracle weights,0.0,0.0,0,0.78,0.3525,1.0647122724462177,26.107590262840798
108,WCS.homo,oracle weights,0.0,0.046153846153846156,18,0.78,0.3525,1.0647122724462177,26.107590262840798
108,WCS.dtm,oracle weights,0.0,0.0,0,0.78,0.3525,1.0647122724462177,26.107590262840798
108,WBH,ignore shift,0.12740384615384615,0.9307692307692308,416,0.78,0.3525,1.0,1.0
108,WCS.hete,ignore shift,0.12740384615384615,0.9307692307692308,416,0.78,0.3525,1.0,1.0
108,WCS.homo,ignore shift,0.12771084337349398,0.9282051282051282,415,0.78,0.3525,1.0,1.0
108,WCS.dtm,ignore shift,0.0,0.0,0,0.78,0.3525,1.0,1.0
108,WBH,clip weights at 3,0.07255520504731862,0.7538461538461538,317,0.78,0.3525,0.7157977478870068,3.0
108,WCS.hete,clip weights at 3,0.07255520504731862,0.7538461538461538,317,0.78,0.3525,0.7157977478870068,3.0
108,WCS.homo,clip weights at 3,0.07255520504731862,0.7538461538461538,317,0.78,0.3525,0.7157977478870068,3.0
108,WCS.dtm,clip weights at 3,0.0,0.0,0,0.78,0.3525,0.7157977478870068,3.0
109,WBH,oracle weights,0.13381995133819952,0.9081632653061225,411,0.784,0.36125,0.9324604777862464,41.87286517478228
109,WCS.hete,oracle weights,0.0,0.002551020408163265,1,0.784,0.36125,0.9324604777862464,41.87286517478228
109,WCS.homo,oracle weights,0.0,0.0,0,0.784,0.36125,0.9324604777862464,41.87286517478228
109,WCS.dtm,oracle weights,0.0,0.0,0,0.784,0.36125,0.9324604777862464,41.87286517478228
109,WBH,ignore shift,0.15730337078651685,0.9566326530612245,445,0.784,0.36125,1.0,1.0
109,WCS.hete,ignore shift,0.1554054054054054,0.9566326530612245,444,0.784,0.36125,1.0,1.0
109,WCS.homo,ignore shift,0.1554054054054054,0.9566326530612245,444,0.784,0.36125,1.0,1.0
109,WCS.dtm,ignore shift,0.0,0.0,0,0.784,0.36125,1.0,1.0
109,WBH,clip weights at 3,0.10704960835509138,0.8724489795918368,383,0.784,0.36125,0.655026714168567,3.0
109,WCS.hete,clip weights at 3,0.109375,0.8724489795918368,384,0.784,0.36125,0.655026714168567,3.0
109,WCS.homo,clip weights at 3,0.10704960835509138,0.8724489795918368,383,0.784,0.36125,0.655026714168567,3.0
109,WCS.dtm,clip weights at 3,0.0,0.0,0,0.784,0.36125,0.655026714168567,3.0
110,WBH,oracle weights,0.12339331619537275,0.8743589743589744,389,0.78,0.33625,1.1589759695493476,62.686006245447224
110,WCS.hete,oracle weights,0.12339331619537275,0.8743589743589744,389,0.78,0.33625,1.1589759695493476,62.686006245447224
110,WCS.homo,oracle weights,0.12371134020618557,0.8717948717948718,388,0.78,0.33625,1.1589759695493476,62.686006245447224
110,WCS.dtm,oracle weights,0.0,0.0,0,0.78,0.33625,1.1589759695493476,62.686006245447224
110,WBH,ignore shift,0.14657210401891252,0.9256410256410257,423,0.78,0.33625,1.0,1.0
110,WCS.hete,ignore shift,0.14657210401891252,0.9256410256410257,423,0.78,0.33625,1.0,1.0
110,WCS.homo,ignore shift,0.14657210401891252,0.9256410256410257,423,0.78,0.33625,1.0,1.0
110,WCS.dtm,ignore shift,0.0,0.0,0,0.78,0.33625,1.0,1.0
110,WBH,clip weights at 3,0.08143322475570032,0.7230769230769231,307,0.78,0.33625,0.7124856436659123,3.0
110,WCS.hete,clip weights at 3,0.07868852459016394,0.7205128205128205,305,0.78,0.33625,0.7124856436659123,3.0
110,WCS.homo,clip weights at 3,0.07868852459016394,0.7205128205128205,305,0.78,0.33625,0.7124856436659123,3.0
110,WCS.dtm,clip weights at 3,0.0,0.0,0,0.78,0.33625,0.7124856436659123,3.0
111,WBH,oracle weights,0.10584958217270195,0.8294573643410853,359,0.774,0.3975,1.1371276760848719,99.3317675165099
111,WCS.hete,oracle weights,0.10764872521246459,0.813953488372093,353,0.774,0.3975,1.1371276760848719,99.3317675165099
111,WCS.homo,oracle weights,0.10555555555555556,0.8320413436692506,360,0.774,0.3975,1.1371276760848719,99.3317675165099
111,WCS.dtm,oracle weights,0.0,0.0,0,0.774,0.3975,1.1371276760848719,99.3317675165099
111,WBH,ignore shift,0.14114832535885166,0.9276485788113695,418,0.774,0.3975,1.0,1.0
111,WCS.hete,ignore shift,0.14114832535885166,0.9276485788113695,418,0.774,0.3975,1.0,1.0
111,WCS.homo,ignore shift,0.14114832535885166,0.9276485788113695,418,0.774,0.3975,1.0,1.0
111,WCS.dtm,ignore shift,0.0,0.0,0,0.774,0.3975,1.0,1.0
111,WBH,clip weights at 3,0.08923076923076922,0.7648578811369509,325,0.774,0.3975,0.7587799472972876,3.0
111,WCS.hete,clip weights at 3,0.08923076923076922,0.7648578811369509,325,0.774,0.3975,0.7587799472972876,3.0
111,WCS.homo,clip weights at 3,0.08923076923076922,0.7648578811369509,325,0.774,0.3975,0.7587799472972876,3.0
111,WCS.dtm,clip weights at 3,0.0,0.0,0,0.774,0.3975,0.7587799472972876,3.0
112,WBH,oracle weights,0.09090909090909091,0.7733333333333333,319,0.75,0.3775,1.028755427988064,21.46064248762734
112,WCS.hete,oracle weights,0.125,0.168,72,0.75,0.3775,1.028755427988064,21.46064248762734
112,WCS.homo,oracle weights,0.09090909090909091,0.7733333333333333,319,0.75,0.3775,1.028755427988064,21.46064248762734
112,WCS.dtm,oracle weights,0.0,0.0,0,0.75,0.3775,1.028755427988064,21.46064248762734
112,WBH,ignore shift,0.1507177033492823,0.9466666666666667,418,0.75,0.3775,1.0,1.0
112,WCS.hete,ignore shift,0.1507177033492823,0.9466666666666667,418,0.75,0.3775,1.0,1.0
112,WCS.homo,ignore shift,0.1507177033492823,0.9466666666666667,418,0.75,0.3775,1.0,1.0
112,WCS.dtm,ignore shift,0.0,0.0,0,0.75,0.3775,1.0,1.0
112,WBH,clip weights at 3,0.09006211180124224,0.7813333333333333,322,0.75,0.3775,0.7324050453652126,3.0
112,WCS.hete,clip weights at 3,0.08978328173374613,0.784,323,0.75,0.3775,0.7324050453652126,3.0
112,WCS.homo,clip weights at 3,0.09006211180124224,0.7813333333333333,322,0.75,0.3775,0.7324050453652126,3.0
112,WCS.dtm,clip weights at 3,0.0,0.0,0,0.75,0.3775,0.7324050453652126,3.0
113,WBH,oracle weights,0.12073490813648294,0.8567774936061381,381,0.782,0.3775,1.0997314522631199,70.60980745145767
113,WCS.hete,oracle weights,0.11842105263157894,0.8567774936061381,380,0.782,0.3775,1.0997314522631199,70.60980745145767
113,WCS.homo,oracle weights,0.11979166666666667,0.8644501278772379,384,0.782,0.3775,1.0997314522631199,70.60980745145767
113,WCS.dtm,oracle weights,0.0,0.0,0,0.782,0.3775,1.0997314522631199,70.60980745145767
113,WBH,ignore shift,0.1380952380952381,0.9258312020460358,420,0.782,0.3775,1.0,1.0
113,WCS.hete,ignore shift,0.14014251781472684,0.9258312020460358,421,0.782,0.3775,1.0,1.0
113,WCS.homo,ignore shift,0.14014251781472684,0.9258312020460358,421,0.782,0.3775,1.0,1.0
113,WCS.dtm,ignore shift,0.0,0.0,0,0.782,0.3775,1.0,1.0
113,WBH,clip weights at 3,0.059602649006622516,0.7263427109974424,302,0.782,0.3775,0.6965767931372259,3.0
113,WCS.hete,clip weights at 3,0.056856187290969896,0.7212276214833759,299,0.782,0.3775,0.6965767931372259,3.0
113,WCS.homo,clip weights at 3,0.06040268456375839,0.7161125319693095,298,0.782,0.3775,0.6965767931372259,3.0
113,WCS.dtm,clip weights at 3,0.0,0.0,0,0.782,0.3775,0.6965767931372259,3.0
114,WBH,oracle weights,0.12239583333333333,0.9010695187165776,384,0.748,0.345,0.9890848972052632,65.15906587151548
114,WCS.hete,oracle weights,0.11948051948051948,0.9064171122994652,385,0.748,0.345,0.9890848972052632,65.15906587151548
114,WCS.homo,oracle weights,0.12303664921465969,0.8957219251336899,382,0.748,0.345,0.9890848972052632,65.15906587151548
114,WCS.dtm,oracle weights,0.0,0.0,0,0.748,0.345,0.9890848972052632,65.15906587151548
114,WBH,ignore shift,0.15914489311163896,0.946524064171123,421,0.748,0.345,1.0,1.0
114,WCS.hete,ignore shift,0.15914489311163896,0.946524064171123,421,0.748,0.345,1.0,1.0
114,WCS.homo,ignore shift,0.15914489311163896,0.946524064171123,421,0.748,0.345,1.0,1.0
114,WCS.dtm,ignore shift,0.0,0.0,0,0.748,0.345,1.0,1.0
114,WBH,clip weights at 3,0.09782608695652174,0.8877005347593583,368,0.748,0.345,0.7149705795765654,3.0
114,WCS.hete,clip weights at 3,0.09782608695652174,0.8877005347593583,368,0.748,0.345,0.7149705795765654,3.0
114,WCS.homo,clip weights at 3,0.09782608695652174,0.8877005347593583,368,0.748,0.345,0.7149705795765654,3.0
114,WCS.dtm,clip weights at 3,0.0,0.0,0,0.748,0.345,0.7149705795765654,3.0
115,WBH,oracle weights,0.13730569948186527,0.8951612903225806,386,0.744,0.34125,0.9430754889277847,47.549117446351325
115,WCS.hete,oracle weights,0.14358974358974358,0.8978494623655914,390,0.744,0.34125,0.9430754889277847,47.549117446351325
115,WCS.homo,oracle weights,0.14175257731958762,0.8951612903225806,388,0.744,0.34125,0.9430754889277847,47.549117446351325
115,WCS.dtm,oracle weights,0.0,0.0,0,0.744,0.34125,0.9430754889277847,47.549117446351325
115,WBH,ignore shift,0.16312056737588654,0.9516129032258065,423,0.744,0.34125,1.0,1.0
115,WCS.hete,ignore shift,0.16312056737588654,0.9516129032258065,423,0.744,0.34125,1.0,1.0
115,WCS.homo,ignore shift,0.16312056737588654,0.9516129032258065,423,0.744,0.34125,1.0,1.0
115,WCS.dtm,ignore shift,0.0,0.0,0,0.744,0.34125,1.0,1.0
115,WBH,clip weights at 3,0.11452513966480447,0.8521505376344086,358,0.744,0.34125,0.6601932988084388,3.0
115,WCS.hete,clip weights at 3,0.11452513966480447,0.8521505376344086,358,0.744,0.34125,0.6601932988084388,3.0
115,WCS.homo,clip weights at 3,0.11452513966480447,0.8521505376344086,358,0.744,0.34125,0.6601932988084388,3.0
115,WCS.dtm,clip weights at 3,0.0,0.0,0,0.744,0.34125,0.6601932988084388,3.0
116,WBH,oracle weights,0.06116207951070336,0.7892030848329049,327,0.778,0.32375,0.8477883515056456,27.407807175923846
116,WCS.hete,oracle weights,0.072,0.2982005141388175,125,0.778,0.32375,0.8477883515056456,27.407807175923846
116,WCS.homo,oracle weights,0.06402439024390244,0.7892030848329049,328,0.778,0.32375,0.8477883515056456,27.407807175923846
116,WCS.dtm,oracle weights,0.0,0.0,0,0.778,0.32375,0.8477883515056456,27.407807175923846
116,WBH,ignore shift,0.11463414634146342,0.9331619537275064,410,0.778,0.32375,1.0,1.0
116,WCS.hete,ignore shift,0.11463414634146342,0.9331619537275064,410,0.778,0.32375,1.0,1.0
116,WCS.homo,ignore shift,0.11463414634146342,0.9331619537275064,410,0.778,0.32375,1.0,1.0
116,WCS.dtm,ignore shift,0.0,0.0,0,0.778,0.32375,1.0,1.0
116,WBH,clip weights at 3,0.05519480519480519,0.7480719794344473,308,0.778,0.32375,0.6643772358466837,3.0
116,WCS.hete,clip weights at 3,0.05537459283387622,0.7455012853470437,307,0.778,0.32375,0.6643772358466837,3.0
116,WCS.homo,clip weights at 3,0.05573770491803279,0.7403598971722365,305,0.778,0.32375,0.6643772358466837,3.0
116,WCS.dtm,clip weights at 3,0.0,0.0,0,0.778,0.32375,0.6643772358466837,3.0
117,WBH,oracle weights,0.10824742268041238,0.8826530612244898,388,0.784,0.37375,1.036956076118696,37.723230792948726
117,WCS.hete,oracle weights,0.15151515151515152,0.07142857142857142,33,0.784,0.37375,1.036956076118696,37.723230792948726
117,WCS.homo,oracle weights,0.10852713178294573,0.8801020408163265,387,0.784,0.37375,1.036956076118696,37.723230792948726
117,WCS.dtm,oracle weights,0.0,0.0,0,0.784,0.37375,1.036956076118696,37.723230792948726
117,WBH,ignore shift,0.12857142857142856,0.9336734693877551,420,0.784,0.37375,1.0,1.0
117,WCS.hete,ignore shift,0.12826603325415678,0.9362244897959183,421,0.784,0.37375,1.0,1.0
117,WCS.homo,ignore shift,0.12857142857142856,0.9336734693877551,420,0.784,0.37375,1.0,1.0
117,WCS.dtm,ignore shift,0.0,0.0,0,0.784,0.37375,1.0,1.0
117,WBH,clip weights at 3,0.060240963855421686,0.7959183673469388,332,0.784,0.37375,0.707189762104758,3.0
117,WCS.hete,clip weights at 3,0.060240963855421686,0.7959183673469388,332,0.784,0.37375,0.707189762104758,3.0
117,WCS.homo,clip weights at 3,0.06006006006006006,0.798469387755102,333,0.784,0.37375,0.707189762104758,3.0
117,WCS.dtm,clip weights at 3,0.0,0.0,0,0.784,0.37375,0.707189762104758,3.0
118,WBH,oracle weights,0.10427807486631016,0.8746736292428199,374,0.766,0.36,1.0898853002732916,19.644079810286218
118,WCS.hete,oracle weights,0.10512129380053908,0.8668407310704961,371,0.766,0.36,1.0898853002732916,19.644079810286218
118,WCS.homo,oracle weights,0.10372340425531915,0.8798955613577023,376,0.766,0.36,1.0898853002732916,19.644079810286218
118,WCS.dtm,oracle weights,0.0,0.0,0,0.766,0.36,1.0898853002732916,19.644079810286218
118,WBH,ignore shift,0.16778523489932887,0.9712793733681462,447,0.766,0.36,1.0,1.0
118,WCS.hete,ignore shift,0.16778523489932887,0.9712793733681462,447,0.766,0.36,1.0,1.0
118,WCS.homo,ignore shift,0.16778523489932887,0.9712793733681462,447,0.766,0.36,1.0,1.0
118,WCS.dtm,ignore shift,0.0,0.0,0,0.766,0.36,1.0,1.0
118,WBH,clip weights at 3,0.08253968253968254,0.7545691906005222,315,0.766,0.36,0.7459089543788532,3.0
118,WCS.hete,clip weights at 3,0.08280254777070063,0.7519582245430809,314,0.766,0.36,0.7459089543788532,3.0
118,WCS.homo,clip weights at 3,0.08280254777070063,0.7519582245430809,314,0.766,0.36,0.7459089543788532,3.0
118,WCS.dtm,clip weights at 3,0.0,0.0,0,0.766,0.36,0.7459089543788532,3.0
119,WBH,oracle weights,0.06172839506172839,0.7794871794871795,324,0.78,0.3325,0.9005932133689448,28.347633312997733
119,WCS.hete,oracle weights,0.058823529411764705,0.12307692307692308,51,0.78,0.3325,0.9005932133689448,28.347633312997733
119,WCS.homo,oracle weights,0.06134969325153374,0.7846153846153846,326,0.78,0.3325,0.9005932133689448,28.347633312997733
119,WCS.dtm,oracle weights,0.0,0.0,0,0.78,0.3325,0.9005932133689448,28.347633312997733
119,WBH,ignore shift,0.11358024691358025,0.9205128205128205,405,0.78,0.3325,1.0,1.0
119,WCS.hete,ignore shift,0.11358024691358025,0.9205128205128205,405,0.78,0.3325,1.0,1.0
119,WCS.homo,ignore shift,0.11358024691358025,0.9205128205128205,405,0.78,0.3325,1.0,1.0
119,WCS.dtm,ignore shift,0.0,0.0,0,0.78,0.3325,1.0,1.0
119,WBH,clip weights at 3,0.04513888888888889,0.7051282051282052,288,0.78,0.3325,0.689604273378842,3.0
119,WCS.hete,clip weights at 3,0.04513888888888889,0.7051282051282052,288,0.78,0.3325,0.689604273378842,3.0
119,WCS.homo,clip weights at 3,0.041379310344827586,0.7128205128205128,290,0.78,0.3325,0.689604273378842,3.0
119,WCS.dtm,clip weights at 3,0.0,0.0,0,0.78,0.3325,0.689604273378842,3.0
120,WBH,oracle weights,0.14532019704433496,0.9204244031830239,406,0.754,0.3375,0.9462445758844075,30.183504966719617
120,WCS.hete,oracle weights,0.13910761154855644,0.870026525198939,381,0.754,0.3375,0.9462445758844075,30.183504966719617
120,WCS.homo,oracle weights,0.14705882352941177,0.9230769230769231,408,0.754,0.3375,0.9462445758844075,30.183504966719617
120,WCS.dtm,oracle weights,0.0,0.0,0,0.754,0.3375,0.9462445758844075,30.183504966719617
120,WBH,ignore shift,0.16317016317016317,0.9522546419098143,429,0.754,0.3375,1.0,1.0
120,WCS.hete,ignore shift,0.16317016317016317,0.9522546419098143,429,0.754,0.3375,1.0,1.0
120,WCS.homo,ignore shift,0.16317016317016317,0.9522546419098143,429,0.754,0.3375,1.0,1.0
120,WCS.dtm,ignore shift,0.0,0.0,0,0.754,0.3375,1.0,1.0
120,WBH,clip weights at 3,0.11827956989247312,0.870026525198939,372,0.754,0.3375,0.6970730704222874,3.0
120,WCS.hete,clip weights at 3,0.11590296495956873,0.870026525198939,371,0.754,0.3375,0.6970730704222874,3.0
120,WCS.homo,clip weights at 3,0.11827956989247312,0.870026525198939,372,0.754,0.3375,0.6970730704222874,3.0
120,WCS.dtm,clip weights at 3,0.0,0.0,0,0.754,0.3375,0.6970730704222874,3.0
121,WBH,oracle weights,0.12137203166226913,0.9,379,0.74,0.33875,1.02987416700144,36.06849740094764
121,WCS.hete,oracle weights,0.12105263157894737,0.9027027027027027,380,0.74,0.33875,1.02987416700144,36.06849740094764
121,WCS.homo,oracle weights,0.12105263157894737,0.9027027027027027,380,0.74,0.33875,1.02987416700144,36.06849740094764
121,WCS.dtm,oracle weights,0.0,0.0,0,0.74,0.33875,1.02987416700144,36.06849740094764
121,WBH,ignore shift,0.1386861313868613,0.9567567567567568,411,0.74,0.33875,1.0,1.0
121,WCS.hete,ignore shift,0.13725490196078433,0.9513513513513514,408,0.74,0.33875,1.0,1.0
121,WCS.homo,ignore shift,0.13480392156862744,0.9540540540540541,408,0.74,0.33875,1.0,1.0
121,WCS.dtm,ignore shift,0.0,0.0,0,0.74,0.33875,1.0,1.0
121,WBH,clip weights at 3,0.08211143695014662,0.845945945945946,341,0.74,0.33875,0.6678060774211063,3.0
121,WCS.hete,clip weights at 3,0.08211143695014662,0.845945945945946,341,0.74,0.33875,0.6678060774211063,3.0
121,WCS.homo,clip weights at 3,0.08454810495626822,0.8486486486486486,343,0.74,0.33875,0.6678060774211063,3.0
121,WCS.dtm,clip weights at 3,0.0,0.0,0,0.74,0.33875,0.6678060774211063,3.0
122,WBH,oracle weights,0.08650519031141868,0.676923076923077,289,0.78,0.345,1.0262294865679242,29.21322215967691
122,WCS.hete,oracle weights,0.12962962962962962,0.24102564102564103,108,0.78,0.345,1.0262294865679242,29.21322215967691
122,WCS.homo,oracle weights,0.08445945945945946,0.6948717948717948,296,0.78,0.345,1.0262294865679242,29.21322215967691
122,WCS.dtm,oracle weights,0.0,0.0,0,0.78,0.345,1.0262294865679242,29.21322215967691
122,WBH,ignore shift,0.14622641509433962,0.9282051282051282,424,0.78,0.345,1.0,1.0
122,WCS.hete,ignore shift,0.14420803782505912,0.9282051282051282,423,0.78,0.345,1.0,1.0
122,WCS.homo,ignore shift,0.14657210401891252,0.9256410256410257,423,0.78,0.345,1.0,1.0
122,WCS.dtm,ignore shift,0.0,0.0,0,0.78,0.345,1.0,1.0
122,WBH,clip weights at 3,0.07692307692307693,0.7076923076923077,299,0.78,0.345,0.7202123601169335,3.0
122,WCS.hete,clip weights at 3,0.07718120805369127,0.7051282051282052,298,0.78,0.345,0.7202123601169335,3.0
122,WCS.homo,clip weights at 3,0.07718120805369127,0.7051282051282052,298,0.78,0.345,0.7202123601169335,3.0
122,WCS.dtm,clip weights at 3,0.0,0.0,0,0.78,0.345,0.7202123601169335,3.0
123,WBH,oracle weights,0.06583072100313479,0.7582697201017812,319,0.786,0.35,0.9351415028753577,31.892349879788433
123,WCS.hete,oracle weights,0.06583072100313479,0.7582697201017812,319,0.786,0.35,0.9351415028753577,31.892349879788433
123,WCS.homo,oracle weights,0.06501547987616099,0.7684478371501272,323,0.786,0.35,0.9351415028753577,31.892349879788433
123,WCS.dtm,oracle weights,0.0,0.0,0,0.786,0.35,0.9351415028753577,31.892349879788433
123,WBH,ignore shift,0.13513513513513514,0.9770992366412213,444,0.786,0.35,1.0,1.0
123,WCS.hete,ignore shift,0.13288288288288289,0.9796437659033079,444,0.786,0.35,1.0,1.0
123,WCS.homo,ignore shift,0.13318284424379231,0.9770992366412213,443,0.786,0.35,1.0,1.0
123,WCS.dtm,ignore shift,0.0,0.0,0,0.786,0.35,1.0,1.0
123,WBH,clip weights at 3,0.06748466257668712,0.7735368956743003,326,0.786,0.35,0.7260714112373303,3.0
123,WCS.hete,clip weights at 3,0.06748466257668712,0.7735368956743003,326,0.786,0.35,0.7260714112373303,3.0
123,WCS.homo,clip weights at 3,0.06748466257668712,0.7735368956743003,326,0.786,0.35,0.7260714112373303,3.0
123,WCS.dtm,clip weights at 3,0.0,0.0,0,0.786,0.35,0.7260714112373303,3.0
124,WBH,oracle weights,0.0855457227138643,0.8010335917312662,339,0.774,0.3925,1.0072970153356824,25.584388824483597
124,WCS.hete,oracle weights,0.06923076923076923,0.31266149870801035,130,0.774,0.3925,1.0072970153356824,25.584388824483597
124,WCS.homo,oracle weights,0.08797653958944282,0.8036175710594315,341,0.774,0.3925,1.0072970153356824,25.584388824483597
124,WCS.dtm,oracle weights,0.0,0.0,0,0.774,0.3925,1.0072970153356824,25.584388824483597
124,WBH,ignore shift,0.14485981308411214,0.9457364341085271,428,0.774,0.3925,1.0,1.0
124,WCS.hete,ignore shift,0.14485981308411214,0.9457364341085271,428,0.774,0.3925,1.0,1.0
124,WCS.homo,ignore shift,0.14485981308411214,0.9457364341085271,428,0.774,0.3925,1.0,1.0
124,WCS.dtm,ignore shift,0.0,0.0,0,0.774,0.3925,1.0,1.0
124,WBH,clip weights at 3,0.09917355371900827,0.8449612403100775,363,0.774,0.3925,0.75875084636363,3.0
124,WCS.hete,clip weights at 3,0.0997229916897507,0.8397932816537468,361,0.774,0.3925,0.75875084636363,3.0
124,WCS.homo,clip weights at 3,0.10220994475138122,0.8397932816537468,362,0.774,0.3925,0.75875084636363,3.0
124,WCS.dtm,clip weights at 3,0.0,0.0,0,0.774,0.3925,0.75875084636363,3.0
125,WBH,oracle weights,0.10789473684210527,0.8737113402061856,380,0.776,0.33875,0.9109163790009953,43.81376864166515
125,WCS.hete,oracle weights,0.10951008645533142,0.7963917525773195,347,0.776,0.33875,0.9109163790009953,43.81376864166515
125,WCS.homo,oracle weights,0.10966057441253264,0.8788659793814433,383,0.776,0.33875,0.9109163790009953,43.81376864166515
125,WCS.dtm,oracle weights,0.0,0.0,0,0.776,0.33875,0.9109163790009953,43.81376864166515
125,WBH,ignore shift,0.13752913752913754,0.9536082474226805,429,0.776,0.33875,1.0,1.0
125,WCS.hete,ignore shift,0.13953488372093023,0.9536082474226805,430,0.776,0.33875,1.0,1.0
125,WCS.homo,ignore shift,0.13752913752913754,0.9536082474226805,429,0.776,0.33875,1.0,1.0
125,WCS.dtm,ignore shift,0.0,0.0,0,0.776,0.33875,1.0,1.0
125,WBH,clip weights at 3,0.06645569620253164,0.7603092783505154,316,0.776,0.33875,0.680328672936362,3.0
125,WCS.hete,clip weights at 3,0.06645569620253164,0.7603092783505154,316,0.776,0.33875,0.680328672936362,3.0
125,WCS.homo,clip weights at 3,0.06666666666666667,0.7577319587628866,315,0.776,0.33875,0.680328672936362,3.0
125,WCS.dtm,clip weights at 3,0.0,0.0,0,0.776,0.33875,0.680328672936362,3.0
126,WBH,oracle weights,0.059006211180124224,0.7670886075949367,322,0.79,0.35,0.9865327914753521,22.468747147846372
126,WCS.hete,oracle weights,0.03347280334728033,0.5848101265822785,239,0.79,0.35,0.9865327914753521,22.468747147846372
126,WCS.homo,oracle weights,0.059748427672955975,0.7569620253164557,318,0.79,0.35,0.9865327914753521,22.468747147846372
126,WCS.dtm,oracle weights,0.0,0.0,0,0.79,0.35,0.9865327914753521,22.468747147846372
126,WBH,ignore shift,0.11682242990654206,0.9569620253164557,428,0.79,0.35,1.0,1.0
126,WCS.hete,ignore shift,0.11682242990654206,0.9569620253164557,428,0.79,0.35,1.0,1.0
126,WCS.homo,ignore shift,0.11682242990654206,0.9569620253164557,428,0.79,0.35,1.0,1.0
126,WCS.dtm,ignore shift,0.0,0.0,0,0.79,0.35,1.0,1.0
126,WBH,clip weights at 3,0.058823529411764705,0.769620253164557,323,0.79,0.35,0.723514665769957,3.0
126,WCS.hete,clip weights at 3,0.058823529411764705,0.769620253164557,323,0.79,0.35,0.723514665769957,3.0
126,WCS.homo,clip weights at 3,0.058823529411764705,0.769620253164557,323,0.79,0.35,0.723514665769957,3.0
126,WCS.dtm,clip weights at 3,0.0,0.0,0,0.79,0.35,0.723514665769957,3.0
127,WBH,oracle weights,0.170316301703163,0.9216216216216216,411,0.74,0.38625,1.010213221169038,31.01259866327376
127,WCS.hete,oracle weights,0.17268041237113402,0.8675675675675676,388,0.74,0.38625,1.010213221169038,31.01259866327376
127,WCS.homo,oracle weights,0.170316301703163,0.9216216216216216,411,0.74,0.38625,1.010213221169038,31.01259866327376
127,WCS.dtm,oracle weights,0.0,0.0,0,0.74,0.38625,1.010213221169038,31.01259866327376
127,WBH,ignore shift,0.18202764976958524,0.9594594594594594,434,0.74,0.38625,1.0,1.0
127,WCS.hete,ignore shift,0.18202764976958524,0.9594594594594594,434,0.74,0.38625,1.0,1.0
127,WCS.homo,ignore shift,0.18202764976958524,0.9594594594594594,434,0.74,0.38625,1.0,1.0
127,WCS.dtm,ignore shift,0.0,0.0,0,0.74,0.38625,1.0,1.0
127,WBH,clip weights at 3,0.11388888888888889,0.8621621621621621,360,0.74,0.38625,0.6980628952227157,3.0
127,WCS.hete,clip weights at 3,0.11388888888888889,0.8621621621621621,360,0.74,0.38625,0.6980628952227157,3.0
127,WCS.homo,clip weights at 3,0.11420612813370473,0.8594594594594595,359,0.74,0.38625,0.6980628952227157,3.0
127,WCS.dtm,clip weights at 3,0.0,0.0,0,0.74,0.38625,0.6980628952227157,3.0
128,WBH,oracle weights,0.08902077151335312,0.8057742782152231,337,0.762,0.36,0.9328766995551179,43.379649721793555
128,WCS.hete,oracle weights,0.08945686900958466,0.7480314960629921,313,0.762,0.36,0.9328766995551179,43.379649721793555
128,WCS.homo,oracle weights,0.09064327485380116,0.8162729658792651,342,0.762,0.36,0.9328766995551179,43.379649721793555
128,WCS.dtm,oracle weights,0.0,0.0,0,0.762,0.36,0.9328766995551179,43.379649721793555
128,WBH,ignore shift,0.14832535885167464,0.9343832020997376,418,0.762,0.36,1.0,1.0
128,WCS.hete,ignore shift,0.14832535885167464,0.9343832020997376,418,0.762,0.36,1.0,1.0
128,WCS.homo,ignore shift,0.14423076923076922,0.9343832020997376,416,0.762,0.36,1.0,1.0
128,WCS.dtm,ignore shift,0.0,0.0,0,0.762,0.36,1.0,1.0
128,WBH,clip weights at 3,0.07668711656441718,0.7900262467191601,326,0.762,0.36,0.7104786290704461,3.0
128,WCS.hete,clip weights at 3,0.07668711656441718,0.7900262467191601,326,0.762,0.36,0.7104786290704461,3.0
128,WCS.homo,clip weights at 3,0.07621951219512195,0.7952755905511811,328,0.762,0.36,0.7104786290704461,3.0
128,WCS.dtm,clip weights at 3,0.0,0.0,0,0.762,0.36,0.7104786290704461,3.0
129,WBH,oracle weights,0.07397260273972603,0.8471177944862155,365,0.798,0.3775,1.0130489190571879,33.18733000045027
129,WCS.hete,oracle weights,0.08270676691729323,0.6115288220551378,266,0.798,0.3775,1.0130489190571879,33.18733000045027
129,WCS.homo,oracle weights,0.08488063660477453,0.8646616541353384,377,0.798,0.3775,1.0130489190571879,33.18733000045027
129,WCS.dtm,oracle weights,0.0,0.0,0,0.798,0.3775,1.0130489190571879,33.18733000045027
129,WBH,ignore shift,0.1310344827586207,0.9473684210526315,435,0.798,0.3775,1.0,1.0
129,WCS.hete,ignore shift,0.13302752293577982,0.9473684210526315,436,0.798,0.3775,1.0,1.0
129,WCS.homo,ignore shift,0.13302752293577982,0.9473684210526315,436,0.798,0.3775,1.0,1.0
129,WCS.dtm,ignore shift,0.0,0.0,0,0.798,0.3775,1.0,1.0
129,WBH,clip weights at 3,0.06666666666666667,0.8070175438596491,345,0.798,0.3775,0.701624051558383,3.0
129,WCS.hete,clip weights at 3,0.06666666666666667,0.8070175438596491,345,0.798,0.3775,0.701624051558383,3.0
129,WCS.homo,clip weights at 3,0.06666666666666667,0.8070175438596491,345,0.798,0.3775,0.701624051558383,3.0
129,WCS.dtm,clip weights at 3,0.0,0.0,0,0.798,0.3775,0.701624051558383,3.0
130,WBH,oracle weights,0.11403508771929824,0.8416666666666667,342,0.72,0.32875,0.9767036554977813,35.86685012377353
130,WCS.hete,oracle weights,0.1434108527131783,0.6138888888888889,258,0.72,0.32875,0.9767036554977813,35.86685012377353
130,WCS.homo,oracle weights,0.12034383954154727,0.8527777777777777,349,0.72,0.32875,0.9767036554977813,35.86685012377353
130,WCS.dtm,oracle weights,0.0,0.0,0,0.72,0.32875,0.9767036554977813,35.86685012377353
130,WBH,ignore shift,0.18396226415094338,0.9611111111111111,424,0.72,0.32875,1.0,1.0
130,WCS.hete,ignore shift,0.18439716312056736,0.9583333333333334,423,0.72,0.32875,1.0,1.0
130,WCS.homo,ignore shift,0.18396226415094338,0.9611111111111111,424,0.72,0.32875,1.0,1.0
130,WCS.dtm,ignore shift,0.0,0.0,0,0.72,0.32875,1.0,1.0
130,WBH,clip weights at 3,0.11239193083573487,0.8555555555555555,347,0.72,0.32875,0.6750327564016384,3.0
130,WCS.hete,clip weights at 3,0.11239193083573487,0.8555555555555555,347,0.72,0.32875,0.6750327564016384,3.0
130,WCS.homo,clip weights at 3,0.11239193083573487,0.8555555555555555,347,0.72,0.32875,0.6750327564016384,3.0
130,WCS.dtm,clip weights at 3,0.0,0.0,0,0.72,0.32875,0.6750327564016384,3.0
131,WBH,oracle weights,0.10479041916167664,0.7827225130890052,334,0.764,0.34875,0.9383901634924829,31.538266541238606
131,WCS.hete,oracle weights,0.07913669064748201,0.33507853403141363,139,0.764,0.34875,0.9383901634924829,31.538266541238606
131,WCS.homo,oracle weights,0.10619469026548672,0.7931937172774869,339,0.764,0.34875,0.9383901634924829,31.538266541238606
131,WCS.dtm,oracle weights,0.0,0.0,0,0.764,0.34875,0.9383901634924829,31.538266541238606
131,WBH,ignore shift,0.1597222222222222,0.9502617801047121,432,0.764,0.34875,1.0,1.0
131,WCS.hete,ignore shift,0.1597222222222222,0.9502617801047121,432,0.764,0.34875,1.0,1.0
131,WCS.homo,ignore shift,0.1597222222222222,0.9502617801047121,432,0.764,0.34875,1.0,1.0
131,WCS.dtm,ignore shift,0.0,0.0,0,0.764,0.34875,1.0,1.0
131,WBH,clip weights at 3,0.10495626822157435,0.8036649214659686,343,0.764,0.34875,0.6876909755046383,3.0
131,WCS.hete,clip weights at 3,0.1037463976945245,0.8141361256544503,347,0.764,0.34875,0.6876909755046383,3.0
131,WCS.homo,clip weights at 3,0.1037463976945245,0.8141361256544503,347,0.764,0.34875,0.6876909755046383,3.0
131,WCS.dtm,clip weights at 3,0.0,0.0,0,0.764,0.34875,0.6876909755046383,3.0
132,WBH,oracle weights,0.08169014084507042,0.8316326530612245,355,0.784,0.385,1.1274949336941542,45.74137438216679
132,WCS.hete,oracle weights,0.08116883116883117,0.7219387755102041,308,0.784,0.385,1.1274949336941542,45.74137438216679
132,WCS.homo,oracle weights,0.08192090395480225,0.8290816326530612,354,0.784,0.385,1.1274949336941542,45.74137438216679
132,WCS.dtm,oracle weights,0.0,0.0,0,0.784,0.385,1.1274949336941542,45.74137438216679
132,WBH,ignore shift,0.13817330210772832,0.9387755102040817,427,0.784,0.385,1.0,1.0
132,WCS.hete,ignore shift,0.13817330210772832,0.9387755102040817,427,0.784,0.385,1.0,1.0
132,WCS.homo,ignore shift,0.13817330210772832,0.9387755102040817,427,0.784,0.385,1.0,1.0
132,WCS.dtm,ignore shift,0.0,0.0,0,0.784,0.385,1.0,1.0
132,WBH,clip weights at 3,0.061946902654867256,0.8112244897959183,339,0.784,0.385,0.7412543939495154,3.0
132,WCS.hete,clip weights at 3,0.061946902654867256,0.8112244897959183,339,0.784,0.385,0.7412543939495154,3.0
132,WCS.homo,clip weights at 3,0.061946902654867256,0.8112244897959183,339,0.784,0.385,0.7412543939495154,3.0
132,WCS.dtm,clip weights at 3,0.0,0.0,0,0.784,0.385,0.7412543939495154,3.0
133,WBH,oracle weights,0.06,0.8308080808080808,350,0.792,0.35125,0.9777542243950057,28.914214886894456
133,WCS.hete,oracle weights,0.06329113924050633,0.7474747474747475,316,0.792,0.35125,0.9777542243950057,28.914214886894456
133,WCS.homo,oracle weights,0.06232294617563739,0.8358585858585859,353,0.792,0.35125,0.9777542243950057,28.914214886894456
133,WCS.dtm,oracle weights,0.0,0.0,0,0.792,0.35125,0.9777542243950057,28.914214886894456
133,WBH,ignore shift,0.11267605633802817,0.9545454545454546,426,0.792,0.35125,1.0,1.0
133,WCS.hete,ignore shift,0.11267605633802817,0.9545454545454546,426,0.792,0.35125,1.0,1.0
133,WCS.homo,ignore shift,0.11267605633802817,0.9545454545454546,426,0.792,0.35125,1.0,1.0
133,WCS.dtm,ignore shift,0.0,0.0,0,0.792,0.35125,1.0,1.0
133,WBH,clip weights at 3,0.04559270516717325,0.7929292929292929,329,0.792,0.35125,0.710802508398221,3.0
133,WCS.hete,clip weights at 3,0.04559270516717325,0.7929292929292929,329,0.792,0.35125,0.710802508398221,3.0
133,WCS.homo,clip weights at 3,0.04559270516717325,0.7929292929292929,329,0.792,0.35125,0.710802508398221,3.0
133,WCS.dtm,clip weights at 3,0.0,0.0,0,0.792,0.35125,0.710802508398221,3.0
134,WBH,oracle weights,0.05521472392638037,0.7917737789203085,326,0.778,0.36875,0.9238002054992218,19.780884881004567
134,WCS.hete,oracle weights,0.059190031152647975,0.7763496143958869,321,0.778,0.36875,0.9238002054992218,19.780884881004567
134,WCS.homo,oracle weights,0.057926829268292686,0.794344473007712,328,0.778,0.36875,0.9238002054992218,19.780884881004567
134,WCS.dtm,oracle weights,0.0,0.0,0,0.778,0.36875,0.9238002054992218,19.780884881004567
134,WBH,ignore shift,0.13286713286713286,0.9562982005141388,429,0.778,0.36875,1.0,1.0
134,WCS.hete,ignore shift,0.1308411214953271,0.9562982005141388,428,0.778,0.36875,1.0,1.0
134,WCS.homo,ignore shift,0.1267605633802817,0.9562982005141388,426,0.778,0.36875,1.0,1.0
134,WCS.dtm,ignore shift,0.0,0.0,0,0.778,0.36875,1.0,1.0
134,WBH,clip weights at 3,0.03546099290780142,0.699228791773779,282,0.778,0.36875,0.7267057526914376,3.0
134,WCS.hete,clip weights at 3,0.03832752613240418,0.7095115681233933,287,0.778,0.36875,0.7267057526914376,3.0
134,WCS.homo,clip weights at 3,0.03496503496503497,0.7095115681233933,286,0.778,0.36875,0.7267057526914376,3.0
134,WCS.dtm,clip weights at 3,0.0,0.0,0,0.778,0.36875,0.7267057526914376,3.0
135,WBH,oracle weights,0.07098765432098765,0.7777777777777778,324,0.774,0.35,1.031720982933244,25.645419475402296
135,WCS.hete,oracle weights,0.09302325581395349,0.20155038759689922,86,0.774,0.35,1.031720982933244,25.645419475402296
135,WCS.homo,oracle weights,0.07076923076923076,0.7803617571059431,325,0.774,0.35,1.031720982933244,25.645419475402296
135,WCS.dtm,oracle weights,0.0,0.0,0,0.774,0.35,1.031720982933244,25.645419475402296
135,WBH,ignore shift,0.11822660098522167,0.9250645994832042,406,0.774,0.35,1.0,1.0
135,WCS.hete,ignore shift,0.11822660098522167,0.9250645994832042,406,0.774,0.35,1.0,1.0
135,WCS.homo,ignore shift,0.11822660098522167,0.9250645994832042,406,0.774,0.35,1.0,1.0
135,WCS.dtm,ignore shift,0.0,0.0,0,0.774,0.35,1.0,1.0
135,WBH,clip weights at 3,0.06050955414012739,0.7622739018087855,314,0.774,0.35,0.746161944474762,3.0
135,WCS.hete,clip weights at 3,0.06050955414012739,0.7622739018087855,314,0.774,0.35,0.746161944474762,3.0
135,WCS.homo,clip weights at 3,0.06070287539936102,0.7596899224806202,313,0.774,0.35,0.746161944474762,3.0
135,WCS.dtm,clip weights at 3,0.0,0.0,0,0.774,0.35,0.746161944474762,3.0
136,WBH,oracle weights,0.14814814814814814,0.9292929292929293,432,0.792,0.38,0.8570965882674892,23.52023865460551
136,WCS.hete,oracle weights,0.1506849315068493,0.9393939393939394,438,0.792,0.38,0.8570965882674892,23.52023865460551
136,WCS.homo,oracle weights,0.15207373271889402,0.9292929292929293,434,0.792,0.38,0.8570965882674892,23.52023865460551
136,WCS.dtm,oracle weights,0.0,0.0,0,0.792,0.38,0.8570965882674892,23.52023865460551
136,WBH,ignore shift,0.15349887133182843,0.946969696969697,443,0.792,0.38,1.0,1.0
136,WCS.hete,ignore shift,0.15349887133182843,0.946969696969697,443,0.792,0.38,1.0,1.0
136,WCS.homo,ignore shift,0.15349887133182843,0.946969696969697,443,0.792,0.38,1.0,1.0
136,WCS.dtm,ignore shift,0.0,0.0,0,0.792,0.38,1.0,1.0
136,WBH,clip weights at 3,0.12686567164179105,0.8863636363636364,402,0.792,0.38,0.6587650957529511,3.0
136,WCS.hete,clip weights at 3,0.12655086848635236,0.8888888888888888,403,0.792,0.38,0.6587650957529511,3.0
136,WCS.homo,clip weights at 3,0.12686567164179105,0.8863636363636364,402,0.792,0.38,0.6587650957529511,3.0
136,WCS.dtm,clip weights at 3,0.0,0.0,0,0.792,0.38,0.6587650957529511,3.0
137,WBH,oracle weights,0.19369369369369369,0.9623655913978495,444,0.744,0.3675,1.1419287790861885,84.5881015097702
137,WCS.hete,oracle weights,0.19457013574660634,0.956989247311828,442,0.744,0.3675,1.1419287790861885,84.5881015097702
137,WCS.homo,oracle weights,0.19457013574660634,0.956989247311828,442,0.744,0.3675,1.1419287790861885,84.5881015097702
137,WCS.dtm,oracle weights,0.0,0.0,0,0.744,0.3675,1.1419287790861885,84.5881015097702
137,WBH,ignore shift,0.17592592592592593,0.956989247311828,432,0.744,0.3675,1.0,1.0
137,WCS.hete,ignore shift,0.17592592592592593,0.956989247311828,432,0.744,0.3675,1.0,1.0
137,WCS.homo,ignore shift,0.17592592592592593,0.956989247311828,432,0.744,0.3675,1.0,1.0
137,WCS.dtm,ignore shift,0.0,0.0,0,0.744,0.3675,1.0,1.0
137,WBH,clip weights at 3,0.13881748071979436,0.9005376344086021,389,0.744,0.3675,0.7277511790082615,3.0
137,WCS.hete,clip weights at 3,0.13881748071979436,0.9005376344086021,389,0.744,0.3675,0.7277511790082615,3.0
137,WCS.homo,clip weights at 3,0.13881748071979436,0.9005376344086021,389,0.744,0.3675,0.7277511790082615,3.0
137,WCS.dtm,clip weights at 3,0.0,0.0,0,0.744,0.3675,0.7277511790082615,3.0
138,WBH,oracle weights,0.12469437652811736,0.93717277486911,409,0.764,0.36,0.8612992956155054,17.013845594369286
138,WCS.hete,oracle weights,0.13231552162849872,0.8926701570680629,393,0.764,0.36,0.8612992956155054,17.013845594369286
138,WCS.homo,oracle weights,0.12652068126520682,0.9397905759162304,411,0.764,0.36,0.8612992956155054,17.013845594369286
138,WCS.dtm,oracle weights,0.0,0.0,0,0.764,0.36,0.8612992956155054,17.013845594369286
138,WBH,ignore shift,0.1583710407239819,0.9738219895287958,442,0.764,0.36,1.0,1.0
138,WCS.hete,ignore shift,0.1583710407239819,0.9738219895287958,442,0.764,0.36,1.0,1.0
138,WCS.homo,ignore shift,0.1583710407239819,0.9738219895287958,442,0.764,0.36,1.0,1.0
138,WCS.dtm,ignore shift,0.0,0.0,0,0.764,0.36,1.0,1.0
138,WBH,clip weights at 3,0.08310991957104558,0.8952879581151832,373,0.764,0.36,0.6804987110015656,3.0
138,WCS.hete,clip weights at 3,0.08753315649867374,0.900523560209424,377,0.764,0.36,0.6804987110015656,3.0
138,WCS.homo,clip weights at 3,0.08533333333333333,0.8979057591623036,375,0.764,0.36,0.6804987110015656,3.0
138,WCS.dtm,clip weights at 3,0.0,0.0,0,0.764,0.36,0.6804987110015656,3.0
139,WBH,oracle weights,0.13729977116704806,0.9472361809045227,437,0.796,0.36,1.1243837986501035,46.62916052183571
139,WCS.hete,oracle weights,0.1506276150627615,0.5100502512562815,239,0.796,0.36,1.1243837986501035,46.62916052183571
139,WCS.homo,oracle weights,0.136986301369863,0.949748743718593,438,0.796,0.36,1.1243837986501035,46.62916052183571
139,WCS.dtm,oracle weights,0.0,0.0,0,0.796,0.36,1.1243837986501035,46.62916052183571
139,WBH,ignore shift,0.13378684807256236,0.9597989949748744,441,0.796,0.36,1.0,1.0
139,WCS.hete,ignore shift,0.13574660633484162,0.9597989949748744,442,0.796,0.36,1.0,1.0
139,WCS.homo,ignore shift,0.13574660633484162,0.9597989949748744,442,0.796,0.36,1.0,1.0
139,WCS.dtm,ignore shift,0.0,0.0,0,0.796,0.36,1.0,1.0
139,WBH,clip weights at 3,0.11192214111922141,0.9170854271356784,411,0.796,0.36,0.7025067696037752,3.0
139,WCS.hete,clip weights at 3,0.11165048543689321,0.9195979899497487,412,0.796,0.36,0.7025067696037752,3.0
139,WCS.homo,clip weights at 3,0.11192214111922141,0.9170854271356784,411,0.796,0.36,0.7025067696037752,3.0
139,WCS.dtm,clip weights at 3,0.0,0.0,0,0.796,0.36,0.7025067696037752,3.0
140,WBH,oracle weights,0.116991643454039,0.8191214470284238,359,0.774,0.35875,0.9675977366933141,24.16915407766395
140,WCS.hete,oracle weights,0.11764705882352941,0.7364341085271318,323,0.774,0.35875,0.9675977366933141,24.16915407766395
140,WCS.homo,oracle weights,0.116991643454039,0.8191214470284238,359,0.774,0.35875,0.9675977366933141,24.16915407766395
140,WCS.dtm,oracle weights,0.0,0.0,0,0.774,0.35875,0.9675977366933141,24.16915407766395
140,WBH,ignore shift,0.13580246913580246,0.9043927648578811,405,0.774,0.35875,1.0,1.0
140,WCS.hete,ignore shift,0.13580246913580246,0.9043927648578811,405,0.774,0.35875,1.0,1.0
140,WCS.homo,ignore shift,0.13580246913580246,0.9043927648578811,405,0.774,0.35875,1.0,1.0
140,WCS.dtm,ignore shift,0.0,0.0,0,0.774,0.35875,1.0,1.0
140,WBH,clip weights at 3,0.09230769230769231,0.7622739018087855,325,0.774,0.35875,0.7056320115253292,3.0
140,WCS.hete,clip weights at 3,0.09230769230769231,0.7622739018087855,325,0.774,0.35875,0.7056320115253292,3.0
140,WCS.homo,clip weights at 3,0.09230769230769231,0.7622739018087855,325,0.774,0.35875,0.7056320115253292,3.0
140,WCS.dtm,clip weights at 3,0.0,0.0,0,0.774,0.35875,0.7056320115253292,3.0
141,WBH,oracle weights,0.09221902017291066,0.8160621761658031,347,0.772,0.32125,0.9506543182399108,24.652649917380295
141,WCS.hete,oracle weights,0.09411764705882353,0.7979274611398963,340,0.772,0.32125,0.9506543182399108,24.652649917380295
141,WCS.homo,oracle weights,0.09142857142857143,0.8238341968911918,350,0.772,0.32125,0.9506543182399108,24.652649917380295
141,WCS.dtm,oracle weights,0.0,0.0,0,0.772,0.32125,0.9506543182399108,24.652649917380295
141,WBH,ignore shift,0.12949640287769784,0.9404145077720207,417,0.772,0.32125,1.0,1.0
141,WCS.hete,ignore shift,0.12949640287769784,0.9404145077720207,417,0.772,0.32125,1.0,1.0
141,WCS.homo,ignore shift,0.12949640287769784,0.9404145077720207,417,0.772,0.32125,1.0,1.0
141,WCS.dtm,ignore shift,0.0,0.0,0,0.772,0.32125,1.0,1.0
141,WBH,clip weights at 3,0.07951070336391437,0.7797927461139896,327,0.772,0.32125,0.6840791433386735,3.0
141,WCS.hete,clip weights at 3,0.0790273556231003,0.7849740932642487,329,0.772,0.32125,0.6840791433386735,3.0
141,WCS.homo,clip weights at 3,0.08181818181818182,0.7849740932642487,330,0.772,0.32125,0.6840791433386735,3.0
141,WCS.dtm,clip weights at 3,0.0,0.0,0,0.772,0.32125,0.6840791433386735,3.0
142,WBH,oracle weights,0.1471264367816092,0.9537275064267352,435,0.778,0.34625,1.1239676845997786,49.44964132577748
142,WCS.hete,oracle weights,0.14444444444444443,0.7917737789203085,360,0.778,0.34625,1.1239676845997786,49.44964132577748
142,WCS.homo,oracle weights,0.14678899082568808,0.9562982005141388,436,0.778,0.34625,1.1239676845997786,49.44964132577748
142,WCS.dtm,oracle weights,0.0,0.0,0,0.778,0.34625,1.1239676845997786,49.44964132577748
142,WBH,ignore shift,0.14772727272727273,0.9640102827763496,440,0.778,0.34625,1.0,1.0
142,WCS.hete,ignore shift,0.1461187214611872,0.961439588688946,438,0.778,0.34625,1.0,1.0
142,WCS.homo,ignore shift,0.14772727272727273,0.9640102827763496,440,0.778,0.34625,1.0,1.0
142,WCS.dtm,ignore shift,0.0,0.0,0,0.778,0.34625,1.0,1.0
142,WBH,clip weights at 3,0.11141304347826086,0.8406169665809768,368,0.778,0.34625,0.6961591827945142,3.0
142,WCS.hete,clip weights at 3,0.11171662125340599,0.8380462724935732,367,0.778,0.34625,0.6961591827945142,3.0
142,WCS.homo,clip weights at 3,0.11141304347826086,0.8406169665809768,368,0.778,0.34625,0.6961591827945142,3.0
142,WCS.dtm,clip weights at 3,0.0,0.0,0,0.778,0.34625,0.6961591827945142,3.0
143,WBH,oracle weights,0.08994708994708994,0.8753180661577609,378,0.786,0.365,1.0705479370450623,53.75382550432383
143,WCS.hete,oracle weights,0.08648648648648649,0.8600508905852418,370,0.786,0.365,1.0705479370450623,53.75382550432383
143,WCS.homo,oracle weights,0.09234828496042216,0.8753180661577609,379,0.786,0.365,1.0705479370450623,53.75382550432383
143,WCS.dtm,oracle weights,0.0,0.0,0,0.786,0.365,1.0705479370450623,53.75382550432383
143,WBH,ignore shift,0.12941176470588237,0.9414758269720102,425,0.786,0.365,1.0,1.0
143,WCS.hete,ignore shift,0.12941176470588237,0.9414758269720102,425,0.786,0.365,1.0,1.0
143,WCS.homo,ignore shift,0.12941176470588237,0.9414758269720102,425,0.786,0.365,1.0,1.0
143,WCS.dtm,ignore shift,0.0,0.0,0,0.786,0.365,1.0,1.0
143,WBH,clip weights at 3,0.07647058823529412,0.7989821882951654,340,0.786,0.365,0.739050117449039,3.0
143,WCS.hete,clip weights at 3,0.0738255033557047,0.7022900763358778,298,0.786,0.365,0.739050117449039,3.0
143,WCS.homo,clip weights at 3,0.07647058823529412,0.7989821882951654,340,0.786,0.365,0.739050117449039,3.0
143,WCS.dtm,clip weights at 3,0.0,0.0,0,0.786,0.365,0.739050117449039,3.0
144,WBH,oracle weights,0.08417508417508418,0.7253333333333334,297,0.75,0.35125,0.9405979626794861,21.014966317005026
144,WCS.hete,oracle weights,0.09057971014492754,0.6693333333333333,276,0.75,0.35125,0.9405979626794861,21.014966317005026
144,WCS.homo,oracle weights,0.08417508417508418,0.7253333333333334,297,0.75,0.35125,0.9405979626794861,21.014966317005026
144,WCS.dtm,oracle weights,0.0,0.0,0,0.75,0.35125,0.9405979626794861,21.014966317005026
144,WBH,ignore shift,0.16350710900473933,0.9413333333333334,422,0.75,0.35125,1.0,1.0
144,WCS.hete,ignore shift,0.16548463356973994,0.9413333333333334,423,0.75,0.35125,1.0,1.0
144,WCS.homo,ignore shift,0.16548463356973994,0.9413333333333334,423,0.75,0.35125,1.0,1.0
144,WCS.dtm,ignore shift,0.0,0.0,0,0.75,0.35125,1.0,1.0
144,WBH,clip weights at 3,0.0802675585284281,0.7333333333333333,299,0.75,0.35125,0.711317105589715,3.0
144,WCS.hete,clip weights at 3,0.0802675585284281,0.7333333333333333,299,0.75,0.35125,0.711317105589715,3.0
144,WCS.homo,clip weights at 3,0.0802675585284281,0.7333333333333333,299,0.75,0.35125,0.711317105589715,3.0
144,WCS.dtm,clip weights at 3,0.0,0.0,0,0.75,0.35125,0.711317105589715,3.0
145,WBH,oracle weights,0.11735941320293398,0.9209183673469388,409,0.784,0.35375,1.0580133077047733,66.48543453853402
145,WCS.hete,oracle weights,0.0,0.0,0,0.784,0.35375,1.0580133077047733,66.48543453853402
145,WCS.homo,oracle weights,0.11735941320293398,0.9209183673469388,409,0.784,0.35375,1.0580133077047733,66.48543453853402
145,WCS.dtm,oracle weights,0.0,0.0,0,0.784,0.35375,1.0580133077047733,66.48543453853402
145,WBH,ignore shift,0.13895216400911162,0.9642857142857143,439,0.784,0.35375,1.0,1.0
145,WCS.hete,ignore shift,0.13895216400911162,0.9642857142857143,439,0.784,0.35375,1.0,1.0
145,WCS.homo,ignore shift,0.13895216400911162,0.9642857142857143,439,0.784,0.35375,1.0,1.0
145,WCS.dtm,ignore shift,0.0,0.0,0,0.784,0.35375,1.0,1.0
145,WBH,clip weights at 3,0.08100558659217877,0.8392857142857143,358,0.784,0.35375,0.7074938043924612,3.0
145,WCS.hete,clip weights at 3,0.08100558659217877,0.8392857142857143,358,0.784,0.35375,0.7074938043924612,3.0
145,WCS.homo,clip weights at 3,0.08100558659217877,0.8392857142857143,358,0.784,0.35375,0.7074938043924612,3.0
145,WCS.dtm,clip weights at 3,0.0,0.0,0,0.784,0.35375,0.7074938043924612,3.0
146,WBH,oracle weights,0.09686609686609686,0.8521505376344086,351,0.744,0.335,0.9022726449601223,21.77141103614131
146,WCS.hete,oracle weights,0.08812260536398467,0.6397849462365591,261,0.744,0.335,0.9022726449601223,21.77141103614131
146,WCS.homo,oracle weights,0.1016949152542373,0.8548387096774194,354,0.744,0.335,0.9022726449601223,21.77141103614131
146,WCS.dtm,oracle weights,0.0,0.0,0,0.744,0.335,0.9022726449601223,21.77141103614131
146,WBH,ignore shift,0.13895781637717122,0.9327956989247311,403,0.744,0.335,1.0,1.0
146,WCS.hete,ignore shift,0.13895781637717122,0.9327956989247311,403,0.744,0.335,1.0,1.0
146,WCS.homo,ignore shift,0.13895781637717122,0.9327956989247311,403,0.744,0.335,1.0,1.0
146,WCS.dtm,ignore shift,0.0,0.0,0,0.744,0.335,1.0,1.0
146,WBH,clip weights at 3,0.07507507507507508,0.8279569892473119,333,0.744,0.335,0.6638572547611307,3.0
146,WCS.hete,clip weights at 3,0.07784431137724551,0.8279569892473119,334,0.744,0.335,0.6638572547611307,3.0
146,WCS.homo,clip weights at 3,0.0748502994011976,0.8306451612903226,334,0.744,0.335,0.6638572547611307,3.0
146,WCS.dtm,clip weights at 3,0.0,0.0,0,0.744,0.335,0.6638572547611307,3.0
147,WBH,oracle weights,0.0873015873015873,0.8712121212121212,378,0.792,0.34125,0.8967836456847524,41.47282496050537
147,WCS.hete,oracle weights,0.09285714285714286,0.3207070707070707,140,0.792,0.34125,0.8967836456847524,41.47282496050537
147,WCS.homo,oracle weights,0.08776595744680851,0.8661616161616161,376,0.792,0.34125,0.8967836456847524,41.47282496050537
147,WCS.dtm,oracle weights,0.0,0.0,0,0.792,0.34125,0.8967836456847524,41.47282496050537
147,WBH,ignore shift,0.1223529411764706,0.9419191919191919,425,0.792,0.34125,1.0,1.0
147,WCS.hete,ignore shift,0.1223529411764706,0.9419191919191919,425,0.792,0.34125,1.0,1.0
147,WCS.homo,ignore shift,0.1223529411764706,0.9419191919191919,425,0.792,0.34125,1.0,1.0
147,WCS.dtm,ignore shift,0.0,0.0,0,0.792,0.34125,1.0,1.0
147,WBH,clip weights at 3,0.06666666666666667,0.8484848484848485,360,0.792,0.34125,0.6912016583646893,3.0
147,WCS.hete,clip weights at 3,0.06666666666666667,0.8484848484848485,360,0.792,0.34125,0.6912016583646893,3.0
147,WCS.homo,clip weights at 3,0.06666666666666667,0.8484848484848485,360,0.792,0.34125,0.6912016583646893,3.0
147,WCS.dtm,clip weights at 3,0.0,0.0,0,0.792,0.34125,0.6912016583646893,3.0
148,WBH,oracle weights,0.0997229916897507,0.8575197889182058,361,0.758,0.355,1.1373255059967413,68.39006467028355
148,WCS.hete,oracle weights,0.10424710424710425,0.6121372031662269,259,0.758,0.355,1.1373255059967413,68.39006467028355
148,WCS.homo,oracle weights,0.10277777777777777,0.8522427440633246,360,0.758,0.355,1.1373255059967413,68.39006467028355
148,WCS.dtm,oracle weights,0.0,0.0,0,0.758,0.355,1.1373255059967413,68.39006467028355
148,WBH,ignore shift,0.15566037735849056,0.9445910290237467,424,0.758,0.355,1.0,1.0
148,WCS.hete,ignore shift,0.15566037735849056,0.9445910290237467,424,0.758,0.355,1.0,1.0
148,WCS.homo,ignore shift,0.15566037735849056,0.9445910290237467,424,0.758,0.355,1.0,1.0
148,WCS.dtm,ignore shift,0.0,0.0,0,0.758,0.355,1.0,1.0
148,WBH,clip weights at 3,0.08284023668639054,0.8179419525065963,338,0.758,0.355,0.7071069149723729,3.0
148,WCS.hete,clip weights at 3,0.0855457227138643,0.8179419525065963,339,0.758,0.355,0.7071069149723729,3.0
148,WCS.homo,clip weights at 3,0.08284023668639054,0.8179419525065963,338,0.758,0.355,0.7071069149723729,3.0
148,WCS.dtm,clip weights at 3,0.0,0.0,0,0.758,0.355,0.7071069149723729,3.0
149,WBH,oracle weights,0.08943089430894309,0.8842105263157894,369,0.76,0.3625,1.2420969797467465,135.74084987942857
149,WCS.hete,oracle weights,0.09116022099447514,0.8657894736842106,362,0.76,0.3625,1.2420969797467465,135.74084987942857
149,WCS.homo,oracle weights,0.08967391304347826,0.881578947368421,368,0.76,0.3625,1.2420969797467465,135.74084987942857
149,WCS.dtm,oracle weights,0.0,0.0,0,0.76,0.3625,1.2420969797467465,135.74084987942857
149,WBH,ignore shift,0.1038961038961039,0.9078947368421053,385,0.76,0.3625,1.0,1.0
149,WCS.hete,ignore shift,0.10416666666666667,0.9052631578947369,384,0.76,0.3625,1.0,1.0
149,WCS.homo,ignore shift,0.1038961038961039,0.9078947368421053,385,0.76,0.3625,1.0,1.0
149,WCS.dtm,ignore shift,0.0,0.0,0,0.76,0.3625,1.0,1.0
149,WBH,clip weights at 3,0.08069164265129683,0.8394736842105263,347,0.76,0.3625,0.7764999302311029,3.0
149,WCS.hete,clip weights at 3,0.08069164265129683,0.8394736842105263,347,0.76,0.3625,0.7764999302311029,3.0
149,WCS.homo,clip weights at 3,0.08069164265129683,0.8394736842105263,347,0.76,0.3625,0.7764999302311029,3.0
149,WCS.dtm,clip weights at 3,0.0,0.0,0,0.76,0.3625,0.7764999302311029,3.0
150,WBH,oracle weights,0.09448818897637795,0.8756345177664975,381,0.788,0.305,0.812761623153484,19.71888022150616
150,WCS.hete,oracle weights,0.0,0.02284263959390863,9,0.788,0.305,0.812761623153484,19.71888022150616
150,WCS.homo,oracle weights,0.09473684210526316,0.8730964467005076,380,0.788,0.305,0.812761623153484,19.71888022150616
150,WCS.dtm,oracle weights,0.0,0.0,0,0.788,0.305,0.812761623153484,19.71888022150616
150,WBH,ignore shift,0.1399548532731377,0.9670050761421319,443,0.788,0.305,1.0,1.0
150,WCS.hete,ignore shift,0.1399548532731377,0.9670050761421319,443,0.788,0.305,1.0,1.0
150,WCS.homo,ignore shift,0.1399548532731377,0.9670050761421319,443,0.788,0.305,1.0,1.0
150,WCS.dtm,ignore shift,0.0,0.0,0,0.788,0.305,1.0,1.0
150,WBH,clip weights at 3,0.07142857142857142,0.7918781725888325,336,0.788,0.305,0.6393649223526806,3.0
150,WCS.hete,clip weights at 3,0.07352941176470588,0.799492385786802,340,0.788,0.305,0.6393649223526806,3.0
150,WCS.homo,clip weights at 3,0.06906906906906907,0.7868020304568528,333,0.788,0.305,0.6393649223526806,3.0
150,WCS.dtm,clip weights at 3,0.0,0.0,0,0.788,0.305,0.6393649223526806,3.0
151,WBH,oracle weights,0.15903614457831325,0.9257294429708223,415,0.754,0.3425,1.108191610129147,97.83386921380108
151,WCS.hete,oracle weights,0.16097560975609757,0.9124668435013262,410,0.754,0.3425,1.108191610129147,97.83386921380108
151,WCS.homo,oracle weights,0.15942028985507245,0.9230769230769231,414,0.754,0.3425,1.108191610129147,97.83386921380108
151,WCS.dtm,oracle weights,0.0,0.0,0,0.754,0.3425,1.108191610129147,97.83386921380108
151,WBH,ignore shift,0.16745283018867924,0.9363395225464191,424,0.754,0.3425,1.0,1.0
151,WCS.hete,ignore shift,0.16745283018867924,0.9363395225464191,424,0.754,0.3425,1.0,1.0
151,WCS.homo,ignore shift,0.16745283018867924,0.9363395225464191,424,0.754,0.3425,1.0,1.0
151,WCS.dtm,ignore shift,0.0,0.0,0,0.754,0.3425,1.0,1.0
151,WBH,clip weights at 3,0.10422535211267606,0.843501326259947,355,0.754,0.3425,0.6539430169532738,3.0
151,WCS.hete,clip weights at 3,0.10511363636363637,0.8355437665782494,352,0.754,0.3425,0.6539430169532738,3.0
151,WCS.homo,clip weights at 3,0.10422535211267606,0.843501326259947,355,0.754,0.3425,0.6539430169532738,3.0
151,WCS.dtm,clip weights at 3,0.0,0.0,0,0.754,0.3425,0.6539430169532738,3.0
152,WBH,oracle weights,0.11691542288557213,0.9293193717277487,402,0.764,0.345,1.2210669620819268,89.43782458823277
152,WCS.hete,oracle weights,0.1346153846153846,0.5890052356020943,260,0.764,0.345,1.2210669620819268,89.43782458823277
152,WCS.homo,oracle weights,0.1175,0.9240837696335078,400,0.764,0.345,1.2210669620819268,89.43782458823277
152,WCS.dtm,oracle weights,0.0,0.0,0,0.764,0.345,1.2210669620819268,89.43782458823277
152,WBH,ignore shift,0.12679425837320574,0.9554973821989529,418,0.764,0.345,1.0,1.0
152,WCS.hete,ignore shift,0.12679425837320574,0.9554973821989529,418,0.764,0.345,1.0,1.0
152,WCS.homo,ignore shift,0.12679425837320574,0.9554973821989529,418,0.764,0.345,1.0,1.0
152,WCS.dtm,ignore shift,0.0,0.0,0,0.764,0.345,1.0,1.0
152,WBH,clip weights at 3,0.06060606060606061,0.8115183246073299,330,0.764,0.345,0.7183067262102011,3.0
152,WCS.hete,clip weights at 3,0.06060606060606061,0.8115183246073299,330,0.764,0.345,0.7183067262102011,3.0
152,WCS.homo,clip weights at 3,0.0634441087613293,0.8115183246073299,331,0.764,0.345,0.7183067262102011,3.0
152,WCS.dtm,clip weights at 3,0.0,0.0,0,0.764,0.345,0.7183067262102011,3.0
153,WBH,oracle weights,0.12303664921465969,0.8656330749354005,382,0.774,0.3675,0.949714657819014,23.871927456362954
153,WCS.hete,oracle weights,0.12137203166226913,0.8604651162790697,379,0.774,0.3675,0.949714657819014,23.871927456362954
153,WCS.homo,oracle weights,0.12239583333333333,0.8708010335917312,384,0.774,0.3675,0.949714657819014,23.871927456362954
153,WCS.dtm,oracle weights,0.0,0.0,0,0.774,0.3675,0.949714657819014,23.871927456362954
153,WBH,ignore shift,0.13636363636363635,0.9328165374677002,418,0.774,0.3675,1.0,1.0
153,WCS.hete,ignore shift,0.13636363636363635,0.9328165374677002,418,0.774,0.3675,1.0,1.0
153,WCS.homo,ignore shift,0.13636363636363635,0.9328165374677002,418,0.774,0.3675,1.0,1.0
153,WCS.dtm,ignore shift,0.0,0.0,0,0.774,0.3675,1.0,1.0
153,WBH,clip weights at 3,0.08771929824561403,0.8062015503875969,342,0.774,0.3675,0.7185444330729928,3.0
153,WCS.hete,clip weights at 3,0.08771929824561403,0.8062015503875969,342,0.774,0.3675,0.7185444330729928,3.0
153,WCS.homo,clip weights at 3,0.08771929824561403,0.8062015503875969,342,0.774,0.3675,0.7185444330729928,3.0
153,WCS.dtm,clip weights at 3,0.0,0.0,0,0.774,0.3675,0.7185444330729928,3.0
154,WBH,oracle weights,0.11173184357541899,0.8217054263565892,358,0.774,0.33875,0.8359914756543141,17.49450743015199
154,WCS.hete,oracle weights,0.1111111111111111,0.7855297157622739,342,0.774,0.33875,0.8359914756543141,17.49450743015199
154,WCS.homo,oracle weights,0.11382113821138211,0.8449612403100775,369,0.774,0.33875,0.8359914756543141,17.49450743015199
154,WCS.dtm,oracle weights,0.0,0.0,0,0.774,0.33875,0.8359914756543141,17.49450743015199
154,WBH,ignore shift,0.15130023640661938,0.9276485788113695,423,0.774,0.33875,1.0,1.0
154,WCS.hete,ignore shift,0.15130023640661938,0.9276485788113695,423,0.774,0.33875,1.0,1.0
154,WCS.homo,ignore shift,0.15130023640661938,0.9276485788113695,423,0.774,0.33875,1.0,1.0
154,WCS.dtm,ignore shift,0.0,0.0,0,0.774,0.33875,1.0,1.0
154,WBH,clip weights at 3,0.09970674486803519,0.7932816537467701,341,0.774,0.33875,0.6325411692814897,3.0
154,WCS.hete,clip weights at 3,0.09941520467836257,0.7958656330749354,342,0.774,0.33875,0.6325411692814897,3.0
154,WCS.homo,clip weights at 3,0.09734513274336283,0.7906976744186046,339,0.774,0.33875,0.6325411692814897,3.0
154,WCS.dtm,clip weights at 3,0.0,0.0,0,0.774,0.33875,0.6325411692814897,3.0
155,WBH,oracle weights,0.075,0.7628865979381443,320,0.776,0.3425,0.9878974640870206,43.64432475044134
155,WCS.hete,oracle weights,0.07792207792207792,0.7319587628865979,308,0.776,0.3425,0.9878974640870206,43.64432475044134
155,WCS.homo,oracle weights,0.08024691358024691,0.7680412371134021,324,0.776,0.3425,0.9878974640870206,43.64432475044134
155,WCS.dtm,oracle weights,0.0,0.0,0,0.776,0.3425,0.9878974640870206,43.64432475044134
155,WBH,ignore shift,0.13842482100238662,0.9304123711340206,419,0.776,0.3425,1.0,1.0
155,WCS.hete,ignore shift,0.13842482100238662,0.9304123711340206,419,0.776,0.3425,1.0,1.0
155,WCS.homo,ignore shift,0.13842482100238662,0.9304123711340206,419,0.776,0.3425,1.0,1.0
155,WCS.dtm,ignore shift,0.0,0.0,0,0.776,0.3425,1.0,1.0
155,WBH,clip weights at 3,0.06796116504854369,0.7422680412371134,309,0.776,0.3425,0.6908054600812212,3.0
155,WCS.hete,clip weights at 3,0.06752411575562701,0.7474226804123711,311,0.776,0.3425,0.6908054600812212,3.0
155,WCS.homo,clip weights at 3,0.06774193548387097,0.7448453608247423,310,0.776,0.3425,0.6908054600812212,3.0
155,WCS.dtm,clip weights at 3,0.0,0.0,0,0.776,0.3425,0.6908054600812212,3.0
156,WBH,oracle weights,0.12470588235294118,0.9465648854961832,425,0.786,0.36375,1.0661281373423759,44.06128585816574
156,WCS.hete,oracle weights,0.125,0.9440203562340967,424,0.786,0.36375,1.0661281373423759,44.06128585816574
156,WCS.homo,oracle weights,0.125,0.9440203562340967,424,0.786,0.36375,1.0661281373423759,44.06128585816574
156,WCS.dtm,oracle weights,0.0,0.0,0,0.786,0.36375,1.0661281373423759,44.06128585816574
156,WBH,ignore shift,0.13272311212814644,0.9643765903307888,437,0.786,0.36375,1.0,1.0
156,WCS.hete,ignore shift,0.13272311212814644,0.9643765903307888,437,0.786,0.36375,1.0,1.0
156,WCS.homo,ignore shift,0.13272311212814644,0.9643765903307888,437,0.786,0.36375,1.0,1.0
156,WCS.dtm,ignore shift,0.0,0.0,0,0.786,0.36375,1.0,1.0
156,WBH,clip weights at 3,0.08629441624365482,0.916030534351145,394,0.786,0.36375,0.6943029274746146,3.0
156,WCS.hete,clip weights at 3,0.08629441624365482,0.916030534351145,394,0.786,0.36375,0.6943029274746146,3.0
156,WCS.homo,clip weights at 3,0.08629441624365482,0.916030534351145,394,0.786,0.36375,0.6943029274746146,3.0
156,WCS.dtm,clip weights at 3,0.0,0.0,0,0.786,0.36375,0.6943029274746146,3.0
157,WBH,oracle weights,0.08967391304347826,0.8746736292428199,368,0.766,0.35125,0.9916968919869277,74.55205951297395
157,WCS.hete,oracle weights,0.09785932721712538,0.7702349869451697,327,0.766,0.35125,0.9916968919869277,74.55205951297395
157,WCS.homo,oracle weights,0.0967741935483871,0.8772845953002611,372,0.766,0.35125,0.9916968919869277,74.55205951297395
157,WCS.dtm,oracle weights,0.0,0.0,0,0.766,0.35125,0.9916968919869277,74.55205951297395
157,WBH,ignore shift,0.13744075829383887,0.9503916449086162,422,0.766,0.35125,1.0,1.0
157,WCS.hete,ignore shift,0.13744075829383887,0.9503916449086162,422,0.766,0.35125,1.0,1.0
157,WCS.homo,ignore shift,0.13744075829383887,0.9503916449086162,422,0.766,0.35125,1.0,1.0
157,WCS.dtm,ignore shift,0.0,0.0,0,0.766,0.35125,1.0,1.0
157,WBH,clip weights at 3,0.07407407407407407,0.8485639686684073,351,0.766,0.35125,0.6824343381622843,3.0
157,WCS.hete,clip weights at 3,0.07407407407407407,0.8485639686684073,351,0.766,0.35125,0.6824343381622843,3.0
157,WCS.homo,clip weights at 3,0.07142857142857142,0.8485639686684073,350,0.766,0.35125,0.6824343381622843,3.0
157,WCS.dtm,clip weights at 3,0.0,0.0,0,0.766,0.35125,0.6824343381622843,3.0
158,WBH,oracle weights,0.08306709265175719,0.7396907216494846,313,0.776,0.335,1.1017543757130266,39.76392728435864
158,WCS.hete,oracle weights,0.0963855421686747,0.5798969072164949,249,0.776,0.335,1.1017543757130266,39.76392728435864
158,WCS.homo,oracle weights,0.08517350157728706,0.7474226804123711,317,0.776,0.335,1.1017543757130266,39.76392728435864
158,WCS.dtm,oracle weights,0.0,0.0,0,0.776,0.335,1.1017543757130266,39.76392728435864
158,WBH,ignore shift,0.13238770685579196,0.9458762886597938,423,0.776,0.335,1.0,1.0
158,WCS.hete,ignore shift,0.13238770685579196,0.9458762886597938,423,0.776,0.335,1.0,1.0
158,WCS.homo,ignore shift,0.13238770685579196,0.9458762886597938,423,0.776,0.335,1.0,1.0
158,WCS.dtm,ignore shift,0.0,0.0,0,0.776,0.335,1.0,1.0
158,WBH,clip weights at 3,0.0784313725490196,0.7268041237113402,306,0.776,0.335,0.7112243640942565,3.0
158,WCS.hete,clip weights at 3,0.0781758957654723,0.729381443298969,307,0.776,0.335,0.7112243640942565,3.0
158,WCS.homo,clip weights at 3,0.0784313725490196,0.7268041237113402,306,0.776,0.335,0.7112243640942565,3.0
158,WCS.dtm,clip weights at 3,0.0,0.0,0,0.776,0.335,0.7112243640942565,3.0
159,WBH,oracle weights,0.13513513513513514,0.9287598944591029,407,0.758,0.37375,0.9188002135909883,60.974472713748725
159,WCS.hete,oracle weights,0.1266490765171504,0.8733509234828496,379,0.758,0.37375,0.9188002135909883,60.974472713748725
159,WCS.homo,oracle weights,0.13513513513513514,0.9287598944591029,407,0.758,0.37375,0.9188002135909883,60.974472713748725
159,WCS.dtm,oracle weights,0.0,0.0,0,0.758,0.37375,0.9188002135909883,60.974472713748725
159,WBH,ignore shift,0.15011547344110854,0.9709762532981531,433,0.758,0.37375,1.0,1.0
159,WCS.hete,ignore shift,0.15046296296296297,0.9683377308707124,432,0.758,0.37375,1.0,1.0
159,WCS.homo,ignore shift,0.15046296296296297,0.9683377308707124,432,0.758,0.37375,1.0,1.0
159,WCS.dtm,ignore shift,0.0,0.0,0,0.758,0.37375,1.0,1.0
159,WBH,clip weights at 3,0.11627906976744186,0.9023746701846965,387,0.758,0.37375,0.6845056780457205,3.0
159,WCS.hete,clip weights at 3,0.11627906976744186,0.9023746701846965,387,0.758,0.37375,0.6845056780457205,3.0
159,WCS.homo,clip weights at 3,0.11627906976744186,0.9023746701846965,387,0.758,0.37375,0.6845056780457205,3.0
159,WCS.dtm,clip weights at 3,0.0,0.0,0,0.758,0.37375,0.6845056780457205,3.0
160,WBH,oracle weights,0.08211143695014662,0.812987012987013,341,0.77,0.37,0.9491659768843504,24.544618061543975
160,WCS.hete,oracle weights,0.07758620689655173,0.8337662337662337,348,0.77,0.37,0.9491659768843504,24.544618061543975
160,WCS.homo,oracle weights,0.08022922636103152,0.8337662337662337,349,0.77,0.37,0.9491659768843504,24.544618061543975
160,WCS.dtm,oracle weights,0.0,0.0,0,0.77,0.37,0.9491659768843504,24.544618061543975
160,WBH,ignore shift,0.13157894736842105,0.9428571428571428,418,0.77,0.37,1.0,1.0
160,WCS.hete,ignore shift,0.13189448441247004,0.9402597402597402,417,0.77,0.37,1.0,1.0
160,WCS.homo,ignore shift,0.13189448441247004,0.9402597402597402,417,0.77,0.37,1.0,1.0
160,WCS.dtm,ignore shift,0.0,0.0,0,0.77,0.37,1.0,1.0
160,WBH,clip weights at 3,0.06990881458966565,0.7948051948051948,329,0.77,0.37,0.7346633742842354,3.0
160,WCS.hete,clip weights at 3,0.06990881458966565,0.7948051948051948,329,0.77,0.37,0.7346633742842354,3.0
160,WCS.homo,clip weights at 3,0.0701219512195122,0.7922077922077922,328,0.77,0.37,0.7346633742842354,3.0
160,WCS.dtm,clip weights at 3,0.0,0.0,0,0.77,0.37,0.7346633742842354,3.0
161,WBH,oracle weights,0.13829787234042554,0.8733153638814016,376,0.742,0.3325,0.9720604436727253,29.547520165073553
161,WCS.hete,oracle weights,0.1331168831168831,0.7196765498652291,308,0.742,0.3325,0.9720604436727253,29.547520165073553
161,WCS.homo,oracle weights,0.14025974025974025,0.8921832884097035,385,0.742,0.3325,0.9720604436727253,29.547520165073553
161,WCS.dtm,oracle weights,0.0,0.0,0,0.742,0.3325,0.9720604436727253,29.547520165073553
161,WBH,ignore shift,0.1580246913580247,0.9191374663072777,405,0.742,0.3325,1.0,1.0
161,WCS.hete,ignore shift,0.15422885572139303,0.9164420485175202,402,0.742,0.3325,1.0,1.0
161,WCS.homo,ignore shift,0.1546134663341646,0.9137466307277629,401,0.742,0.3325,1.0,1.0
161,WCS.dtm,ignore shift,0.0,0.0,0,0.742,0.3325,1.0,1.0
161,WBH,clip weights at 3,0.1132596685082873,0.8652291105121294,362,0.742,0.3325,0.6919975360051235,3.0
161,WCS.hete,clip weights at 3,0.11570247933884298,0.8652291105121294,363,0.742,0.3325,0.6919975360051235,3.0
161,WCS.homo,clip weights at 3,0.1132596685082873,0.8652291105121294,362,0.742,0.3325,0.6919975360051235,3.0
161,WCS.dtm,clip weights at 3,0.0,0.0,0,0.742,0.3325,0.6919975360051235,3.0
162,WBH,oracle weights,0.14136125654450263,0.8677248677248677,382,0.756,0.37,0.989104138935226,62.56135652540462
162,WCS.hete,oracle weights,0.141643059490085,0.8015873015873016,353,0.756,0.37,0.989104138935226,62.56135652540462
162,WCS.homo,oracle weights,0.140625,0.873015873015873,384,0.756,0.37,0.989104138935226,62.56135652540462
162,WCS.dtm,oracle weights,0.0,0.0,0,0.756,0.37,0.989104138935226,62.56135652540462
162,WBH,ignore shift,0.16273584905660377,0.9391534391534392,424,0.756,0.37,1.0,1.0
162,WCS.hete,ignore shift,0.16273584905660377,0.9391534391534392,424,0.756,0.37,1.0,1.0
162,WCS.homo,ignore shift,0.16273584905660377,0.9391534391534392,424,0.756,0.37,1.0,1.0
162,WCS.dtm,ignore shift,0.0,0.0,0,0.756,0.37,1.0,1.0
162,WBH,clip weights at 3,0.12011173184357542,0.8333333333333334,358,0.756,0.37,0.7256474683275287,3.0
162,WCS.hete,clip weights at 3,0.11764705882352941,0.8333333333333334,357,0.756,0.37,0.7256474683275287,3.0
162,WCS.homo,clip weights at 3,0.11797752808988764,0.8306878306878307,356,0.756,0.37,0.7256474683275287,3.0
162,WCS.dtm,clip weights at 3,0.0,0.0,0,0.756,0.37,0.7256474683275287,3.0
163,WBH,oracle weights,0.10955056179775281,0.8276762402088773,356,0.766,0.325,1.0744515864744146,97.78989595702927
163,WCS.hete,oracle weights,0.11016949152542373,0.8224543080939948,354,0.766,0.325,1.0744515864744146,97.78989595702927
163,WCS.homo,oracle weights,0.11079545454545454,0.8172323759791122,352,0.766,0.325,1.0744515864744146,97.78989595702927
163,WCS.dtm,oracle weights,0.0,0.0,0,0.766,0.325,1.0744515864744146,97.78989595702927
163,WBH,ignore shift,0.12903225806451613,0.9164490861618799,403,0.766,0.325,1.0,1.0
163,WCS.hete,ignore shift,0.12903225806451613,0.9164490861618799,403,0.766,0.325,1.0,1.0
163,WCS.homo,ignore shift,0.12903225806451613,0.9164490861618799,403,0.766,0.325,1.0,1.0
163,WCS.dtm,ignore shift,0.0,0.0,0,0.766,0.325,1.0,1.0
163,WBH,clip weights at 3,0.08333333333333333,0.7467362924281984,312,0.766,0.325,0.6882875158983388,3.0
163,WCS.hete,clip weights at 3,0.08333333333333333,0.7467362924281984,312,0.766,0.325,0.6882875158983388,3.0
163,WCS.homo,clip weights at 3,0.08333333333333333,0.7467362924281984,312,0.766,0.325,0.6882875158983388,3.0
163,WCS.dtm,clip weights at 3,0.0,0.0,0,0.766,0.325,0.6882875158983388,3.0
164,WBH,oracle weights,0.10512820512820513,0.8835443037974684,390,0.79,0.33625,0.8893270591759932,24.083210392675518
164,WCS.hete,oracle weights,0.1076923076923077,0.8810126582278481,390,0.79,0.33625,0.8893270591759932,24.083210392675518
164,WCS.homo,oracle weights,0.10512820512820513,0.8835443037974684,390,0.79,0.33625,0.8893270591759932,24.083210392675518
164,WCS.dtm,oracle weights,0.0,0.0,0,0.79,0.33625,0.8893270591759932,24.083210392675518
164,WBH,ignore shift,0.14027149321266968,0.9620253164556962,442,0.79,0.33625,1.0,1.0
164,WCS.hete,ignore shift,0.14027149321266968,0.9620253164556962,442,0.79,0.33625,1.0,1.0
164,WCS.homo,ignore shift,0.14027149321266968,0.9620253164556962,442,0.79,0.33625,1.0,1.0
164,WCS.dtm,ignore shift,0.0,0.0,0,0.79,0.33625,1.0,1.0
164,WBH,clip weights at 3,0.0967741935483871,0.850632911392405,372,0.79,0.33625,0.6817260003963928,3.0
164,WCS.hete,clip weights at 3,0.0967741935483871,0.850632911392405,372,0.79,0.33625,0.6817260003963928,3.0
164,WCS.homo,clip weights at 3,0.09893048128342247,0.8531645569620253,374,0.79,0.33625,0.6817260003963928,3.0
164,WCS.dtm,clip weights at 3,0.0,0.0,0,0.79,0.33625,0.6817260003963928,3.0
165,WBH,oracle weights,0.08743169398907104,0.8630490956072352,366,0.774,0.35375,0.8299617033761227,24.06588883221006
165,WCS.hete,oracle weights,0.0950920245398773,0.7622739018087855,326,0.774,0.35375,0.8299617033761227,24.06588883221006
165,WCS.homo,oracle weights,0.08839779005524862,0.8527131782945736,362,0.774,0.35375,0.8299617033761227,24.06588883221006
165,WCS.dtm,oracle weights,0.0,0.0,0,0.774,0.35375,0.8299617033761227,24.06588883221006
165,WBH,ignore shift,0.13752913752913754,0.9560723514211886,429,0.774,0.35375,1.0,1.0
165,WCS.hete,ignore shift,0.13752913752913754,0.9560723514211886,429,0.774,0.35375,1.0,1.0
165,WCS.homo,ignore shift,0.13752913752913754,0.9560723514211886,429,0.774,0.35375,1.0,1.0
165,WCS.dtm,ignore shift,0.0,0.0,0,0.774,0.35375,1.0,1.0
165,WBH,clip weights at 3,0.07514450867052024,0.8268733850129198,346,0.774,0.35375,0.6635297764418147,3.0
165,WCS.hete,clip weights at 3,0.07514450867052024,0.8268733850129198,346,0.774,0.35375,0.6635297764418147,3.0
165,WCS.homo,clip weights at 3,0.07514450867052024,0.8268733850129198,346,0.774,0.35375,0.6635297764418147,3.0
165,WCS.dtm,clip weights at 3,0.0,0.0,0,0.774,0.35375,0.6635297764418147,3.0
166,WBH,oracle weights,0.0,0.0,0,0.79,0.345,0.9357735483496333,31.95515733037515
166,WCS.hete,oracle weights,0.0,0.0,0,0.79,0.345,0.9357735483496333,31.95515733037515
166,WCS.homo,oracle weights,0.0,0.0,0,0.79,0.345,0.9357735483496333,31.95515733037515
166,WCS.dtm,oracle weights,0.0,0.0,0,0.79,0.345,0.9357735483496333,31.95515733037515
166,WBH,ignore shift,0.12354312354312354,0.9518987341772152,429,0.79,0.345,1.0,1.0
166,WCS.hete,ignore shift,0.12354312354312354,0.9518987341772152,429,0.79,0.345,1.0,1.0
166,WCS.homo,ignore shift,0.12354312354312354,0.9518987341772152,429,0.79,0.345,1.0,1.0
166,WCS.dtm,ignore shift,0.0,0.0,0,0.79,0.345,1.0,1.0
166,WBH,clip weights at 3,0.06837606837606838,0.8278481012658228,351,0.79,0.345,0.7011806102978625,3.0
166,WCS.hete,clip weights at 3,0.06857142857142857,0.8253164556962025,350,0.79,0.345,0.7011806102978625,3.0
166,WCS.homo,clip weights at 3,0.06837606837606838,0.8278481012658228,351,0.79,0.345,0.7011806102978625,3.0
166,WCS.dtm,clip weights at 3,0.0,0.0,0,0.79,0.345,0.7011806102978625,3.0
167,WBH,oracle weights,0.07713498622589532,0.8417085427135679,363,0.796,0.3275,0.8886662024452818,26.878474103984242
167,WCS.hete,oracle weights,0.08959537572254335,0.7914572864321608,346,0.796,0.3275,0.8886662024452818,26.878474103984242
167,WCS.homo,oracle weights,0.088,0.8592964824120602,375,0.796,0.3275,0.8886662024452818,26.878474103984242
167,WCS.dtm,oracle weights,0.0,0.0,0,0.796,0.3275,0.8886662024452818,26.878474103984242
167,WBH,ignore shift,0.12731481481481483,0.9472361809045227,432,0.796,0.3275,1.0,1.0
167,WCS.hete,ignore shift,0.12731481481481483,0.9472361809045227,432,0.796,0.3275,1.0,1.0
167,WCS.homo,ignore shift,0.12731481481481483,0.9472361809045227,432,0.796,0.3275,1.0,1.0
167,WCS.dtm,ignore shift,0.0,0.0,0,0.796,0.3275,1.0,1.0
167,WBH,clip weights at 3,0.06818181818181818,0.8241206030150754,352,0.796,0.3275,0.6666034636750986,3.0
167,WCS.hete,clip weights at 3,0.06857142857142857,0.8190954773869347,350,0.796,0.3275,0.6666034636750986,3.0
167,WCS.homo,clip weights at 3,0.06818181818181818,0.8241206030150754,352,0.796,0.3275,0.6666034636750986,3.0
167,WCS.dtm,clip weights at 3,0.0,0.0,0,0.796,0.3275,0.6666034636750986,3.0
168,WBH,oracle weights,0.11139240506329114,0.8954081632653061,395,0.784,0.39,1.0917604664219311,44.879776497667
168,WCS.hete,oracle weights,0.11224489795918367,0.8877551020408163,392,0.784,0.39,1.0917604664219311,44.879776497667
168,WCS.homo,oracle weights,0.11083123425692695,0.9005102040816326,397,0.784,0.39,1.0917604664219311,44.879776497667
168,WCS.dtm,oracle weights,0.0,0.0,0,0.784,0.39,1.0917604664219311,44.879776497667
168,WBH,ignore shift,0.13394919168591224,0.9566326530612245,433,0.784,0.39,1.0,1.0
168,WCS.hete,ignore shift,0.13394919168591224,0.9566326530612245,433,0.784,0.39,1.0,1.0
168,WCS.homo,ignore shift,0.13394919168591224,0.9566326530612245,433,0.784,0.39,1.0,1.0
168,WCS.dtm,ignore shift,0.0,0.0,0,0.784,0.39,1.0,1.0
168,WBH,clip weights at 3,0.06857142857142857,0.8316326530612245,350,0.784,0.39,0.7742315088982283,3.0
168,WCS.hete,clip weights at 3,0.07142857142857142,0.8290816326530612,350,0.784,0.39,0.7742315088982283,3.0
168,WCS.homo,clip weights at 3,0.06876790830945559,0.8290816326530612,349,0.784,0.39,0.7742315088982283,3.0
168,WCS.dtm,clip weights at 3,0.0,0.0,0,0.784,0.39,0.7742315088982283,3.0
169,WBH,oracle weights,0.11961722488038277,0.9223057644110275,418,0.798,0.36375,0.9847494753791165,31.103722114337643
169,WCS.hete,oracle weights,0.12408759124087591,0.3007518796992481,137,0.798,0.36375,0.9847494753791165,31.103722114337643
169,WCS.homo,oracle weights,0.11961722488038277,0.9223057644110275,418,0.798,0.36375,0.9847494753791165,31.103722114337643
169,WCS.dtm,oracle weights,0.0,0.0,0,0.798,0.36375,0.9847494753791165,31.103722114337643
169,WBH,ignore shift,0.13501144164759726,0.9473684210526315,437,0.798,0.36375,1.0,1.0
169,WCS.hete,ignore shift,0.13501144164759726,0.9473684210526315,437,0.798,0.36375,1.0,1.0
169,WCS.homo,ignore shift,0.13501144164759726,0.9473684210526315,437,0.798,0.36375,1.0,1.0
169,WCS.dtm,ignore shift,0.0,0.0,0,0.798,0.36375,1.0,1.0
169,WBH,clip weights at 3,0.09641873278236915,0.8220551378446115,363,0.798,0.36375,0.6925507195930911,3.0
169,WCS.hete,clip weights at 3,0.09641873278236915,0.8220551378446115,363,0.798,0.36375,0.6925507195930911,3.0
169,WCS.homo,clip weights at 3,0.09641873278236915,0.8220551378446115,363,0.798,0.36375,0.6925507195930911,3.0
169,WCS.dtm,clip weights at 3,0.0,0.0,0,0.798,0.36375,0.6925507195930911,3.0
170,WBH,oracle weights,0.1554524361948956,0.9309462915601023,431,0.782,0.33875,0.919876058568655,44.858202193191005
170,WCS.hete,oracle weights,0.1553398058252427,0.8900255754475703,412,0.782,0.33875,0.919876058568655,44.858202193191005
170,WCS.homo,oracle weights,0.1558139534883721,0.928388746803069,430,0.782,0.33875,0.919876058568655,44.858202193191005
170,WCS.dtm,oracle weights,0.0,0.0,0,0.782,0.33875,0.919876058568655,44.858202193191005
170,WBH,ignore shift,0.1548974943052392,0.948849104859335,439,0.782,0.33875,1.0,1.0
170,WCS.hete,ignore shift,0.1548974943052392,0.948849104859335,439,0.782,0.33875,1.0,1.0
170,WCS.homo,ignore shift,0.1548974943052392,0.948849104859335,439,0.782,0.33875,1.0,1.0
170,WCS.dtm,ignore shift,0.0,0.0,0,0.782,0.33875,1.0,1.0
170,WBH,clip weights at 3,0.11928934010152284,0.887468030690537,394,0.782,0.33875,0.6319147980719526,3.0
170,WCS.hete,clip weights at 3,0.11928934010152284,0.887468030690537,394,0.782,0.33875,0.6319147980719526,3.0
170,WCS.homo,clip weights at 3,0.11928934010152284,0.887468030690537,394,0.782,0.33875,0.6319147980719526,3.0
170,WCS.dtm,clip weights at 3,0.0,0.0,0,0.782,0.33875,0.6319147980719526,3.0
171,WBH,oracle weights,0.08539944903581267,0.8469387755102041,363,0.784,0.36375,0.957875355850928,29.64662669615177
171,WCS.hete,oracle weights,0.08498583569405099,0.8239795918367347,353,0.784,0.36375,0.957875355850928,29.64662669615177
171,WCS.homo,oracle weights,0.0856353591160221,0.8443877551020408,362,0.784,0.36375,0.957875355850928,29.64662669615177
171,WCS.dtm,oracle weights,0.0,0.0,0,0.784,0.36375,0.957875355850928,29.64662669615177
171,WBH,ignore shift,0.1345707656612529,0.951530612244898,431,0.784,0.36375,1.0,1.0
171,WCS.hete,ignore shift,0.1345707656612529,0.951530612244898,431,0.784,0.36375,1.0,1.0
171,WCS.homo,ignore shift,0.1345707656612529,0.951530612244898,431,0.784,0.36375,1.0,1.0
171,WCS.dtm,ignore shift,0.0,0.0,0,0.784,0.36375,1.0,1.0
171,WBH,clip weights at 3,0.07624633431085044,0.8035714285714286,341,0.784,0.36375,0.6937213880243762,3.0
171,WCS.hete,clip weights at 3,0.07624633431085044,0.8035714285714286,341,0.784,0.36375,0.6937213880243762,3.0
171,WCS.homo,clip weights at 3,0.07624633431085044,0.8035714285714286,341,0.784,0.36375,0.6937213880243762,3.0
171,WCS.dtm,clip weights at 3,0.0,0.0,0,0.784,0.36375,0.6937213880243762,3.0
172,WBH,oracle weights,0.12864077669902912,0.8975,412,0.8,0.35375,0.9843639662236324,23.486645495846858
172,WCS.hete,oracle weights,0.1242603550295858,0.74,338,0.8,0.35375,0.9843639662236324,23.486645495846858
172,WCS.homo,oracle weights,0.13317191283292978,0.895,413,0.8,0.35375,0.9843639662236324,23.486645495846858
172,WCS.dtm,oracle weights,0.0,0.0,0,0.8,0.35375,0.9843639662236324,23.486645495846858
172,WBH,ignore shift,0.13513513513513514,0.96,444,0.8,0.35375,1.0,1.0
172,WCS.hete,ignore shift,0.13513513513513514,0.96,444,0.8,0.35375,1.0,1.0
172,WCS.homo,ignore shift,0.13513513513513514,0.96,444,0.8,0.35375,1.0,1.0
172,WCS.dtm,ignore shift,0.0,0.0,0,0.8,0.35375,1.0,1.0
172,WBH,clip weights at 3,0.09162303664921466,0.8675,382,0.8,0.35375,0.6983975249113398,3.0
172,WCS.hete,clip weights at 3,0.09162303664921466,0.8675,382,0.8,0.35375,0.6983975249113398,3.0
172,WCS.homo,clip weights at 3,0.09162303664921466,0.8675,382,0.8,0.35375,0.6983975249113398,3.0
172,WCS.dtm,clip weights at 3,0.0,0.0,0,0.8,0.35375,0.6983975249113398,3.0
173,WBH,oracle weights,0.06626506024096386,0.7673267326732673,332,0.808,0.34625,0.9302667598496845,42.50672395616599
173,WCS.hete,oracle weights,0.0,0.009900990099009901,4,0.808,0.34625,0.9302667598496845,42.50672395616599
173,WCS.homo,oracle weights,0.06865671641791045,0.7722772277227723,335,0.808,0.34625,0.9302667598496845,42.50672395616599
173,WCS.dtm,oracle weights,0.0,0.0,0,0.808,0.34625,0.9302667598496845,42.50672395616599
173,WBH,ignore shift,0.11162790697674418,0.9455445544554455,430,0.808,0.34625,1.0,1.0
173,WCS.hete,ignore shift,0.11162790697674418,0.9455445544554455,430,0.808,0.34625,1.0,1.0
173,WCS.homo,ignore shift,0.11162790697674418,0.9455445544554455,430,0.808,0.34625,1.0,1.0
173,WCS.dtm,ignore shift,0.0,0.0,0,0.808,0.34625,1.0,1.0
173,WBH,clip weights at 3,0.06432748538011696,0.7920792079207921,342,0.808,0.34625,0.704818738195153,3.0
173,WCS.hete,clip weights at 3,0.05934718100890208,0.7846534653465347,337,0.808,0.34625,0.704818738195153,3.0
173,WCS.homo,clip weights at 3,0.056716417910447764,0.7821782178217822,335,0.808,0.34625,0.704818738195153,3.0
173,WCS.dtm,clip weights at 3,0.0,0.0,0,0.808,0.34625,0.704818738195153,3.0
174,WBH,oracle weights,0.13170731707317074,0.898989898989899,410,0.792,0.34125,0.8872398542495423,14.50628592867121
174,WCS.hete,oracle weights,0.13283208020050125,0.8737373737373737,399,0.792,0.34125,0.8872398542495423,14.50628592867121
174,WCS.homo,oracle weights,0.13138686131386862,0.9015151515151515,411,0.792,0.34125,0.8872398542495423,14.50628592867121
174,WCS.dtm,oracle weights,0.0,0.0,0,0.792,0.34125,0.8872398542495423,14.50628592867121
174,WBH,ignore shift,0.16099773242630386,0.9343434343434344,441,0.792,0.34125,1.0,1.0
174,WCS.hete,ignore shift,0.16099773242630386,0.9343434343434344,441,0.792,0.34125,1.0,1.0
174,WCS.homo,ignore shift,0.16099773242630386,0.9343434343434344,441,0.792,0.34125,1.0,1.0
174,WCS.dtm,ignore shift,0.0,0.0,0,0.792,0.34125,1.0,1.0
174,WBH,clip weights at 3,0.11488250652741515,0.8560606060606061,383,0.792,0.34125,0.6703756848881679,3.0
174,WCS.hete,clip weights at 3,0.1178082191780822,0.8131313131313131,365,0.792,0.34125,0.6703756848881679,3.0
174,WCS.homo,clip weights at 3,0.11375661375661375,0.8459595959595959,378,0.792,0.34125,0.6703756848881679,3.0
174,WCS.dtm,clip weights at 3,0.0,0.0,0,0.792,0.34125,0.6703756848881679,3.0
175,WBH,oracle weights,0.04452054794520548,0.7153846153846154,292,0.78,0.38375,0.9648808216889546,22.139779010071262
175,WCS.hete,oracle weights,0.046263345195729534,0.6871794871794872,281,0.78,0.38375,0.9648808216889546,22.139779010071262
175,WCS.homo,oracle weights,0.04452054794520548,0.7153846153846154,292,0.78,0.38375,0.9648808216889546,22.139779010071262
175,WCS.dtm,oracle weights,0.0,0.0,0,0.78,0.38375,0.9648808216889546,22.139779010071262
175,WBH,ignore shift,0.13126491646778043,0.9333333333333333,419,0.78,0.38375,1.0,1.0
175,WCS.hete,ignore shift,0.13095238095238096,0.9358974358974359,420,0.78,0.38375,1.0,1.0
175,WCS.homo,ignore shift,0.13126491646778043,0.9333333333333333,419,0.78,0.38375,1.0,1.0
175,WCS.dtm,ignore shift,0.0,0.0,0,0.78,0.38375,1.0,1.0
175,WBH,clip weights at 3,0.040892193308550186,0.6615384615384615,269,0.78,0.38375,0.7355941790723156,3.0
175,WCS.hete,clip weights at 3,0.03745318352059925,0.658974358974359,267,0.78,0.38375,0.7355941790723156,3.0
175,WCS.homo,clip weights at 3,0.03759398496240601,0.6564102564102564,266,0.78,0.38375,0.7355941790723156,3.0
175,WCS.dtm,clip weights at 3,0.0,0.0,0,0.78,0.38375,0.7355941790723156,3.0
176,WBH,oracle weights,0.08571428571428572,0.8488063660477454,350,0.754,0.3525,0.9131153141356074,23.445327260722312
176,WCS.hete,oracle weights,0.08875739644970414,0.8169761273209549,338,0.754,0.3525,0.9131153141356074,23.445327260722312
176,WCS.homo,oracle weights,0.0896358543417367,0.8620689655172413,357,0.754,0.3525,0.9131153141356074,23.445327260722312
176,WCS.dtm,oracle weights,0.0,0.0,0,0.754,0.3525,0.9131153141356074,23.445327260722312
176,WBH,ignore shift,0.14523809523809525,0.9522546419098143,420,0.754,0.3525,1.0,1.0
176,WCS.hete,ignore shift,0.1431980906921241,0.9522546419098143,419,0.754,0.3525,1.0,1.0
176,WCS.homo,ignore shift,0.1431980906921241,0.9522546419098143,419,0.754,0.3525,1.0,1.0
176,WCS.dtm,ignore shift,0.0,0.0,0,0.754,0.3525,1.0,1.0
176,WBH,clip weights at 3,0.07033639143730887,0.8063660477453581,327,0.754,0.3525,0.7049004538192404,3.0
176,WCS.hete,clip weights at 3,0.07033639143730887,0.8063660477453581,327,0.754,0.3525,0.7049004538192404,3.0
176,WCS.homo,clip weights at 3,0.07033639143730887,0.8063660477453581,327,0.754,0.3525,0.7049004538192404,3.0
176,WCS.dtm,clip weights at 3,0.0,0.0,0,0.754,0.3525,0.7049004538192404,3.0
177,WBH,oracle weights,0.0664451827242525,0.727979274611399,301,0.772,0.34625,0.9695154342284406,17.631812936989483
177,WCS.hete,oracle weights,0.043478260869565216,0.22797927461139897,92,0.772,0.34625,0.9695154342284406,17.631812936989483
177,WCS.homo,oracle weights,0.06333333333333334,0.727979274611399,300,0.772,0.34625,0.9695154342284406,17.631812936989483
177,WCS.dtm,oracle weights,0.0,0.0,0,0.772,0.34625,0.9695154342284406,17.631812936989483
177,WBH,ignore shift,0.1330049261083744,0.9119170984455959,406,0.772,0.34625,1.0,1.0
177,WCS.hete,ignore shift,0.13267813267813267,0.9145077720207254,407,0.772,0.34625,1.0,1.0
177,WCS.homo,ignore shift,0.13513513513513514,0.9119170984455959,407,0.772,0.34625,1.0,1.0
177,WCS.dtm,ignore shift,0.0,0.0,0,0.772,0.34625,1.0,1.0
177,WBH,clip weights at 3,0.06229508196721312,0.7409326424870466,305,0.772,0.34625,0.7416645002688447,3.0
177,WCS.hete,clip weights at 3,0.06060606060606061,0.7227979274611399,297,0.772,0.34625,0.7416645002688447,3.0
177,WCS.homo,clip weights at 3,0.06,0.7305699481865285,300,0.772,0.34625,0.7416645002688447,3.0
177,WCS.dtm,clip weights at 3,0.0,0.0,0,0.772,0.34625,0.7416645002688447,3.0
178,WBH,oracle weights,0.13559322033898305,0.9272727272727272,413,0.77,0.3675,1.0060890412530865,31.11984950946564
178,WCS.hete,oracle weights,0.1388888888888889,0.6441558441558441,288,0.77,0.3675,1.0060890412530865,31.11984950946564
178,WCS.homo,oracle weights,0.0,0.0,0,0.77,0.3675,1.0060890412530865,31.11984950946564
178,WCS.dtm,oracle weights,0.0,0.0,0,0.77,0.3675,1.0060890412530865,31.11984950946564
178,WBH,ignore shift,0.13615023474178403,0.9558441558441558,426,0.77,0.3675,1.0,1.0
178,WCS.hete,ignore shift,0.13615023474178403,0.9558441558441558,426,0.77,0.3675,1.0,1.0
178,WCS.homo,ignore shift,0.13647058823529412,0.9532467532467532,425,0.77,0.3675,1.0,1.0
178,WCS.dtm,ignore shift,0.0,0.0,0,0.77,0.3675,1.0,1.0
178,WBH,clip weights at 3,0.10621761658031088,0.8961038961038961,386,0.77,0.3675,0.7271476026285043,3.0
178,WCS.hete,clip weights at 3,0.10796915167095116,0.9012987012987013,389,0.77,0.3675,0.7271476026285043,3.0
178,WCS.homo,clip weights at 3,0.10852713178294573,0.8961038961038961,387,0.77,0.3675,0.7271476026285043,3.0
178,WCS.dtm,clip weights at 3,0.0,0.0,0,0.77,0.3675,0.7271476026285043,3.0
179,WBH,oracle weights,0.13095238095238096,0.9383033419023136,420,0.778,0.36,1.2520829090012975,75.7466902787086
179,WCS.hete,oracle weights,0.13285024154589373,0.922879177377892,414,0.778,0.36,1.2520829090012975,75.7466902787086
179,WCS.homo,oracle weights,0.0,0.0,0,0.778,0.36,1.2520829090012975,75.7466902787086
179,WCS.dtm,oracle weights,0.0,0.0,0,0.778,0.36,1.2520829090012975,75.7466902787086
179,WBH,ignore shift,0.13986013986013987,0.9485861182519281,429,0.778,0.36,1.0,1.0
179,WCS.hete,ignore shift,0.13986013986013987,0.9485861182519281,429,0.778,0.36,1.0,1.0
179,WCS.homo,ignore shift,0.13986013986013987,0.9485861182519281,429,0.778,0.36,1.0,1.0
179,WCS.dtm,ignore shift,0.0,0.0,0,0.778,0.36,1.0,1.0
179,WBH,clip weights at 3,0.08791208791208792,0.8534704370179949,364,0.778,0.36,0.7104611013295182,3.0
179,WCS.hete,clip weights at 3,0.08791208791208792,0.8534704370179949,364,0.778,0.36,0.7104611013295182,3.0
179,WCS.homo,clip weights at 3,0.08791208791208792,0.8534704370179949,364,0.778,0.36,0.7104611013295182,3.0
179,WCS.dtm,clip weights at 3,0.0,0.0,0,0.778,0.36,0.7104611013295182,3.0
180,WBH,oracle weights,0.10344827586206896,0.8387096774193549,377,0.806,0.3975,1.0563763350791882,54.39835894854243
180,WCS.hete,oracle weights,0.10422535211267606,0.7890818858560794,355,0.806,0.3975,1.0563763350791882,54.39835894854243
180,WCS.homo,oracle weights,0.10236220472440945,0.8486352357320099,381,0.806,0.3975,1.0563763350791882,54.39835894854243
180,WCS.dtm,oracle weights,0.0,0.0,0,0.806,0.3975,1.0563763350791882,54.39835894854243
180,WBH,ignore shift,0.1313364055299539,0.9354838709677419,434,0.806,0.3975,1.0,1.0
180,WCS.hete,ignore shift,0.1313364055299539,0.9354838709677419,434,0.806,0.3975,1.0,1.0
180,WCS.homo,ignore shift,0.1313364055299539,0.9354838709677419,434,0.806,0.3975,1.0,1.0
180,WCS.dtm,ignore shift,0.0,0.0,0,0.806,0.3975,1.0,1.0
180,WBH,clip weights at 3,0.07988165680473373,0.771712158808933,338,0.806,0.3975,0.7428846129375821,3.0
180,WCS.hete,clip weights at 3,0.07988165680473373,0.771712158808933,338,0.806,0.3975,0.7428846129375821,3.0
180,WCS.homo,clip weights at 3,0.07988165680473373,0.771712158808933,338,0.806,0.3975,0.7428846129375821,3.0
180,WCS.dtm,clip weights at 3,0.0,0.0,0,0.806,0.3975,0.7428846129375821,3.0
181,WBH,oracle weights,0.12408759124087591,0.9326424870466321,411,0.772,0.37625,1.1057655874804075,62.2282948781849
181,WCS.hete,oracle weights,0.12378640776699029,0.9352331606217616,412,0.772,0.37625,1.1057655874804075,62.2282948781849
181,WCS.homo,oracle weights,0.12682926829268293,0.927461139896373,410,0.772,0.37625,1.1057655874804075,62.2282948781849
181,WCS.dtm,oracle weights,0.0,0.0,0,0.772,0.37625,1.1057655874804075,62.2282948781849
181,WBH,ignore shift,0.1425233644859813,0.9507772020725389,428,0.772,0.37625,1.0,1.0
181,WCS.hete,ignore shift,0.1425233644859813,0.9507772020725389,428,0.772,0.37625,1.0,1.0
181,WCS.homo,ignore shift,0.1425233644859813,0.9507772020725389,428,0.772,0.37625,1.0,1.0
181,WCS.dtm,ignore shift,0.0,0.0,0,0.772,0.37625,1.0,1.0
181,WBH,clip weights at 3,0.06962025316455696,0.7616580310880829,316,0.772,0.37625,0.72059699811806,3.0
181,WCS.hete,clip weights at 3,0.06645569620253164,0.7642487046632125,316,0.772,0.37625,0.72059699811806,3.0
181,WCS.homo,clip weights at 3,0.06962025316455696,0.7616580310880829,316,0.772,0.37625,0.72059699811806,3.0
181,WCS.dtm,clip weights at 3,0.0,0.0,0,0.772,0.37625,0.72059699811806,3.0
182,WBH,oracle weights,0.12655086848635236,0.9142857142857143,403,0.77,0.36,1.0359965135754274,37.52087385094987
182,WCS.hete,oracle weights,0.12878787878787878,0.8961038961038961,396,0.77,0.36,1.0359965135754274,37.52087385094987
182,WCS.homo,oracle weights,0.12686567164179105,0.9116883116883117,402,0.77,0.36,1.0359965135754274,37.52087385094987
182,WCS.dtm,oracle weights,0.0,0.0,0,0.77,0.36,1.0359965135754274,37.52087385094987
182,WBH,ignore shift,0.1262135922330097,0.935064935064935,412,0.77,0.36,1.0,1.0
182,WCS.hete,ignore shift,0.12832929782082325,0.935064935064935,413,0.77,0.36,1.0,1.0
182,WCS.homo,ignore shift,0.12832929782082325,0.935064935064935,413,0.77,0.36,1.0,1.0
182,WCS.dtm,ignore shift,0.0,0.0,0,0.77,0.36,1.0,1.0
182,WBH,clip weights at 3,0.09090909090909091,0.8571428571428571,363,0.77,0.36,0.7220687962007986,3.0
182,WCS.hete,clip weights at 3,0.0886426592797784,0.8545454545454545,361,0.77,0.36,0.7220687962007986,3.0
182,WCS.homo,clip weights at 3,0.08587257617728532,0.8571428571428571,361,0.77,0.36,0.7220687962007986,3.0
182,WCS.dtm,clip weights at 3,0.0,0.0,0,0.77,0.36,0.7220687962007986,3.0
183,WBH,oracle weights,0.08244680851063829,0.8756345177664975,376,0.788,0.345,0.9052002277283401,26.17464286745461
183,WCS.hete,oracle weights,0.08493150684931507,0.8477157360406091,365,0.788,0.345,0.9052002277283401,26.17464286745461
183,WCS.homo,oracle weights,0.08288770053475936,0.8705583756345178,374,0.788,0.345,0.9052002277283401,26.17464286745461
183,WCS.dtm,oracle weights,0.0,0.0,0,0.788,0.345,0.9052002277283401,26.17464286745461
183,WBH,ignore shift,0.12984054669703873,0.9695431472081218,439,0.788,0.345,1.0,1.0
183,WCS.hete,ignore shift,0.12984054669703873,0.9695431472081218,439,0.788,0.345,1.0,1.0
183,WCS.homo,ignore shift,0.12984054669703873,0.9695431472081218,439,0.788,0.345,1.0,1.0
183,WCS.dtm,ignore shift,0.0,0.0,0,0.788,0.345,1.0,1.0
183,WBH,clip weights at 3,0.07567567567567568,0.868020304568528,370,0.788,0.345,0.6949926260844712,3.0
183,WCS.hete,clip weights at 3,0.07567567567567568,0.868020304568528,370,0.788,0.345,0.6949926260844712,3.0
183,WCS.homo,clip weights at 3,0.07567567567567568,0.868020304568528,370,0.788,0.345,0.6949926260844712,3.0
183,WCS.dtm,clip weights at 3,0.0,0.0,0,0.788,0.345,0.6949926260844712,3.0
184,WBH,oracle weights,0.06015037593984962,0.6329113924050633,266,0.79,0.3575,1.0337748314121415,47.62033522248919
184,WCS.hete,oracle weights,0.14285714285714285,0.09113924050632911,42,0.79,0.3575,1.0337748314121415,47.62033522248919
184,WCS.homo,oracle weights,0.0599250936329588,0.6354430379746835,267,0.79,0.3575,1.0337748314121415,47.62033522248919
184,WCS.dtm,oracle weights,0.0,0.0,0,0.79,0.3575,1.0337748314121415,47.62033522248919
184,WBH,ignore shift,0.1100244498777506,0.9215189873417722,409,0.79,0.3575,1.0,1.0
184,WCS.hete,ignore shift,0.1100244498777506,0.9215189873417722,409,0.79,0.3575,1.0,1.0
184,WCS.homo,ignore shift,0.1100244498777506,0.9215189873417722,409,0.79,0.3575,1.0,1.0
184,WCS.dtm,ignore shift,0.0,0.0,0,0.79,0.3575,1.0,1.0
184,WBH,clip weights at 3,0.057971014492753624,0.6582278481012658,276,0.79,0.3575,0.6983797233585994,3.0
184,WCS.hete,clip weights at 3,0.057971014492753624,0.6582278481012658,276,0.79,0.3575,0.6983797233585994,3.0
184,WCS.homo,clip weights at 3,0.057971014492753624,0.6582278481012658,276,0.79,0.3575,0.6983797233585994,3.0
184,WCS.dtm,clip weights at 3,0.0,0.0,0,0.79,0.3575,0.6983797233585994,3.0
185,WBH,oracle weights,0.08516483516483517,0.8430379746835444,364,0.79,0.36875,0.8994622447276638,29.998256125082143
185,WCS.hete,oracle weights,0.0886426592797784,0.8329113924050633,361,0.79,0.36875,0.8994622447276638,29.998256125082143
185,WCS.homo,oracle weights,0.08967391304347826,0.8481012658227848,368,0.79,0.36875,0.8994622447276638,29.998256125082143
185,WCS.dtm,oracle weights,0.0,0.0,0,0.79,0.36875,0.8994622447276638,29.998256125082143
185,WBH,ignore shift,0.12672811059907835,0.959493670886076,434,0.79,0.36875,1.0,1.0
185,WCS.hete,ignore shift,0.12672811059907835,0.959493670886076,434,0.79,0.36875,1.0,1.0
185,WCS.homo,ignore shift,0.12672811059907835,0.959493670886076,434,0.79,0.36875,1.0,1.0
185,WCS.dtm,ignore shift,0.0,0.0,0,0.79,0.36875,1.0,1.0
185,WBH,clip weights at 3,0.0764525993883792,0.7645569620253164,327,0.79,0.36875,0.6947649319435993,3.0
185,WCS.hete,clip weights at 3,0.0764525993883792,0.7645569620253164,327,0.79,0.36875,0.6947649319435993,3.0
185,WCS.homo,clip weights at 3,0.0764525993883792,0.7645569620253164,327,0.79,0.36875,0.6947649319435993,3.0
185,WCS.dtm,clip weights at 3,0.0,0.0,0,0.79,0.36875,0.6947649319435993,3.0
186,WBH,oracle weights,0.09115281501340483,0.8625954198473282,373,0.786,0.33625,1.2205177992352794,98.0986422945503
186,WCS.hete,oracle weights,0.09348441926345609,0.8142493638676844,353,0.786,0.33625,1.2205177992352794,98.0986422945503
186,WCS.homo,oracle weights,0.09333333333333334,0.8651399491094147,375,0.786,0.33625,1.2205177992352794,98.0986422945503
186,WCS.dtm,oracle weights,0.0,0.0,0,0.786,0.33625,1.2205177992352794,98.0986422945503
186,WBH,ignore shift,0.11538461538461539,0.9363867684478372,416,0.786,0.33625,1.0,1.0
186,WCS.hete,ignore shift,0.11538461538461539,0.9363867684478372,416,0.786,0.33625,1.0,1.0
186,WCS.homo,ignore shift,0.11566265060240964,0.9338422391857506,415,0.786,0.33625,1.0,1.0
186,WCS.dtm,ignore shift,0.0,0.0,0,0.786,0.33625,1.0,1.0
186,WBH,clip weights at 3,0.059748427672955975,0.7608142493638677,318,0.786,0.33625,0.729278930982303,3.0
186,WCS.hete,clip weights at 3,0.05993690851735016,0.7582697201017812,317,0.786,0.33625,0.729278930982303,3.0
186,WCS.homo,clip weights at 3,0.060126582278481014,0.7557251908396947,316,0.786,0.33625,0.729278930982303,3.0
186,WCS.dtm,clip weights at 3,0.0,0.0,0,0.786,0.33625,0.729278930982303,3.0
187,WBH,oracle weights,0.1079136690647482,0.9230769230769231,417,0.806,0.37625,1.1299968070191369,150.76841093545323
187,WCS.hete,oracle weights,0.1079136690647482,0.9230769230769231,417,0.806,0.37625,1.1299968070191369,150.76841093545323
187,WCS.homo,oracle weights,0.10739856801909307,0.9280397022332506,419,0.806,0.37625,1.1299968070191369,150.76841093545323
187,WCS.dtm,oracle weights,0.0,0.0,0,0.806,0.37625,1.1299968070191369,150.76841093545323
187,WBH,ignore shift,0.12385321100917432,0.9478908188585607,436,0.806,0.37625,1.0,1.0
187,WCS.hete,ignore shift,0.12385321100917432,0.9478908188585607,436,0.806,0.37625,1.0,1.0
187,WCS.homo,ignore shift,0.12385321100917432,0.9478908188585607,436,0.806,0.37625,1.0,1.0
187,WCS.dtm,ignore shift,0.0,0.0,0,0.806,0.37625,1.0,1.0
187,WBH,clip weights at 3,0.07795698924731183,0.8511166253101737,372,0.806,0.37625,0.7576453468065044,3.0
187,WCS.hete,clip weights at 3,0.0777479892761394,0.8535980148883374,373,0.806,0.37625,0.7576453468065044,3.0
187,WCS.homo,clip weights at 3,0.07795698924731183,0.8511166253101737,372,0.806,0.37625,0.7576453468065044,3.0
187,WCS.dtm,clip weights at 3,0.0,0.0,0,0.806,0.37625,0.7576453468065044,3.0
188,WBH,oracle weights,0.1272264631043257,0.8817480719794345,393,0.778,0.34875,0.9049823221030827,43.6761348513748
188,WCS.hete,oracle weights,0.10740740740740741,0.6195372750642674,270,0.778,0.34875,0.9049823221030827,43.6761348513748
188,WCS.homo,oracle weights,0.12690355329949238,0.884318766066838,394,0.778,0.34875,0.9049823221030827,43.6761348513748
188,WCS.dtm,oracle weights,0.0,0.0,0,0.778,0.34875,0.9049823221030827,43.6761348513748
188,WBH,ignore shift,0.15011547344110854,0.9460154241645244,433,0.778,0.34875,1.0,1.0
188,WCS.hete,ignore shift,0.15011547344110854,0.9460154241645244,433,0.778,0.34875,1.0,1.0
188,WCS.homo,ignore shift,0.15011547344110854,0.9460154241645244,433,0.778,0.34875,1.0,1.0
188,WCS.dtm,ignore shift,0.0,0.0,0,0.778,0.34875,1.0,1.0
188,WBH,clip weights at 3,0.10106382978723404,0.8688946015424165,376,0.778,0.34875,0.6925475567007945,3.0
188,WCS.hete,clip weights at 3,0.10344827586206896,0.8688946015424165,377,0.778,0.34875,0.6925475567007945,3.0
188,WCS.homo,clip weights at 3,0.10610079575596817,0.8663239074550129,377,0.778,0.34875,0.6925475567007945,3.0
188,WCS.dtm,clip weights at 3,0.0,0.0,0,0.778,0.34875,0.6925475567007945,3.0
189,WBH,oracle weights,0.12857142857142856,0.9360613810741688,420,0.782,0.36875,1.15973016663888,40.31856385106872
189,WCS.hete,oracle weights,0.12857142857142856,0.9360613810741688,420,0.782,0.36875,1.15973016663888,40.31856385106872
189,WCS.homo,oracle weights,0.0,0.0,0,0.782,0.36875,1.15973016663888,40.31856385106872
189,WCS.dtm,oracle weights,0.0,0.0,0,0.782,0.36875,1.15973016663888,40.31856385106872
189,WBH,ignore shift,0.14055299539170507,0.9539641943734015,434,0.782,0.36875,1.0,1.0
189,WCS.hete,ignore shift,0.14055299539170507,0.9539641943734015,434,0.782,0.36875,1.0,1.0
189,WCS.homo,ignore shift,0.14055299539170507,0.9539641943734015,434,0.782,0.36875,1.0,1.0
189,WCS.dtm,ignore shift,0.0,0.0,0,0.782,0.36875,1.0,1.0
189,WBH,clip weights at 3,0.0903954802259887,0.8235294117647058,354,0.782,0.36875,0.7166652568472025,3.0
189,WCS.hete,clip weights at 3,0.0893854748603352,0.8337595907928389,358,0.782,0.36875,0.7166652568472025,3.0
189,WCS.homo,clip weights at 3,0.0896358543417367,0.8312020460358056,357,0.782,0.36875,0.7166652568472025,3.0
189,WCS.dtm,clip weights at 3,0.0,0.0,0,0.782,0.36875,0.7166652568472025,3.0
190,WBH,oracle weights,0.12345679012345678,0.9416445623342176,405,0.754,0.37375,1.1255005230768294,30.998619506316544
190,WCS.hete,oracle weights,0.11928934010152284,0.9204244031830239,394,0.754,0.37375,1.1255005230768294,30.998619506316544
190,WCS.homo,oracle weights,0.12254901960784313,0.9496021220159151,408,0.754,0.37375,1.1255005230768294,30.998619506316544
190,WCS.dtm,oracle weights,0.0,0.0,0,0.754,0.37375,1.1255005230768294,30.998619506316544
190,WBH,ignore shift,0.12949640287769784,0.9628647214854111,417,0.754,0.37375,1.0,1.0
190,WCS.hete,ignore shift,0.12949640287769784,0.9628647214854111,417,0.754,0.37375,1.0,1.0
190,WCS.homo,ignore shift,0.12949640287769784,0.9628647214854111,417,0.754,0.37375,1.0,1.0
190,WCS.dtm,ignore shift,0.0,0.0,0,0.754,0.37375,1.0,1.0
190,WBH,clip weights at 3,0.1076923076923077,0.9230769230769231,390,0.754,0.37375,0.7453885718620715,3.0
190,WCS.hete,clip weights at 3,0.1076923076923077,0.9230769230769231,390,0.754,0.37375,0.7453885718620715,3.0
190,WCS.homo,clip weights at 3,0.1076923076923077,0.9230769230769231,390,0.754,0.37375,0.7453885718620715,3.0
190,WCS.dtm,clip weights at 3,0.0,0.0,0,0.754,0.37375,0.7453885718620715,3.0
191,WBH,oracle weights,0.1046831955922865,0.8485639686684073,363,0.766,0.29875,0.814850477766795,25.16667394293017
191,WCS.hete,oracle weights,0.10778443113772455,0.7780678851174935,334,0.766,0.29875,0.814850477766795,25.16667394293017
191,WCS.homo,oracle weights,0.10584958217270195,0.8381201044386423,359,0.766,0.29875,0.814850477766795,25.16667394293017
191,WCS.dtm,oracle weights,0.0,0.0,0,0.766,0.29875,0.814850477766795,25.16667394293017
191,WBH,ignore shift,0.14893617021276595,0.9399477806788512,423,0.766,0.29875,1.0,1.0
191,WCS.hete,ignore shift,0.14893617021276595,0.9399477806788512,423,0.766,0.29875,1.0,1.0
191,WCS.homo,ignore shift,0.14691943127962084,0.9399477806788512,422,0.766,0.29875,1.0,1.0
191,WCS.dtm,ignore shift,0.0,0.0,0,0.766,0.29875,1.0,1.0
191,WBH,clip weights at 3,0.09090909090909091,0.8093994778067886,341,0.766,0.29875,0.6185064127848908,3.0
191,WCS.hete,clip weights at 3,0.09090909090909091,0.8093994778067886,341,0.766,0.29875,0.6185064127848908,3.0
191,WCS.homo,clip weights at 3,0.09090909090909091,0.8093994778067886,341,0.766,0.29875,0.6185064127848908,3.0
191,WCS.dtm,clip weights at 3,0.0,0.0,0,0.766,0.29875,0.6185064127848908,3.0
192,WBH,oracle weights,0.10662824207492795,0.8136482939632546,347,0.762,0.32375,0.9273443695221997,23.841098727319142
192,WCS.hete,oracle weights,0.12389380530973451,0.5196850393700787,226,0.762,0.32375,0.9273443695221997,23.841098727319142
192,WCS.homo,oracle weights,0.10632183908045977,0.8162729658792651,348,0.762,0.32375,0.9273443695221997,23.841098727319142
192,WCS.dtm,oracle weights,0.0,0.0,0,0.762,0.32375,0.9273443695221997,23.841098727319142
192,WBH,ignore shift,0.15384615384615385,0.9238845144356955,416,0.762,0.32375,1.0,1.0
192,WCS.hete,ignore shift,0.15384615384615385,0.9238845144356955,416,0.762,0.32375,1.0,1.0
192,WCS.homo,ignore shift,0.15384615384615385,0.9238845144356955,416,0.762,0.32375,1.0,1.0
192,WCS.dtm,ignore shift,0.0,0.0,0,0.762,0.32375,1.0,1.0
192,WBH,clip weights at 3,0.09316770186335403,0.7664041994750657,322,0.762,0.32375,0.660183756621085,3.0
192,WCS.hete,clip weights at 3,0.09316770186335403,0.7664041994750657,322,0.762,0.32375,0.660183756621085,3.0
192,WCS.homo,clip weights at 3,0.09316770186335403,0.7664041994750657,322,0.762,0.32375,0.660183756621085,3.0
192,WCS.dtm,clip weights at 3,0.0,0.0,0,0.762,0.32375,0.660183756621085,3.0
193,WBH,oracle weights,0.0755287009063444,0.7846153846153846,331,0.78,0.37375,1.0346720588402583,26.56514012757859
193,WCS.hete,oracle weights,0.06827309236947791,0.5948717948717949,249,0.78,0.37375,1.0346720588402583,26.56514012757859
193,WCS.homo,oracle weights,0.07784431137724551,0.7897435897435897,334,0.78,0.37375,1.0346720588402583,26.56514012757859
193,WCS.dtm,oracle weights,0.0,0.0,0,0.78,0.37375,1.0346720588402583,26.56514012757859
193,WBH,ignore shift,0.13126491646778043,0.9333333333333333,419,0.78,0.37375,1.0,1.0
193,WCS.hete,ignore shift,0.13126491646778043,0.9333333333333333,419,0.78,0.37375,1.0,1.0
193,WCS.homo,ignore shift,0.13126491646778043,0.9333333333333333,419,0.78,0.37375,1.0,1.0
193,WCS.dtm,ignore shift,0.0,0.0,0,0.78,0.37375,1.0,1.0
193,WBH,clip weights at 3,0.04666666666666667,0.7333333333333333,300,0.78,0.37375,0.747491889375024,3.0
193,WCS.hete,clip weights at 3,0.046357615894039736,0.7384615384615385,302,0.78,0.37375,0.747491889375024,3.0
193,WCS.homo,clip weights at 3,0.04983388704318937,0.7333333333333333,301,0.78,0.37375,0.747491889375024,3.0
193,WCS.dtm,clip weights at 3,0.0,0.0,0,0.78,0.37375,0.747491889375024,3.0
194,WBH,oracle weights,0.07605633802816901,0.8519480519480519,355,0.77,0.3475,1.0676996686484808,46.63540552137504
194,WCS.hete,oracle weights,0.08169014084507042,0.8467532467532467,355,0.77,0.3475,1.0676996686484808,46.63540552137504
194,WCS.homo,oracle weights,0.08100558659217877,0.8545454545454545,358,0.77,0.3475,1.0676996686484808,46.63540552137504
194,WCS.dtm,oracle weights,0.0,0.0,0,0.77,0.3475,1.0676996686484808,46.63540552137504
194,WBH,ignore shift,0.12437810945273632,0.9142857142857143,402,0.77,0.3475,1.0,1.0
194,WCS.hete,ignore shift,0.12437810945273632,0.9142857142857143,402,0.77,0.3475,1.0,1.0
194,WCS.homo,ignore shift,0.12437810945273632,0.9142857142857143,402,0.77,0.3475,1.0,1.0
194,WCS.dtm,ignore shift,0.0,0.0,0,0.77,0.3475,1.0,1.0
194,WBH,clip weights at 3,0.06567164179104477,0.812987012987013,335,0.77,0.3475,0.7562940850046609,3.0
194,WCS.hete,clip weights at 3,0.06567164179104477,0.812987012987013,335,0.77,0.3475,0.7562940850046609,3.0
194,WCS.homo,clip weights at 3,0.06567164179104477,0.812987012987013,335,0.77,0.3475,0.7562940850046609,3.0
194,WCS.dtm,clip weights at 3,0.0,0.0,0,0.77,0.3475,0.7562940850046609,3.0
195,WBH,oracle weights,0.10606060606060606,0.8916876574307305,396,0.794,0.36625,0.8960729337889524,22.799926910781014
195,WCS.hete,oracle weights,0.18181818181818182,0.022670025188916875,11,0.794,0.36625,0.8960729337889524,22.799926910781014
195,WCS.homo,oracle weights,0.10526315789473684,0.8992443324937027,399,0.794,0.36625,0.8960729337889524,22.799926910781014
195,WCS.dtm,oracle weights,0.0,0.0,0,0.794,0.36625,0.8960729337889524,22.799926910781014
195,WBH,ignore shift,0.14221218961625282,0.9571788413098237,443,0.794,0.36625,1.0,1.0
195,WCS.hete,ignore shift,0.14221218961625282,0.9571788413098237,443,0.794,0.36625,1.0,1.0
195,WCS.homo,ignore shift,0.14221218961625282,0.9571788413098237,443,0.794,0.36625,1.0,1.0
195,WCS.dtm,ignore shift,0.0,0.0,0,0.794,0.36625,1.0,1.0
195,WBH,clip weights at 3,0.07449856733524356,0.8136020151133502,349,0.794,0.36625,0.671022238430933,3.0
195,WCS.hete,clip weights at 3,0.07692307692307693,0.8161209068010076,351,0.794,0.36625,0.671022238430933,3.0
195,WCS.homo,clip weights at 3,0.07428571428571429,0.8161209068010076,350,0.794,0.36625,0.671022238430933,3.0
195,WCS.dtm,clip weights at 3,0.0,0.0,0,0.794,0.36625,0.671022238430933,3.0
196,WBH,oracle weights,0.07954545454545454,0.8372093023255814,352,0.774,0.33625,0.936540590359125,36.46159676355424
196,WCS.hete,oracle weights,0.08571428571428572,0.49612403100775193,210,0.774,0.33625,0.936540590359125,36.46159676355424
196,WCS.homo,oracle weights,0.07932011331444759,0.8397932816537468,353,0.774,0.33625,0.936540590359125,36.46159676355424
196,WCS.dtm,oracle weights,0.0,0.0,0,0.774,0.33625,0.936540590359125,36.46159676355424
196,WBH,ignore shift,0.11192214111922141,0.9431524547803618,411,0.774,0.33625,1.0,1.0
196,WCS.hete,ignore shift,0.11192214111922141,0.9431524547803618,411,0.774,0.33625,1.0,1.0
196,WCS.homo,ignore shift,0.11192214111922141,0.9431524547803618,411,0.774,0.33625,1.0,1.0
196,WCS.dtm,ignore shift,0.0,0.0,0,0.774,0.33625,1.0,1.0
196,WBH,clip weights at 3,0.06744868035190615,0.8217054263565892,341,0.774,0.33625,0.6957926184437853,3.0
196,WCS.hete,clip weights at 3,0.06744868035190615,0.8217054263565892,341,0.774,0.33625,0.6957926184437853,3.0
196,WCS.homo,clip weights at 3,0.06744868035190615,0.8217054263565892,341,0.774,0.33625,0.6957926184437853,3.0
196,WCS.dtm,clip weights at 3,0.0,0.0,0,0.774,0.33625,0.6957926184437853,3.0
197,WBH,oracle weights,0.12679425837320574,0.9335038363171355,418,0.782,0.34875,0.9448444636126848,22.853532079616553
197,WCS.hete,oracle weights,0.13802816901408452,0.782608695652174,355,0.782,0.34875,0.9448444636126848,22.853532079616553
197,WCS.homo,oracle weights,0.13064133016627077,0.9360613810741688,421,0.782,0.34875,0.9448444636126848,22.853532079616553
197,WCS.dtm,oracle weights,0.0,0.0,0,0.782,0.34875,0.9448444636126848,22.853532079616553
197,WBH,ignore shift,0.13793103448275862,0.959079283887468,435,0.782,0.34875,1.0,1.0
197,WCS.hete,ignore shift,0.13793103448275862,0.959079283887468,435,0.782,0.34875,1.0,1.0
197,WCS.homo,ignore shift,0.13793103448275862,0.959079283887468,435,0.782,0.34875,1.0,1.0
197,WCS.dtm,ignore shift,0.0,0.0,0,0.782,0.34875,1.0,1.0
197,WBH,clip weights at 3,0.1111111111111111,0.9002557544757033,396,0.782,0.34875,0.6566658548251979,3.0
197,WCS.hete,clip weights at 3,0.1111111111111111,0.9002557544757033,396,0.782,0.34875,0.6566658548251979,3.0
197,WCS.homo,clip weights at 3,0.1111111111111111,0.9002557544757033,396,0.782,0.34875,0.6566658548251979,3.0
197,WCS.dtm,clip weights at 3,0.0,0.0,0,0.782,0.34875,0.6566658548251979,3.0
198,WBH,oracle weights,0.109375,0.8952879581151832,384,0.764,0.3175,0.9959245321490016,37.59943121562725
198,WCS.hete,oracle weights,0.11204481792717087,0.8298429319371727,357,0.764,0.3175,0.9959245321490016,37.59943121562725
198,WCS.homo,oracle weights,0.1122715404699739,0.8900523560209425,383,0.764,0.3175,0.9959245321490016,37.59943121562725
198,WCS.dtm,oracle weights,0.0,0.0,0,0.764,0.3175,0.9959245321490016,37.59943121562725
198,WBH,ignore shift,0.1543778801843318,0.9607329842931938,434,0.764,0.3175,1.0,1.0
198,WCS.hete,ignore shift,0.15632183908045977,0.9607329842931938,435,0.764,0.3175,1.0,1.0
198,WCS.homo,ignore shift,0.15668202764976957,0.9581151832460733,434,0.764,0.3175,1.0,1.0
198,WCS.dtm,ignore shift,0.0,0.0,0,0.764,0.3175,1.0,1.0
198,WBH,clip weights at 3,0.08746355685131195,0.819371727748691,343,0.764,0.3175,0.6564826489992407,3.0
198,WCS.hete,clip weights at 3,0.08771929824561403,0.8167539267015707,342,0.764,0.3175,0.6564826489992407,3.0
198,WCS.homo,clip weights at 3,0.08771929824561403,0.8167539267015707,342,0.764,0.3175,0.6564826489992407,3.0
198,WCS.dtm,clip weights at 3,0.0,0.0,0,0.764,0.3175,0.6564826489992407,3.0
199,WBH,oracle weights,0.10215053763440861,0.893048128342246,372,0.748,0.3525,1.1035093746757674,45.80034134262551
199,WCS.hete,oracle weights,0.020833333333333332,0.12566844919786097,48,0.748,0.3525,1.1035093746757674,45.80034134262551
199,WCS.homo,oracle weights,0.10160427807486631,0.8983957219251337,374,0.748,0.3525,1.1035093746757674,45.80034134262551
199,WCS.dtm,oracle weights,0.0,0.0,0,0.748,0.3525,1.1035093746757674,45.80034134262551
199,WBH,ignore shift,0.12776412776412777,0.9491978609625669,407,0.748,0.3525,1.0,1.0
199,WCS.hete,ignore shift,0.12776412776412777,0.9491978609625669,407,0.748,0.3525,1.0,1.0
199,WCS.homo,ignore shift,0.12776412776412777,0.9491978609625669,407,0.748,0.3525,1.0,1.0
199,WCS.dtm,ignore shift,0.0,0.0,0,0.748,0.3525,1.0,1.0
199,WBH,clip weights at 3,0.09142857142857143,0.8502673796791443,350,0.748,0.3525,0.7317487839726076,3.0
199,WCS.hete,clip weights at 3,0.09142857142857143,0.8502673796791443,350,0.748,0.3525,0.7317487839726076,3.0
199,WCS.homo,clip weights at 3,0.09090909090909091,0.8556149732620321,352,0.748,0.3525,0.7317487839726076,3.0
199,WCS.dtm,clip weights at 3,0.0,0.0,0,0.748,0.3525,0.7317487839726076,3.0
200,WBH,oracle weights,0.0,0.0,0,0.77,0.33125,1.0162642926416934,45.00740975304672
200,WCS.hete,oracle weights,0.0,0.0025974025974025974,1,0.77,0.33125,1.0162642926416934,45.00740975304672
200,WCS.homo,oracle weights,0.0,0.01818181818181818,7,0.77,0.33125,1.0162642926416934,45.00740975304672
200,WCS.dtm,oracle weights,0.0,0.0,0,0.77,0.33125,1.0162642926416934,45.00740975304672
200,WBH,ignore shift,0.14523809523809525,0.9324675324675324,420,0.77,0.33125,1.0,1.0
200,WCS.hete,ignore shift,0.14489311163895488,0.935064935064935,421,0.77,0.33125,1.0,1.0
200,WCS.homo,ignore shift,0.14523809523809525,0.9324675324675324,420,0.77,0.33125,1.0,1.0
200,WCS.dtm,ignore shift,0.0,0.0,0,0.77,0.33125,1.0,1.0
200,WBH,clip weights at 3,0.04912280701754386,0.7038961038961039,285,0.77,0.33125,0.7061453836663334,3.0
200,WCS.hete,clip weights at 3,0.04929577464788732,0.7012987012987013,284,0.77,0.33125,0.7061453836663334,3.0
200,WCS.homo,clip weights at 3,0.0498220640569395,0.6935064935064935,281,0.77,0.33125,0.7061453836663334,3.0
200,WCS.dtm,clip weights at 3,0.0,0.0,0,0.77,0.33125,0.7061453836663334,3.0
201,WBH,oracle weights,0.10554089709762533,0.8782383419689119,379,0.772,0.34,1.170057155503318,122.48115040242489
201,WCS.hete,oracle weights,0.10465116279069768,0.7979274611398963,344,0.772,0.34,1.170057155503318,122.48115040242489
201,WCS.homo,oracle weights,0.11023622047244094,0.8782383419689119,381,0.772,0.34,1.170057155503318,122.48115040242489
201,WCS.dtm,oracle weights,0.0,0.0,0,0.772,0.34,1.170057155503318,122.48115040242489
201,WBH,ignore shift,0.13842482100238662,0.9352331606217616,419,0.772,0.34,1.0,1.0
201,WCS.hete,ignore shift,0.1342925659472422,0.9352331606217616,417,0.772,0.34,1.0,1.0
201,WCS.homo,ignore shift,0.1342925659472422,0.9352331606217616,417,0.772,0.34,1.0,1.0
201,WCS.dtm,ignore shift,0.0,0.0,0,0.772,0.34,1.0,1.0
201,WBH,clip weights at 3,0.09776536312849161,0.8367875647668394,358,0.772,0.34,0.7172579270210667,3.0
201,WCS.hete,clip weights at 3,0.09776536312849161,0.8367875647668394,358,0.772,0.34,0.7172579270210667,3.0
201,WCS.homo,clip weights at 3,0.09749303621169916,0.8393782383419689,359,0.772,0.34,0.7172579270210667,3.0
201,WCS.dtm,clip weights at 3,0.0,0.0,0,0.772,0.34,0.7172579270210667,3.0
202,WBH,oracle weights,0.08333333333333333,0.8188585607940446,360,0.806,0.3475,0.9307575908889418,29.86171434262147
202,WCS.hete,oracle weights,0.09090909090909091,0.6451612903225806,286,0.806,0.3475,0.9307575908889418,29.86171434262147
202,WCS.homo,oracle weights,0.08356545961002786,0.8163771712158809,359,0.806,0.3475,0.9307575908889418,29.86171434262147
202,WCS.dtm,oracle weights,0.0,0.0,0,0.806,0.3475,0.9307575908889418,29.86171434262147
202,WBH,ignore shift,0.1223021582733813,0.9081885856079405,417,0.806,0.3475,1.0,1.0
202,WCS.hete,ignore shift,0.1223021582733813,0.9081885856079405,417,0.806,0.3475,1.0,1.0
202,WCS.homo,ignore shift,0.1223021582733813,0.9081885856079405,417,0.806,0.3475,1.0,1.0
202,WCS.dtm,ignore shift,0.0,0.0,0,0.806,0.3475,1.0,1.0
202,WBH,clip weights at 3,0.05592105263157895,0.7121588089330024,304,0.806,0.3475,0.6654595519919044,3.0
202,WCS.hete,clip weights at 3,0.05537459283387622,0.7196029776674938,307,0.806,0.3475,0.6654595519919044,3.0
202,WCS.homo,clip weights at 3,0.05519480519480519,0.7220843672456576,308,0.806,0.3475,0.6654595519919044,3.0
202,WCS.dtm,clip weights at 3,0.0,0.0,0,0.806,0.3475,0.6654595519919044,3.0
203,WBH,oracle weights,0.1341772151898734,0.9168900804289544,395,0.746,0.34625,1.0753840083343966,44.00046272963165
203,WCS.hete,oracle weights,0.13367609254498714,0.903485254691689,389,0.746,0.34625,1.0753840083343966,44.00046272963165
203,WCS.homo,oracle weights,0.13383838383838384,0.9195710455764075,396,0.746,0.34625,1.0753840083343966,44.00046272963165
203,WCS.dtm,oracle weights,0.0,0.0,0,0.746,0.34625,1.0753840083343966,44.00046272963165
203,WBH,ignore shift,0.14705882352941177,0.9329758713136729,408,0.746,0.34625,1.0,1.0
203,WCS.hete,ignore shift,0.15121951219512195,0.9329758713136729,410,0.746,0.34625,1.0,1.0
203,WCS.homo,ignore shift,0.15121951219512195,0.9329758713136729,410,0.746,0.34625,1.0,1.0
203,WCS.dtm,ignore shift,0.0,0.0,0,0.746,0.34625,1.0,1.0
203,WBH,clip weights at 3,0.10335195530726257,0.8605898123324397,358,0.746,0.34625,0.709542802395652,3.0
203,WCS.hete,clip weights at 3,0.10335195530726257,0.8605898123324397,358,0.746,0.34625,0.709542802395652,3.0
203,WCS.homo,clip weights at 3,0.10335195530726257,0.8605898123324397,358,0.746,0.34625,0.709542802395652,3.0
203,WCS.dtm,clip weights at 3,0.0,0.0,0,0.746,0.34625,0.709542802395652,3.0
204,WBH,oracle weights,0.10050251256281408,0.8861386138613861,398,0.808,0.38125,0.9782723936926107,67.64923582253405
204,WCS.hete,oracle weights,0.10075566750629723,0.8836633663366337,397,0.808,0.38125,0.9782723936926107,67.64923582253405
204,WCS.homo,oracle weights,0.1,0.8910891089108911,400,0.808,0.38125,0.9782723936926107,67.64923582253405
204,WCS.dtm,oracle weights,0.0,0.0,0,0.808,0.38125,0.9782723936926107,67.64923582253405
204,WBH,ignore shift,0.12296983758700696,0.9356435643564357,431,0.808,0.38125,1.0,1.0
204,WCS.hete,ignore shift,0.12296983758700696,0.9356435643564357,431,0.808,0.38125,1.0,1.0
204,WCS.homo,ignore shift,0.12296983758700696,0.9356435643564357,431,0.808,0.38125,1.0,1.0
204,WCS.dtm,ignore shift,0.0,0.0,0,0.808,0.38125,1.0,1.0
204,WBH,clip weights at 3,0.07954545454545454,0.801980198019802,352,0.808,0.38125,0.6768600878917627,3.0
204,WCS.hete,clip weights at 3,0.07954545454545454,0.801980198019802,352,0.808,0.38125,0.6768600878917627,3.0
204,WCS.homo,clip weights at 3,0.07954545454545454,0.801980198019802,352,0.808,0.38125,0.6768600878917627,3.0
204,WCS.dtm,clip weights at 3,0.0,0.0,0,0.808,0.38125,0.6768600878917627,3.0
205,WBH,oracle weights,0.06382978723404255,0.7897435897435897,329,0.78,0.3325,1.0413630890452772,25.444252599223027
205,WCS.hete,oracle weights,0.066006600660066,0.7256410256410256,303,0.78,0.3325,1.0413630890452772,25.444252599223027
205,WCS.homo,oracle weights,0.06382978723404255,0.7897435897435897,329,0.78,0.3325,1.0413630890452772,25.444252599223027
205,WCS.dtm,oracle weights,0.0,0.0,0,0.78,0.3325,1.0413630890452772,25.444252599223027
205,WBH,ignore shift,0.13411764705882354,0.9435897435897436,425,0.78,0.3325,1.0,1.0
205,WCS.hete,ignore shift,0.13411764705882354,0.9435897435897436,425,0.78,0.3325,1.0,1.0
205,WCS.homo,ignore shift,0.13411764705882354,0.9435897435897436,425,0.78,0.3325,1.0,1.0
205,WCS.dtm,ignore shift,0.0,0.0,0,0.78,0.3325,1.0,1.0
205,WBH,clip weights at 3,0.02867383512544803,0.6948717948717948,279,0.78,0.3325,0.7333167381910506,3.0
205,WCS.hete,clip weights at 3,0.02888086642599278,0.6897435897435897,277,0.78,0.3325,0.7333167381910506,3.0
205,WCS.homo,clip weights at 3,0.02877697841726619,0.6923076923076923,278,0.78,0.3325,0.7333167381910506,3.0
205,WCS.dtm,clip weights at 3,0.0,0.0,0,0.78,0.3325,0.7333167381910506,3.0
206,WBH,oracle weights,0.10509554140127389,0.7433862433862434,314,0.756,0.35875,0.9947488400193126,24.69817316846594
206,WCS.hete,oracle weights,0.11583011583011583,0.6058201058201058,259,0.756,0.35875,0.9947488400193126,24.69817316846594
206,WCS.homo,oracle weights,0.10377358490566038,0.753968253968254,318,0.756,0.35875,0.9947488400193126,24.69817316846594
206,WCS.dtm,oracle weights,0.0,0.0,0,0.756,0.35875,0.9947488400193126,24.69817316846594
206,WBH,ignore shift,0.1529126213592233,0.9232804232804233,412,0.756,0.35875,1.0,1.0
206,WCS.hete,ignore shift,0.1529126213592233,0.9232804232804233,412,0.756,0.35875,1.0,1.0
206,WCS.homo,ignore shift,0.1529126213592233,0.9232804232804233,412,0.756,0.35875,1.0,1.0
206,WCS.dtm,ignore shift,0.0,0.0,0,0.756,0.35875,1.0,1.0
206,WBH,clip weights at 3,0.08873720136518772,0.7063492063492064,293,0.756,0.35875,0.7031782641760711,3.0
206,WCS.hete,clip weights at 3,0.08532423208191127,0.708994708994709,293,0.756,0.35875,0.7031782641760711,3.0
206,WCS.homo,clip weights at 3,0.08843537414965986,0.708994708994709,294,0.756,0.35875,0.7031782641760711,3.0
206,WCS.dtm,clip weights at 3,0.0,0.0,0,0.756,0.35875,0.7031782641760711,3.0
207,WBH,oracle weights,0.11298076923076923,0.9271356783919598,416,0.796,0.3725,0.9693194560790017,47.16468622030001
207,WCS.hete,oracle weights,0.109375,0.14321608040201006,64,0.796,0.3725,0.9693194560790017,47.16468622030001
207,WCS.homo,oracle weights,0.11325301204819277,0.9246231155778895,415,0.796,0.3725,0.9693194560790017,47.16468622030001
207,WCS.dtm,oracle weights,0.0,0.0,0,0.796,0.3725,0.9693194560790017,47.16468622030001
207,WBH,ignore shift,0.11954022988505747,0.9623115577889447,435,0.796,0.3725,1.0,1.0
207,WCS.hete,ignore shift,0.11954022988505747,0.9623115577889447,435,0.796,0.3725,1.0,1.0
207,WCS.homo,ignore shift,0.11954022988505747,0.9623115577889447,435,0.796,0.3725,1.0,1.0
207,WCS.dtm,ignore shift,0.0,0.0,0,0.796,0.3725,1.0,1.0
207,WBH,clip weights at 3,0.1065989847715736,0.8844221105527639,394,0.796,0.3725,0.7027829817700717,3.0
207,WCS.hete,clip weights at 3,0.1065989847715736,0.8844221105527639,394,0.796,0.3725,0.7027829817700717,3.0
207,WCS.homo,clip weights at 3,0.1065989847715736,0.8844221105527639,394,0.796,0.3725,0.7027829817700717,3.0
207,WCS.dtm,clip weights at 3,0.0,0.0,0,0.796,0.3725,0.7027829817700717,3.0
208,WBH,oracle weights,0.03873239436619718,0.6757425742574258,284,0.808,0.345,0.8941131457633444,21.66151688226894
208,WCS.hete,oracle weights,0.042801556420233464,0.6089108910891089,257,0.808,0.345,0.8941131457633444,21.66151688226894
208,WCS.homo,oracle weights,0.04234527687296417,0.7277227722772277,307,0.808,0.345,0.8941131457633444,21.66151688226894
208,WCS.dtm,oracle weights,0.0,0.0,0,0.808,0.345,0.8941131457633444,21.66151688226894
208,WBH,ignore shift,0.11888111888111888,0.9356435643564357,429,0.808,0.345,1.0,1.0
208,WCS.hete,ignore shift,0.11888111888111888,0.9356435643564357,429,0.808,0.345,1.0,1.0
208,WCS.homo,ignore shift,0.11888111888111888,0.9356435643564357,429,0.808,0.345,1.0,1.0
208,WCS.dtm,ignore shift,0.0,0.0,0,0.808,0.345,1.0,1.0
208,WBH,clip weights at 3,0.04126984126984127,0.7475247524752475,315,0.808,0.345,0.6880965122403856,3.0
208,WCS.hete,clip weights at 3,0.04113924050632911,0.75,316,0.808,0.345,0.6880965122403856,3.0
208,WCS.homo,clip weights at 3,0.04126984126984127,0.7475247524752475,315,0.808,0.345,0.6880965122403856,3.0
208,WCS.dtm,clip weights at 3,0.0,0.0,0,0.808,0.345,0.6880965122403856,3.0
209,WBH,oracle weights,0.10471204188481675,0.8769230769230769,382,0.78,0.3675,1.1664416538802385,93.24805001520603
209,WCS.hete,oracle weights,0.10677083333333333,0.8794871794871795,384,0.78,0.3675,1.1664416538802385,93.24805001520603
209,WCS.homo,oracle weights,0.10621761658031088,0.8846153846153846,386,0.78,0.3675,1.1664416538802385,93.24805001520603
209,WCS.dtm,oracle weights,0.0,0.0,0,0.78,0.3675,1.1664416538802385,93.24805001520603
209,WBH,ignore shift,0.11904761904761904,0.9487179487179487,420,0.78,0.3675,1.0,1.0
209,WCS.hete,ignore shift,0.11904761904761904,0.9487179487179487,420,0.78,0.3675,1.0,1.0
209,WCS.homo,ignore shift,0.11904761904761904,0.9487179487179487,420,0.78,0.3675,1.0,1.0
209,WCS.dtm,ignore shift,0.0,0.0,0,0.78,0.3675,1.0,1.0
209,WBH,clip weights at 3,0.07530120481927711,0.7871794871794872,332,0.78,0.3675,0.7213857249812188,3.0
209,WCS.hete,clip weights at 3,0.07530120481927711,0.7871794871794872,332,0.78,0.3675,0.7213857249812188,3.0
209,WCS.homo,clip weights at 3,0.07507507507507508,0.7897435897435897,333,0.78,0.3675,0.7213857249812188,3.0
209,WCS.dtm,clip weights at 3,0.0,0.0,0,0.78,0.3675,0.7213857249812188,3.0
210,WBH,oracle weights,0.09898477157360407,0.9056122448979592,394,0.784,0.37875,1.0017033598165317,23.33619812742994
210,WCS.hete,oracle weights,0.1111111111111111,0.20408163265306123,90,0.784,0.37875,1.0017033598165317,23.33619812742994
210,WCS.homo,oracle weights,0.09848484848484848,0.9107142857142857,396,0.784,0.37875,1.0017033598165317,23.33619812742994
210,WCS.dtm,oracle weights,0.0,0.0,0,0.784,0.37875,1.0017033598165317,23.33619812742994
210,WBH,ignore shift,0.10576923076923077,0.9489795918367347,416,0.784,0.37875,1.0,1.0
210,WCS.hete,ignore shift,0.10576923076923077,0.9489795918367347,416,0.784,0.37875,1.0,1.0
210,WCS.homo,ignore shift,0.10576923076923077,0.9489795918367347,416,0.784,0.37875,1.0,1.0
210,WCS.dtm,ignore shift,0.0,0.0,0,0.784,0.37875,1.0,1.0
210,WBH,clip weights at 3,0.08064516129032258,0.8724489795918368,372,0.784,0.37875,0.7311552720396836,3.0
210,WCS.hete,clip weights at 3,0.08064516129032258,0.8724489795918368,372,0.784,0.37875,0.7311552720396836,3.0
210,WCS.homo,clip weights at 3,0.08064516129032258,0.8724489795918368,372,0.784,0.37875,0.7311552720396836,3.0
210,WCS.dtm,clip weights at 3,0.0,0.0,0,0.784,0.37875,0.7311552720396836,3.0
211,WBH,oracle weights,0.07142857142857142,0.814621409921671,336,0.766,0.335,0.9282055373146111,46.151895967428786
211,WCS.hete,oracle weights,0.08928571428571429,0.7989556135770235,336,0.766,0.335,0.9282055373146111,46.151895967428786
211,WCS.homo,oracle weights,0.0847457627118644,0.8459530026109661,354,0.766,0.335,0.9282055373146111,46.151895967428786
211,WCS.dtm,oracle weights,0.0,0.0,0,0.766,0.335,0.9282055373146111,46.151895967428786
211,WBH,ignore shift,0.1561771561771562,0.9451697127937336,429,0.766,0.335,1.0,1.0
211,WCS.hete,ignore shift,0.1561771561771562,0.9451697127937336,429,0.766,0.335,1.0,1.0
211,WCS.homo,ignore shift,0.1561771561771562,0.9451697127937336,429,0.766,0.335,1.0,1.0
211,WCS.dtm,ignore shift,0.0,0.0,0,0.766,0.335,1.0,1.0
211,WBH,clip weights at 3,0.05732484076433121,0.7728459530026109,314,0.766,0.335,0.6755960710646339,3.0
211,WCS.hete,clip weights at 3,0.05732484076433121,0.7728459530026109,314,0.766,0.335,0.6755960710646339,3.0
211,WCS.homo,clip weights at 3,0.05732484076433121,0.7728459530026109,314,0.766,0.335,0.6755960710646339,3.0
211,WCS.dtm,clip weights at 3,0.0,0.0,0,0.766,0.335,0.6755960710646339,3.0
212,WBH,oracle weights,0.11855670103092783,0.9,388,0.76,0.35375,1.0043657607589012,45.05251537303189
212,WCS.hete,oracle weights,0.11911357340720222,0.8368421052631579,361,0.76,0.35375,1.0043657607589012,45.05251537303189
212,WCS.homo,oracle weights,0.11886304909560723,0.8973684210526316,387,0.76,0.35375,1.0043657607589012,45.05251537303189
212,WCS.dtm,oracle weights,0.0,0.0,0,0.76,0.35375,1.0043657607589012,45.05251537303189
212,WBH,ignore shift,0.14386792452830188,0.9552631578947368,424,0.76,0.35375,1.0,1.0
212,WCS.hete,ignore shift,0.14386792452830188,0.9552631578947368,424,0.76,0.35375,1.0,1.0
212,WCS.homo,ignore shift,0.14386792452830188,0.9552631578947368,424,0.76,0.35375,1.0,1.0
212,WCS.dtm,ignore shift,0.0,0.0,0,0.76,0.35375,1.0,1.0
212,WBH,clip weights at 3,0.10764872521246459,0.8289473684210527,353,0.76,0.35375,0.7188533818797529,3.0
212,WCS.hete,clip weights at 3,0.10734463276836158,0.8315789473684211,354,0.76,0.35375,0.7188533818797529,3.0
212,WCS.homo,clip weights at 3,0.10764872521246459,0.8289473684210527,353,0.76,0.35375,0.7188533818797529,3.0
212,WCS.dtm,clip weights at 3,0.0,0.0,0,0.76,0.35375,0.7188533818797529,3.0
213,WBH,oracle weights,0.052307692307692305,0.7680798004987531,325,0.802,0.34875,1.045749275368166,23.476599130640427
213,WCS.hete,oracle weights,0.08108108108108109,0.16957605985037408,74,0.802,0.34875,1.045749275368166,23.476599130640427
213,WCS.homo,oracle weights,0.0581039755351682,0.7680798004987531,327,0.802,0.34875,1.045749275368166,23.476599130640427
213,WCS.dtm,oracle weights,0.0,0.0,0,0.802,0.34875,1.045749275368166,23.476599130640427
213,WBH,ignore shift,0.11600928074245939,0.9501246882793017,431,0.802,0.34875,1.0,1.0
213,WCS.hete,ignore shift,0.11600928074245939,0.9501246882793017,431,0.802,0.34875,1.0,1.0
213,WCS.homo,ignore shift,0.11600928074245939,0.9501246882793017,431,0.802,0.34875,1.0,1.0
213,WCS.dtm,ignore shift,0.0,0.0,0,0.802,0.34875,1.0,1.0
213,WBH,clip weights at 3,0.04487179487179487,0.743142144638404,312,0.802,0.34875,0.7188835215716927,3.0
213,WCS.hete,clip weights at 3,0.047619047619047616,0.7481296758104738,315,0.802,0.34875,0.7188835215716927,3.0
213,WCS.homo,clip weights at 3,0.044585987261146494,0.7481296758104738,314,0.802,0.34875,0.7188835215716927,3.0
213,WCS.dtm,clip weights at 3,0.0,0.0,0,0.802,0.34875,0.7188835215716927,3.0
214,WBH,oracle weights,0.08282208588957055,0.7686375321336761,326,0.778,0.33375,0.9675992020750249,53.842622541917294
214,WCS.hete,oracle weights,0.08099688473520249,0.7583547557840618,321,0.778,0.33375,0.9675992020750249,53.842622541917294
214,WCS.homo,oracle weights,0.08256880733944955,0.7712082262210797,327,0.778,0.33375,0.9675992020750249,53.842622541917294
214,WCS.dtm,oracle weights,0.0,0.0,0,0.778,0.33375,0.9675992020750249,53.842622541917294
214,WBH,ignore shift,0.13170731707317074,0.9151670951156813,410,0.778,0.33375,1.0,1.0
214,WCS.hete,ignore shift,0.13170731707317074,0.9151670951156813,410,0.778,0.33375,1.0,1.0
214,WCS.homo,ignore shift,0.13170731707317074,0.9151670951156813,410,0.778,0.33375,1.0,1.0
214,WCS.dtm,ignore shift,0.0,0.0,0,0.778,0.33375,1.0,1.0
214,WBH,clip weights at 3,0.08282208588957055,0.7686375321336761,326,0.778,0.33375,0.7004551073505922,3.0
214,WCS.hete,clip weights at 3,0.08333333333333333,0.7634961439588689,324,0.778,0.33375,0.7004551073505922,3.0
214,WCS.homo,clip weights at 3,0.08333333333333333,0.7634961439588689,324,0.778,0.33375,0.7004551073505922,3.0
214,WCS.dtm,clip weights at 3,0.0,0.0,0,0.778,0.33375,0.7004551073505922,3.0
215,WBH,oracle weights,0.1362530413625304,0.9196891191709845,411,0.772,0.325,0.8733649015737364,15.87084686227428
215,WCS.hete,oracle weights,0.14035087719298245,0.8886010362694301,399,0.772,0.325,0.8733649015737364,15.87084686227428
215,WCS.homo,oracle weights,0.1375921375921376,0.9093264248704663,407,0.772,0.325,0.8733649015737364,15.87084686227428
215,WCS.dtm,oracle weights,0.0,0.0,0,0.772,0.325,0.8733649015737364,15.87084686227428
215,WBH,ignore shift,0.14018691588785046,0.9533678756476683,428,0.772,0.325,1.0,1.0
215,WCS.hete,ignore shift,0.14018691588785046,0.9533678756476683,428,0.772,0.325,1.0,1.0
215,WCS.homo,ignore shift,0.14018691588785046,0.9533678756476683,428,0.772,0.325,1.0,1.0
215,WCS.dtm,ignore shift,0.0,0.0,0,0.772,0.325,1.0,1.0
215,WBH,clip weights at 3,0.1297709923664122,0.8860103626943006,393,0.772,0.325,0.6616234062210208,3.0
215,WCS.hete,clip weights at 3,0.1297709923664122,0.8860103626943006,393,0.772,0.325,0.6616234062210208,3.0
215,WCS.homo,clip weights at 3,0.1297709923664122,0.8860103626943006,393,0.772,0.325,0.6616234062210208,3.0
215,WCS.dtm,clip weights at 3,0.0,0.0,0,0.772,0.325,0.6616234062210208,3.0
216,WBH,oracle weights,0.08970099667774087,0.7210526315789474,301,0.76,0.34375,0.9683560969150219,66.73343522734997
216,WCS.hete,oracle weights,0.07964601769911504,0.2736842105263158,113,0.76,0.34375,0.9683560969150219,66.73343522734997
216,WCS.homo,oracle weights,0.09060402684563758,0.7131578947368421,298,0.76,0.34375,0.9683560969150219,66.73343522734997
216,WCS.dtm,oracle weights,0.0,0.0,0,0.76,0.34375,0.9683560969150219,66.73343522734997
216,WBH,ignore shift,0.16824644549763032,0.9236842105263158,422,0.76,0.34375,1.0,1.0
216,WCS.hete,ignore shift,0.1702127659574468,0.9236842105263158,423,0.76,0.34375,1.0,1.0
216,WCS.homo,ignore shift,0.1702127659574468,0.9236842105263158,423,0.76,0.34375,1.0,1.0
216,WCS.dtm,ignore shift,0.0,0.0,0,0.76,0.34375,1.0,1.0
216,WBH,clip weights at 3,0.08823529411764706,0.7342105263157894,306,0.76,0.34375,0.6959860342841111,3.0
216,WCS.hete,clip weights at 3,0.08823529411764706,0.7342105263157894,306,0.76,0.34375,0.6959860342841111,3.0
216,WCS.homo,clip weights at 3,0.08823529411764706,0.7342105263157894,306,0.76,0.34375,0.6959860342841111,3.0
216,WCS.dtm,clip weights at 3,0.0,0.0,0,0.76,0.34375,0.6959860342841111,3.0
217,WBH,oracle weights,0.07861635220125786,0.73989898989899,318,0.792,0.3575,0.8817536151801864,23.443856144263577
217,WCS.hete,oracle weights,0.0915032679738562,0.351010101010101,153,0.792,0.3575,0.8817536151801864,23.443856144263577
217,WCS.homo,oracle weights,0.07886435331230283,0.7373737373737373,317,0.792,0.3575,0.8817536151801864,23.443856144263577
217,WCS.dtm,oracle weights,0.0,0.0,0,0.792,0.3575,0.8817536151801864,23.443856144263577
217,WBH,ignore shift,0.12128712871287128,0.8964646464646465,404,0.792,0.3575,1.0,1.0
217,WCS.hete,ignore shift,0.12128712871287128,0.8964646464646465,404,0.792,0.3575,1.0,1.0
217,WCS.homo,ignore shift,0.12128712871287128,0.8964646464646465,404,0.792,0.3575,1.0,1.0
217,WCS.dtm,ignore shift,0.0,0.0,0,0.792,0.3575,1.0,1.0
217,WBH,clip weights at 3,0.07348242811501597,0.7323232323232324,313,0.792,0.3575,0.7099860583683811,3.0
217,WCS.hete,clip weights at 3,0.07371794871794872,0.7297979797979798,312,0.792,0.3575,0.7099860583683811,3.0
217,WCS.homo,clip weights at 3,0.07028753993610223,0.7348484848484849,313,0.792,0.3575,0.7099860583683811,3.0
217,WCS.dtm,clip weights at 3,0.0,0.0,0,0.792,0.3575,0.7099860583683811,3.0
218,WBH,oracle weights,0.0856353591160221,0.8275,362,0.8,0.3075,0.8371111642785061,19.901650288656977
218,WCS.hete,oracle weights,0.0,0.0,0,0.8,0.3075,0.8371111642785061,19.901650288656977
218,WCS.homo,oracle weights,0.08423913043478261,0.8425,368,0.8,0.3075,0.8371111642785061,19.901650288656977
218,WCS.dtm,oracle weights,0.0,0.0,0,0.8,0.3075,0.8371111642785061,19.901650288656977
218,WBH,ignore shift,0.135632183908046,0.94,435,0.8,0.3075,1.0,1.0
218,WCS.hete,ignore shift,0.1336405529953917,0.94,434,0.8,0.3075,1.0,1.0
218,WCS.homo,ignore shift,0.1336405529953917,0.94,434,0.8,0.3075,1.0,1.0
218,WCS.dtm,ignore shift,0.0,0.0,0,0.8,0.3075,1.0,1.0
218,WBH,clip weights at 3,0.08333333333333333,0.825,360,0.8,0.3075,0.6287009100151982,3.0
218,WCS.hete,clip weights at 3,0.08100558659217877,0.8225,358,0.8,0.3075,0.6287009100151982,3.0
218,WCS.homo,clip weights at 3,0.08100558659217877,0.8225,358,0.8,0.3075,0.6287009100151982,3.0
218,WCS.dtm,clip weights at 3,0.0,0.0,0,0.8,0.3075,0.6287009100151982,3.0
219,WBH,oracle weights,0.11961722488038277,0.9411764705882353,418,0.782,0.36625,1.197357837277997,75.44841732281044
219,WCS.hete,oracle weights,0.12244897959183673,0.7698209718670077,343,0.782,0.36625,1.197357837277997,75.44841732281044
219,WCS.homo,oracle weights,0.11933174224343675,0.9437340153452686,419,0.782,0.36625,1.197357837277997,75.44841732281044
219,WCS.dtm,oracle weights,0.0,0.0,0,0.782,0.36625,1.197357837277997,75.44841732281044
219,WBH,ignore shift,0.12441314553990611,0.9539641943734015,426,0.782,0.36625,1.0,1.0
219,WCS.hete,ignore shift,0.12441314553990611,0.9539641943734015,426,0.782,0.36625,1.0,1.0
219,WCS.homo,ignore shift,0.12441314553990611,0.9539641943734015,426,0.782,0.36625,1.0,1.0
219,WCS.dtm,ignore shift,0.0,0.0,0,0.782,0.36625,1.0,1.0
219,WBH,clip weights at 3,0.0862533692722372,0.8670076726342711,371,0.782,0.36625,0.735653800372545,3.0
219,WCS.hete,clip weights at 3,0.0862533692722372,0.8670076726342711,371,0.782,0.36625,0.735653800372545,3.0
219,WCS.homo,clip weights at 3,0.0862533692722372,0.8670076726342711,371,0.782,0.36625,0.735653800372545,3.0
219,WCS.dtm,clip weights at 3,0.0,0.0,0,0.782,0.36625,0.735653800372545,3.0
220,WBH,oracle weights,0.0851063829787234,0.7921052631578948,329,0.76,0.3775,1.0284498054197937,32.40619360159687
220,WCS.hete,oracle weights,0.08709677419354839,0.7447368421052631,310,0.76,0.3775,1.0284498054197937,32.40619360159687
220,WCS.homo,oracle weights,0.08459214501510574,0.7973684210526316,331,0.76,0.3775,1.0284498054197937,32.40619360159687
220,WCS.dtm,oracle weights,0.0,0.0,0,0.76,0.3775,1.0284498054197937,32.40619360159687
220,WBH,ignore shift,0.16818181818181818,0.9631578947368421,440,0.76,0.3775,1.0,1.0
220,WCS.hete,ignore shift,0.17006802721088435,0.9631578947368421,441,0.76,0.3775,1.0,1.0
220,WCS.homo,ignore shift,0.16818181818181818,0.9631578947368421,440,0.76,0.3775,1.0,1.0
220,WCS.dtm,ignore shift,0.0,0.0,0,0.76,0.3775,1.0,1.0
220,WBH,clip weights at 3,0.0855457227138643,0.8157894736842105,339,0.76,0.3775,0.7484563437416571,3.0
220,WCS.hete,clip weights at 3,0.08333333333333333,0.8105263157894737,336,0.76,0.3775,0.7484563437416571,3.0
220,WCS.homo,clip weights at 3,0.08630952380952381,0.8078947368421052,336,0.76,0.3775,0.7484563437416571,3.0
220,WCS.dtm,clip weights at 3,0.0,0.0,0,0.76,0.3775,0.7484563437416571,3.0
221,WBH,oracle weights,0.0679886685552408,0.8204488778054863,353,0.802,0.35375,0.9689915439832874,28.89682322376278
221,WCS.hete,oracle weights,0.06529209621993128,0.6783042394014963,291,0.802,0.35375,0.9689915439832874,28.89682322376278
221,WCS.homo,oracle weights,0.06837606837606838,0.8154613466334164,351,0.802,0.35375,0.9689915439832874,28.89682322376278
221,WCS.dtm,oracle weights,0.0,0.0,0,0.802,0.35375,0.9689915439832874,28.89682322376278
221,WBH,ignore shift,0.12941176470588237,0.9226932668329177,425,0.802,0.35375,1.0,1.0
221,WCS.hete,ignore shift,0.12941176470588237,0.9226932668329177,425,0.802,0.35375,1.0,1.0
221,WCS.homo,ignore shift,0.12941176470588237,0.9226932668329177,425,0.802,0.35375,1.0,1.0
221,WCS.dtm,ignore shift,0.0,0.0,0,0.802,0.35375,1.0,1.0
221,WBH,clip weights at 3,0.07713498622589532,0.8354114713216958,363,0.802,0.35375,0.6936317770193383,3.0
221,WCS.hete,clip weights at 3,0.07458563535911603,0.8354114713216958,362,0.802,0.35375,0.6936317770193383,3.0
221,WCS.homo,clip weights at 3,0.07458563535911603,0.8354114713216958,362,0.802,0.35375,0.6936317770193383,3.0
221,WCS.dtm,clip weights at 3,0.0,0.0,0,0.802,0.35375,0.6936317770193383,3.0
222,WBH,oracle weights,0.1,0.8494897959183674,370,0.784,0.3425,0.9115993210018293,50.97759122331978
222,WCS.hete,oracle weights,0.09333333333333334,0.5204081632653061,225,0.784,0.3425,0.9115993210018293,50.97759122331978
222,WCS.homo,oracle weights,0.1002710027100271,0.8469387755102041,369,0.784,0.3425,0.9115993210018293,50.97759122331978
222,WCS.dtm,oracle weights,0.0,0.0,0,0.784,0.3425,0.9115993210018293,50.97759122331978
222,WBH,ignore shift,0.1388888888888889,0.9489795918367347,432,0.784,0.3425,1.0,1.0
222,WCS.hete,ignore shift,0.1388888888888889,0.9489795918367347,432,0.784,0.3425,1.0,1.0
222,WCS.homo,ignore shift,0.1388888888888889,0.9489795918367347,432,0.784,0.3425,1.0,1.0
222,WCS.dtm,ignore shift,0.0,0.0,0,0.784,0.3425,1.0,1.0
222,WBH,clip weights at 3,0.0898876404494382,0.826530612244898,356,0.784,0.3425,0.691984004726356,3.0
222,WCS.hete,clip weights at 3,0.09243697478991597,0.826530612244898,357,0.784,0.3425,0.691984004726356,3.0
222,WCS.homo,clip weights at 3,0.09243697478991597,0.826530612244898,357,0.784,0.3425,0.691984004726356,3.0
222,WCS.dtm,clip weights at 3,0.0,0.0,0,0.784,0.3425,0.691984004726356,3.0
223,WBH,oracle weights,0.09207161125319693,0.8942065491183879,391,0.794,0.335,0.9069052252474457,29.619639570281695
223,WCS.hete,oracle weights,0.09850746268656717,0.760705289672544,335,0.794,0.335,0.9069052252474457,29.619639570281695
223,WCS.homo,oracle weights,0.09207161125319693,0.8942065491183879,391,0.794,0.335,0.9069052252474457,29.619639570281695
223,WCS.dtm,oracle weights,0.0,0.0,0,0.794,0.335,0.9069052252474457,29.619639570281695
223,WBH,ignore shift,0.11694510739856802,0.9319899244332494,419,0.794,0.335,1.0,1.0
223,WCS.hete,ignore shift,0.11694510739856802,0.9319899244332494,419,0.794,0.335,1.0,1.0
223,WCS.homo,ignore shift,0.11694510739856802,0.9319899244332494,419,0.794,0.335,1.0,1.0
223,WCS.dtm,ignore shift,0.0,0.0,0,0.794,0.335,1.0,1.0
223,WBH,clip weights at 3,0.08051948051948052,0.8916876574307305,385,0.794,0.335,0.6967252578471903,3.0
223,WCS.hete,clip weights at 3,0.08051948051948052,0.8916876574307305,385,0.794,0.335,0.6967252578471903,3.0
223,WCS.homo,clip weights at 3,0.08051948051948052,0.8916876574307305,385,0.794,0.335,0.6967252578471903,3.0
223,WCS.dtm,clip weights at 3,0.0,0.0,0,0.794,0.335,0.6967252578471903,3.0
224,WBH,oracle weights,0.08021390374331551,0.8775510204081632,374,0.784,0.33375,0.923030963804388,21.416803780147045
224,WCS.hete,oracle weights,0.07096774193548387,0.7346938775510204,310,0.784,0.33375,0.923030963804388,21.416803780147045
224,WCS.homo,oracle weights,0.08,0.8801020408163265,375,0.784,0.33375,0.923030963804388,21.416803780147045
224,WCS.dtm,oracle weights,0.0,0.0,0,0.784,0.33375,0.923030963804388,21.416803780147045
224,WBH,ignore shift,0.1180722891566265,0.9336734693877551,415,0.784,0.33375,1.0,1.0
224,WCS.hete,ignore shift,0.1180722891566265,0.9336734693877551,415,0.784,0.33375,1.0,1.0
224,WCS.homo,ignore shift,0.1180722891566265,0.9336734693877551,415,0.784,0.33375,1.0,1.0
224,WCS.dtm,ignore shift,0.0,0.0,0,0.784,0.33375,1.0,1.0
224,WBH,clip weights at 3,0.07356948228882834,0.8673469387755102,367,0.784,0.33375,0.679473960886004,3.0
224,WCS.hete,clip weights at 3,0.07356948228882834,0.8673469387755102,367,0.784,0.33375,0.679473960886004,3.0
224,WCS.homo,clip weights at 3,0.07356948228882834,0.8673469387755102,367,0.784,0.33375,0.679473960886004,3.0
224,WCS.dtm,clip weights at 3,0.0,0.0,0,0.784,0.33375,0.679473960886004,3.0
225,WBH,oracle weights,0.0297029702970297,0.5130890052356021,202,0.764,0.3575,1.0809280725956798,34.05495038375515
225,WCS.hete,oracle weights,0.0,0.0,0,0.764,0.3575,1.0809280725956798,34.05495038375515
225,WCS.homo,oracle weights,0.0,0.0,0,0.764,0.3575,1.0809280725956798,34.05495038375515
225,WCS.dtm,oracle weights,0.0,0.0,0,0.764,0.3575,1.0809280725956798,34.05495038375515
225,WBH,ignore shift,0.16247139588100687,0.9581151832460733,437,0.764,0.3575,1.0,1.0
225,WCS.hete,ignore shift,0.16247139588100687,0.9581151832460733,437,0.764,0.3575,1.0,1.0
225,WCS.homo,ignore shift,0.16247139588100687,0.9581151832460733,437,0.764,0.3575,1.0,1.0
225,WCS.dtm,ignore shift,0.0,0.0,0,0.764,0.3575,1.0,1.0
225,WBH,clip weights at 3,0.07165109034267912,0.7801047120418848,321,0.764,0.3575,0.7217918341915944,3.0
225,WCS.hete,clip weights at 3,0.07165109034267912,0.7801047120418848,321,0.764,0.3575,0.7217918341915944,3.0
225,WCS.homo,clip weights at 3,0.07453416149068323,0.7801047120418848,322,0.764,0.3575,0.7217918341915944,3.0
225,WCS.dtm,clip weights at 3,0.0,0.0,0,0.764,0.3575,0.7217918341915944,3.0
226,WBH,oracle weights,0.05466237942122187,0.7736842105263158,311,0.76,0.38,1.005000320893828,38.22712462095601
226,WCS.hete,oracle weights,0.05333333333333334,0.7473684210526316,300,0.76,0.38,1.005000320893828,38.22712462095601
226,WCS.homo,oracle weights,0.054313099041533544,0.7789473684210526,313,0.76,0.38,1.005000320893828,38.22712462095601
226,WCS.dtm,oracle weights,0.0,0.0,0,0.76,0.38,1.005000320893828,38.22712462095601
226,WBH,ignore shift,0.11463414634146342,0.9552631578947368,410,0.76,0.38,1.0,1.0
226,WCS.hete,ignore shift,0.11463414634146342,0.9552631578947368,410,0.76,0.38,1.0,1.0
226,WCS.homo,ignore shift,0.11463414634146342,0.9552631578947368,410,0.76,0.38,1.0,1.0
226,WCS.dtm,ignore shift,0.0,0.0,0,0.76,0.38,1.0,1.0
226,WBH,clip weights at 3,0.04950495049504951,0.7578947368421053,303,0.76,0.38,0.7073460325011917,3.0
226,WCS.hete,clip weights at 3,0.049342105263157895,0.7605263157894737,304,0.76,0.38,0.7073460325011917,3.0
226,WCS.homo,clip weights at 3,0.049342105263157895,0.7605263157894737,304,0.76,0.38,0.7073460325011917,3.0
226,WCS.dtm,clip weights at 3,0.0,0.0,0,0.76,0.38,0.7073460325011917,3.0
227,WBH,oracle weights,0.08651399491094147,0.8930348258706468,393,0.804,0.3175,0.9475894718961613,47.24223349040196
227,WCS.hete,oracle weights,0.08717948717948718,0.8855721393034826,390,0.804,0.3175,0.9475894718961613,47.24223349040196
227,WCS.homo,oracle weights,0.08585858585858586,0.900497512437811,396,0.804,0.3175,0.9475894718961613,47.24223349040196
227,WCS.dtm,oracle weights,0.0,0.0,0,0.804,0.3175,0.9475894718961613,47.24223349040196
227,WBH,ignore shift,0.10047846889952153,0.9353233830845771,418,0.804,0.3175,1.0,1.0
227,WCS.hete,ignore shift,0.10047846889952153,0.9353233830845771,418,0.804,0.3175,1.0,1.0
227,WCS.homo,ignore shift,0.10047846889952153,0.9353233830845771,418,0.804,0.3175,1.0,1.0
227,WCS.dtm,ignore shift,0.0,0.0,0,0.804,0.3175,1.0,1.0
227,WBH,clip weights at 3,0.06779661016949153,0.8208955223880597,354,0.804,0.3175,0.6510140103046237,3.0
227,WCS.hete,clip weights at 3,0.06741573033707865,0.8258706467661692,356,0.804,0.3175,0.6510140103046237,3.0
227,WCS.homo,clip weights at 3,0.06741573033707865,0.8258706467661692,356,0.804,0.3175,0.6510140103046237,3.0
227,WCS.dtm,clip weights at 3,0.0,0.0,0,0.804,0.3175,0.6510140103046237,3.0
228,WBH,oracle weights,0.09774436090225563,0.9022556390977443,399,0.798,0.35,0.8196849908342848,22.644646851736606
228,WCS.hete,oracle weights,0.16470588235294117,0.17794486215538846,85,0.798,0.35,0.8196849908342848,22.644646851736606
228,WCS.homo,oracle weights,0.09876543209876543,0.9147869674185464,405,0.798,0.35,0.8196849908342848,22.644646851736606
228,WCS.dtm,oracle weights,0.0,0.0,0,0.798,0.35,0.8196849908342848,22.644646851736606
228,WBH,ignore shift,0.1175115207373272,0.9598997493734336,434,0.798,0.35,1.0,1.0
228,WCS.hete,ignore shift,0.1175115207373272,0.9598997493734336,434,0.798,0.35,1.0,1.0
228,WCS.homo,ignore shift,0.1175115207373272,0.9598997493734336,434,0.798,0.35,1.0,1.0
228,WCS.dtm,ignore shift,0.0,0.0,0,0.798,0.35,1.0,1.0
228,WBH,clip weights at 3,0.07631578947368421,0.8796992481203008,380,0.798,0.35,0.6523546447866877,3.0
228,WCS.hete,clip weights at 3,0.07631578947368421,0.8796992481203008,380,0.798,0.35,0.6523546447866877,3.0
228,WCS.homo,clip weights at 3,0.07894736842105263,0.8771929824561403,380,0.798,0.35,0.6523546447866877,3.0
228,WCS.dtm,clip weights at 3,0.0,0.0,0,0.798,0.35,0.6523546447866877,3.0
229,WBH,oracle weights,0.06504065040650407,0.8497536945812808,369,0.812,0.34625,0.9934656767034349,47.55349008248867
229,WCS.hete,oracle weights,0.06748466257668712,0.37438423645320196,163,0.812,0.34625,0.9934656767034349,47.55349008248867
229,WCS.homo,oracle weights,0.06451612903225806,0.8571428571428571,372,0.812,0.34625,0.9934656767034349,47.55349008248867
229,WCS.dtm,oracle weights,0.0,0.0,0,0.812,0.34625,0.9934656767034349,47.55349008248867
229,WBH,ignore shift,0.11136890951276102,0.9433497536945813,431,0.812,0.34625,1.0,1.0
229,WCS.hete,ignore shift,0.11136890951276102,0.9433497536945813,431,0.812,0.34625,1.0,1.0
229,WCS.homo,ignore shift,0.11136890951276102,0.9433497536945813,431,0.812,0.34625,1.0,1.0
229,WCS.dtm,ignore shift,0.0,0.0,0,0.812,0.34625,1.0,1.0
229,WBH,clip weights at 3,0.06,0.8103448275862069,350,0.812,0.34625,0.7413044799141519,3.0
229,WCS.hete,clip weights at 3,0.05730659025787966,0.8103448275862069,349,0.812,0.34625,0.7413044799141519,3.0
229,WCS.homo,clip weights at 3,0.05730659025787966,0.8103448275862069,349,0.812,0.34625,0.7413044799141519,3.0
229,WCS.dtm,clip weights at 3,0.0,0.0,0,0.812,0.34625,0.7413044799141519,3.0
230,WBH,oracle weights,0.09183673469387756,0.9128205128205128,392,0.78,0.36125,1.069908957309614,41.08876362327655
230,WCS.hete,oracle weights,0.09207161125319693,0.9102564102564102,391,0.78,0.36125,1.069908957309614,41.08876362327655
230,WCS.homo,oracle weights,0.08951406649616368,0.9128205128205128,391,0.78,0.36125,1.069908957309614,41.08876362327655
230,WCS.dtm,oracle weights,0.0,0.0,0,0.78,0.36125,1.069908957309614,41.08876362327655
230,WBH,ignore shift,0.10628019323671498,0.9487179487179487,414,0.78,0.36125,1.0,1.0
230,WCS.hete,ignore shift,0.10628019323671498,0.9487179487179487,414,0.78,0.36125,1.0,1.0
230,WCS.homo,ignore shift,0.10628019323671498,0.9487179487179487,414,0.78,0.36125,1.0,1.0
230,WCS.dtm,ignore shift,0.0,0.0,0,0.78,0.36125,1.0,1.0
230,WBH,clip weights at 3,0.08100558659217877,0.8435897435897436,358,0.78,0.36125,0.7210962171420676,3.0
230,WCS.hete,clip weights at 3,0.08100558659217877,0.8435897435897436,358,0.78,0.36125,0.7210962171420676,3.0
230,WCS.homo,clip weights at 3,0.08100558659217877,0.8435897435897436,358,0.78,0.36125,0.7210962171420676,3.0
230,WCS.dtm,clip weights at 3,0.0,0.0,0,0.78,0.36125,0.7210962171420676,3.0
231,WBH,oracle weights,0.0777479892761394,0.8686868686868687,373,0.792,0.355,1.0377069198767825,28.047942260356695
231,WCS.hete,oracle weights,0.07692307692307693,0.8484848484848485,364,0.792,0.355,1.0377069198767825,28.047942260356695
231,WCS.homo,oracle weights,0.07754010695187166,0.8712121212121212,374,0.792,0.355,1.0377069198767825,28.047942260356695
231,WCS.dtm,oracle weights,0.0,0.0,0,0.792,0.355,1.0377069198767825,28.047942260356695
231,WBH,ignore shift,0.10874704491725769,0.952020202020202,423,0.792,0.355,1.0,1.0
231,WCS.hete,ignore shift,0.10874704491725769,0.952020202020202,423,0.792,0.355,1.0,1.0
231,WCS.homo,ignore shift,0.10874704491725769,0.952020202020202,423,0.792,0.355,1.0,1.0
231,WCS.dtm,ignore shift,0.0,0.0,0,0.792,0.355,1.0,1.0
231,WBH,clip weights at 3,0.060240963855421686,0.7878787878787878,332,0.792,0.355,0.7365229749735508,3.0
231,WCS.hete,clip weights at 3,0.060240963855421686,0.7878787878787878,332,0.792,0.355,0.7365229749735508,3.0
231,WCS.homo,clip weights at 3,0.060240963855421686,0.7878787878787878,332,0.792,0.355,0.7365229749735508,3.0
231,WCS.dtm,clip weights at 3,0.0,0.0,0,0.792,0.355,0.7365229749735508,3.0
232,WBH,oracle weights,0.039711191335740074,0.6909090909090909,277,0.77,0.3575,1.0186088920829643,28.566488584983848
232,WCS.hete,oracle weights,0.04693140794223827,0.6857142857142857,277,0.77,0.3575,1.0186088920829643,28.566488584983848
232,WCS.homo,oracle weights,0.04878048780487805,0.7090909090909091,287,0.77,0.3575,1.0186088920829643,28.566488584983848
232,WCS.dtm,oracle weights,0.0,0.0,0,0.77,0.3575,1.0186088920829643,28.566488584983848
232,WBH,ignore shift,0.13095238095238096,0.948051948051948,420,0.77,0.3575,1.0,1.0
232,WCS.hete,ignore shift,0.13095238095238096,0.948051948051948,420,0.77,0.3575,1.0,1.0
232,WCS.homo,ignore shift,0.13095238095238096,0.948051948051948,420,0.77,0.3575,1.0,1.0
232,WCS.dtm,ignore shift,0.0,0.0,0,0.77,0.3575,1.0,1.0
232,WBH,clip weights at 3,0.05537459283387622,0.7532467532467533,307,0.77,0.3575,0.707893099141653,3.0
232,WCS.hete,clip weights at 3,0.05537459283387622,0.7532467532467533,307,0.77,0.3575,0.707893099141653,3.0
232,WCS.homo,clip weights at 3,0.05519480519480519,0.7558441558441559,308,0.77,0.3575,0.707893099141653,3.0
232,WCS.dtm,clip weights at 3,0.0,0.0,0,0.77,0.3575,0.707893099141653,3.0
233,WBH,oracle weights,0.06845238095238096,0.7944162436548223,336,0.788,0.35,0.9778556813445971,27.041060227254917
233,WCS.hete,oracle weights,0.06415094339622641,0.6294416243654822,265,0.788,0.35,0.9778556813445971,27.041060227254917
233,WCS.homo,oracle weights,0.06764705882352941,0.8045685279187818,340,0.788,0.35,0.9778556813445971,27.041060227254917
233,WCS.dtm,oracle weights,0.0,0.0,0,0.788,0.35,0.9778556813445971,27.041060227254917
233,WBH,ignore shift,0.11192214111922141,0.9263959390862944,411,0.788,0.35,1.0,1.0
233,WCS.hete,ignore shift,0.11192214111922141,0.9263959390862944,411,0.788,0.35,1.0,1.0
233,WCS.homo,ignore shift,0.11192214111922141,0.9263959390862944,411,0.788,0.35,1.0,1.0
233,WCS.dtm,ignore shift,0.0,0.0,0,0.788,0.35,1.0,1.0
233,WBH,clip weights at 3,0.059880239520958084,0.7969543147208121,334,0.788,0.35,0.7140716006594212,3.0
233,WCS.hete,clip weights at 3,0.059880239520958084,0.7969543147208121,334,0.788,0.35,0.7140716006594212,3.0
233,WCS.homo,clip weights at 3,0.059880239520958084,0.7969543147208121,334,0.788,0.35,0.7140716006594212,3.0
233,WCS.dtm,clip weights at 3,0.0,0.0,0,0.788,0.35,0.7140716006594212,3.0
234,WBH,oracle weights,0.07629427792915532,0.8560606060606061,367,0.792,0.34375,0.9869482337739854,45.484101176254754
234,WCS.hete,oracle weights,0.08904109589041095,0.33585858585858586,146,0.792,0.34375,0.9869482337739854,45.484101176254754
234,WCS.homo,oracle weights,0.07671232876712329,0.851010101010101,365,0.792,0.34375,0.9869482337739854,45.484101176254754
234,WCS.dtm,oracle weights,0.0,0.0,0,0.792,0.34375,0.9869482337739854,45.484101176254754
234,WBH,ignore shift,0.13043478260869565,0.9595959595959596,437,0.792,0.34375,1.0,1.0
234,WCS.hete,ignore shift,0.13043478260869565,0.9595959595959596,437,0.792,0.34375,1.0,1.0
234,WCS.homo,ignore shift,0.13043478260869565,0.9595959595959596,437,0.792,0.34375,1.0,1.0
234,WCS.dtm,ignore shift,0.0,0.0,0,0.792,0.34375,1.0,1.0
234,WBH,clip weights at 3,0.07650273224043716,0.8535353535353535,366,0.792,0.34375,0.6587930656111053,3.0
234,WCS.hete,clip weights at 3,0.07650273224043716,0.8535353535353535,366,0.792,0.34375,0.6587930656111053,3.0
234,WCS.homo,clip weights at 3,0.07650273224043716,0.8535353535353535,366,0.792,0.34375,0.6587930656111053,3.0
234,WCS.dtm,clip weights at 3,0.0,0.0,0,0.792,0.34375,0.6587930656111053,3.0
235,WBH,oracle weights,0.11604938271604938,0.9203084832904884,405,0.778,0.36875,1.1760006452647118,64.70834632629467
235,WCS.hete,oracle weights,0.11633663366336634,0.9177377892030848,404,0.778,0.36875,1.1760006452647118,64.70834632629467
235,WCS.homo,oracle weights,0.11662531017369727,0.9151670951156813,403,0.778,0.36875,1.1760006452647118,64.70834632629467
235,WCS.dtm,oracle weights,0.0,0.0,0,0.778,0.36875,1.1760006452647118,64.70834632629467
235,WBH,ignore shift,0.12195121951219512,0.9254498714652957,410,0.778,0.36875,1.0,1.0
235,WCS.hete,ignore shift,0.12195121951219512,0.9254498714652957,410,0.778,0.36875,1.0,1.0
235,WCS.homo,ignore shift,0.12195121951219512,0.9254498714652957,410,0.778,0.36875,1.0,1.0
235,WCS.dtm,ignore shift,0.0,0.0,0,0.778,0.36875,1.0,1.0
235,WBH,clip weights at 3,0.06528189910979229,0.8097686375321337,337,0.778,0.36875,0.7456371025555327,3.0
235,WCS.hete,clip weights at 3,0.06528189910979229,0.8097686375321337,337,0.778,0.36875,0.7456371025555327,3.0
235,WCS.homo,clip weights at 3,0.06528189910979229,0.8097686375321337,337,0.778,0.36875,0.7456371025555327,3.0
235,WCS.dtm,clip weights at 3,0.0,0.0,0,0.778,0.36875,0.7456371025555327,3.0
236,WBH,oracle weights,0.14965986394557823,0.9517766497461929,441,0.788,0.37125,1.0659196805941826,68.2682650437244
236,WCS.hete,oracle weights,0.14965986394557823,0.9517766497461929,441,0.788,0.37125,1.0659196805941826,68.2682650437244
236,WCS.homo,oracle weights,0.1493212669683258,0.9543147208121827,442,0.788,0.37125,1.0659196805941826,68.2682650437244
236,WCS.dtm,oracle weights,0.0,0.0,0,0.788,0.37125,1.0659196805941826,68.2682650437244
236,WBH,ignore shift,0.1493212669683258,0.9543147208121827,442,0.788,0.37125,1.0,1.0
236,WCS.hete,ignore shift,0.1493212669683258,0.9543147208121827,442,0.788,0.37125,1.0,1.0
236,WCS.homo,ignore shift,0.1493212669683258,0.9543147208121827,442,0.788,0.37125,1.0,1.0
236,WCS.dtm,ignore shift,0.0,0.0,0,0.788,0.37125,1.0,1.0
236,WBH,clip weights at 3,0.11025641025641025,0.8807106598984772,390,0.788,0.37125,0.7112799332246584,3.0
236,WCS.hete,clip weights at 3,0.10824742268041238,0.8781725888324873,388,0.788,0.37125,0.7112799332246584,3.0
236,WCS.homo,clip weights at 3,0.10621761658031088,0.8756345177664975,386,0.788,0.37125,0.7112799332246584,3.0
236,WCS.dtm,clip weights at 3,0.0,0.0,0,0.788,0.37125,0.7112799332246584,3.0
237,WBH,oracle weights,0.11764705882352941,0.8868894601542416,391,0.778,0.34875,0.868002985641864,19.634550897883752
237,WCS.hete,oracle weights,0.11924119241192412,0.8354755784061697,369,0.778,0.34875,0.868002985641864,19.634550897883752
237,WCS.homo,oracle weights,0.11917098445595854,0.8740359897172236,386,0.778,0.34875,0.868002985641864,19.634550897883752
237,WCS.dtm,oracle weights,0.0,0.0,0,0.778,0.34875,0.868002985641864,19.634550897883752
237,WBH,ignore shift,0.1405152224824356,0.9434447300771208,427,0.778,0.34875,1.0,1.0
237,WCS.hete,ignore shift,0.1405152224824356,0.9434447300771208,427,0.778,0.34875,1.0,1.0
237,WCS.homo,ignore shift,0.1405152224824356,0.9434447300771208,427,0.778,0.34875,1.0,1.0
237,WCS.dtm,ignore shift,0.0,0.0,0,0.778,0.34875,1.0,1.0
237,WBH,clip weights at 3,0.1122715404699739,0.8740359897172236,383,0.778,0.34875,0.6903319992880662,3.0
237,WCS.hete,clip weights at 3,0.1122715404699739,0.8740359897172236,383,0.778,0.34875,0.6903319992880662,3.0
237,WCS.homo,clip weights at 3,0.1122715404699739,0.8740359897172236,383,0.778,0.34875,0.6903319992880662,3.0
237,WCS.dtm,clip weights at 3,0.0,0.0,0,0.778,0.34875,0.6903319992880662,3.0
238,WBH,oracle weights,0.0807799442896936,0.8312342569269522,359,0.794,0.325,0.9791610687723826,38.06390439211293
238,WCS.hete,oracle weights,0.07738095238095238,0.7808564231738035,336,0.794,0.325,0.9791610687723826,38.06390439211293
238,WCS.homo,oracle weights,0.08033240997229917,0.836272040302267,361,0.794,0.325,0.9791610687723826,38.06390439211293
238,WCS.dtm,oracle weights,0.0,0.0,0,0.794,0.325,0.9791610687723826,38.06390439211293
238,WBH,ignore shift,0.12469437652811736,0.9017632241813602,409,0.794,0.325,1.0,1.0
238,WCS.hete,ignore shift,0.12439024390243902,0.9042821158690176,410,0.794,0.325,1.0,1.0
238,WCS.homo,ignore shift,0.12439024390243902,0.9042821158690176,410,0.794,0.325,1.0,1.0
238,WCS.dtm,ignore shift,0.0,0.0,0,0.794,0.325,1.0,1.0
238,WBH,clip weights at 3,0.07954545454545454,0.8161209068010076,352,0.794,0.325,0.6605742648952503,3.0
238,WCS.hete,clip weights at 3,0.07954545454545454,0.8161209068010076,352,0.794,0.325,0.6605742648952503,3.0
238,WCS.homo,clip weights at 3,0.07977207977207977,0.8136020151133502,351,0.794,0.325,0.6605742648952503,3.0
238,WCS.dtm,clip weights at 3,0.0,0.0,0,0.794,0.325,0.6605742648952503,3.0
239,WBH,oracle weights,0.08163265306122448,0.8289473684210527,343,0.76,0.35125,1.0312689176545833,23.40101586710824
239,WCS.hete,oracle weights,0.102803738317757,0.25263157894736843,107,0.76,0.35125,1.0312689176545833,23.40101586710824
239,WCS.homo,oracle weights,0.08211143695014662,0.8236842105263158,341,0.76,0.35125,1.0312689176545833,23.40101586710824
239,WCS.dtm,oracle weights,0.0,0.0,0,0.76,0.35125,1.0312689176545833,23.40101586710824
239,WBH,ignore shift,0.10687022900763359,0.9236842105263158,393,0.76,0.35125,1.0,1.0
239,WCS.hete,ignore shift,0.10687022900763359,0.9236842105263158,393,0.76,0.35125,1.0,1.0
239,WCS.homo,ignore shift,0.10687022900763359,0.9236842105263158,393,0.76,0.35125,1.0,1.0
239,WCS.dtm,ignore shift,0.0,0.0,0,0.76,0.35125,1.0,1.0
239,WBH,clip weights at 3,0.06501547987616099,0.7947368421052632,323,0.76,0.35125,0.7145386212047999,3.0
239,WCS.hete,clip weights at 3,0.06790123456790123,0.7947368421052632,324,0.76,0.35125,0.7145386212047999,3.0
239,WCS.homo,clip weights at 3,0.06748466257668712,0.8,326,0.76,0.35125,0.7145386212047999,3.0
239,WCS.dtm,clip weights at 3,0.0,0.0,0,0.76,0.35125,0.7145386212047999,3.0
240,WBH,oracle weights,0.06876790830945559,0.8441558441558441,349,0.77,0.36875,0.9426524834658341,16.77556405609393
240,WCS.hete,oracle weights,0.06896551724137931,0.8415584415584415,348,0.77,0.36875,0.9426524834658341,16.77556405609393
240,WCS.homo,oracle weights,0.06857142857142857,0.8467532467532467,350,0.77,0.36875,0.9426524834658341,16.77556405609393
240,WCS.dtm,oracle weights,0.0,0.0,0,0.77,0.36875,0.9426524834658341,16.77556405609393
240,WBH,ignore shift,0.12195121951219512,0.935064935064935,410,0.77,0.36875,1.0,1.0
240,WCS.hete,ignore shift,0.12195121951219512,0.935064935064935,410,0.77,0.36875,1.0,1.0
240,WCS.homo,ignore shift,0.12195121951219512,0.935064935064935,410,0.77,0.36875,1.0,1.0
240,WCS.dtm,ignore shift,0.0,0.0,0,0.77,0.36875,1.0,1.0
240,WBH,clip weights at 3,0.06784660766961652,0.8207792207792208,339,0.77,0.36875,0.7378644595991568,3.0
240,WCS.hete,clip weights at 3,0.06784660766961652,0.8207792207792208,339,0.77,0.36875,0.7378644595991568,3.0
240,WCS.homo,clip weights at 3,0.06784660766961652,0.8207792207792208,339,0.77,0.36875,0.7378644595991568,3.0
240,WCS.dtm,clip weights at 3,0.0,0.0,0,0.77,0.36875,0.7378644595991568,3.0
241,WBH,oracle weights,0.13953488372093023,0.9536082474226805,430,0.776,0.3875,1.0010642678262796,22.715188068567844
241,WCS.hete,oracle weights,0.13986013986013987,0.9510309278350515,429,0.776,0.3875,1.0010642678262796,22.715188068567844
241,WCS.homo,oracle weights,0.0,0.0,0,0.776,0.3875,1.0010642678262796,22.715188068567844
241,WCS.dtm,oracle weights,0.0,0.0,0,0.776,0.3875,1.0010642678262796,22.715188068567844
241,WBH,ignore shift,0.15555555555555556,0.979381443298969,450,0.776,0.3875,1.0,1.0
241,WCS.hete,ignore shift,0.15555555555555556,0.979381443298969,450,0.776,0.3875,1.0,1.0
241,WCS.homo,ignore shift,0.15555555555555556,0.979381443298969,450,0.776,0.3875,1.0,1.0
241,WCS.dtm,ignore shift,0.0,0.0,0,0.776,0.3875,1.0,1.0
241,WBH,clip weights at 3,0.12857142857142856,0.9432989690721649,420,0.776,0.3875,0.7147621310528329,3.0
241,WCS.hete,clip weights at 3,0.12857142857142856,0.9432989690721649,420,0.776,0.3875,0.7147621310528329,3.0
241,WCS.homo,clip weights at 3,0.12857142857142856,0.9432989690721649,420,0.776,0.3875,0.7147621310528329,3.0
241,WCS.dtm,clip weights at 3,0.0,0.0,0,0.776,0.3875,0.7147621310528329,3.0
242,WBH,oracle weights,0.09703504043126684,0.8545918367346939,371,0.784,0.33375,0.9187665013585025,27.816533163471103
242,WCS.hete,oracle weights,0.1111111111111111,0.04081632653061224,18,0.784,0.33375,0.9187665013585025,27.816533163471103
242,WCS.homo,oracle weights,0.10052910052910052,0.8673469387755102,378,0.784,0.33375,0.9187665013585025,27.816533163471103
242,WCS.dtm,oracle weights,0.0,0.0,0,0.784,0.33375,0.9187665013585025,27.816533163471103
242,WBH,ignore shift,0.1191588785046729,0.9617346938775511,428,0.784,0.33375,1.0,1.0
242,WCS.hete,ignore shift,0.1191588785046729,0.9617346938775511,428,0.784,0.33375,1.0,1.0
242,WCS.homo,ignore shift,0.1191588785046729,0.9617346938775511,428,0.784,0.33375,1.0,1.0
242,WCS.dtm,ignore shift,0.0,0.0,0,0.784,0.33375,1.0,1.0
242,WBH,clip weights at 3,0.0921409214092141,0.8545918367346939,369,0.784,0.33375,0.6917001738875687,3.0
242,WCS.hete,clip weights at 3,0.0945945945945946,0.8545918367346939,370,0.784,0.33375,0.6917001738875687,3.0
242,WCS.homo,clip weights at 3,0.0945945945945946,0.8545918367346939,370,0.784,0.33375,0.6917001738875687,3.0
242,WCS.dtm,clip weights at 3,0.0,0.0,0,0.784,0.33375,0.6917001738875687,3.0
243,WBH,oracle weights,0.1065989847715736,0.9119170984455959,394,0.772,0.3575,0.8918128493468781,15.044471438244097
243,WCS.hete,oracle weights,0.13008130081300814,0.5544041450777202,246,0.772,0.3575,0.8918128493468781,15.044471438244097
243,WCS.homo,oracle weights,0.10687022900763359,0.9093264248704663,393,0.772,0.3575,0.8918128493468781,15.044471438244097
243,WCS.dtm,oracle weights,0.0,0.0,0,0.772,0.3575,0.8918128493468781,15.044471438244097
243,WBH,ignore shift,0.12679425837320574,0.9455958549222798,418,0.772,0.3575,1.0,1.0
243,WCS.hete,ignore shift,0.12679425837320574,0.9455958549222798,418,0.772,0.3575,1.0,1.0
243,WCS.homo,ignore shift,0.12679425837320574,0.9455958549222798,418,0.772,0.3575,1.0,1.0
243,WCS.dtm,ignore shift,0.0,0.0,0,0.772,0.3575,1.0,1.0
243,WBH,clip weights at 3,0.07777777777777778,0.8601036269430051,360,0.772,0.3575,0.6669712519718215,3.0
243,WCS.hete,clip weights at 3,0.07777777777777778,0.8601036269430051,360,0.772,0.3575,0.6669712519718215,3.0
243,WCS.homo,clip weights at 3,0.08011049723756906,0.8626943005181347,362,0.772,0.3575,0.6669712519718215,3.0
243,WCS.dtm,clip weights at 3,0.0,0.0,0,0.772,0.3575,0.6669712519718215,3.0
244,WBH,oracle weights,0.02197802197802198,0.6691729323308271,273,0.798,0.3475,0.9777343135710197,42.72896453271908
244,WCS.hete,oracle weights,0.023121387283236993,0.42355889724310775,173,0.798,0.3475,0.9777343135710197,42.72896453271908
244,WCS.homo,oracle weights,0.021897810218978103,0.6716791979949874,274,0.798,0.3475,0.9777343135710197,42.72896453271908
244,WCS.dtm,oracle weights,0.0,0.0,0,0.798,0.3475,0.9777343135710197,42.72896453271908
244,WBH,ignore shift,0.08888888888888889,0.924812030075188,405,0.798,0.3475,1.0,1.0
244,WCS.hete,ignore shift,0.08684863523573201,0.9223057644110275,403,0.798,0.3475,1.0,1.0
244,WCS.homo,ignore shift,0.0845771144278607,0.9223057644110275,402,0.798,0.3475,1.0,1.0
244,WCS.dtm,ignore shift,0.0,0.0,0,0.798,0.3475,1.0,1.0
244,WBH,clip weights at 3,0.02158273381294964,0.681704260651629,278,0.798,0.3475,0.7061038413905042,3.0
244,WCS.hete,clip weights at 3,0.02158273381294964,0.681704260651629,278,0.798,0.3475,0.7061038413905042,3.0
244,WCS.homo,clip weights at 3,0.021505376344086023,0.6842105263157895,279,0.798,0.3475,0.7061038413905042,3.0
244,WCS.dtm,clip weights at 3,0.0,0.0,0,0.798,0.3475,0.7061038413905042,3.0
245,WBH,oracle weights,0.0935672514619883,0.8093994778067886,342,0.766,0.36375,0.9893086562477771,27.386383704175042
245,WCS.hete,oracle weights,0.0972644376899696,0.7754569190600522,329,0.766,0.36375,0.9893086562477771,27.386383704175042
245,WCS.homo,oracle weights,0.09411764705882353,0.804177545691906,340,0.766,0.36375,0.9893086562477771,27.386383704175042
245,WCS.dtm,oracle weights,0.0,0.0,0,0.766,0.36375,0.9893086562477771,27.386383704175042
245,WBH,ignore shift,0.14148681055155876,0.9347258485639687,417,0.766,0.36375,1.0,1.0
245,WCS.hete,ignore shift,0.14182692307692307,0.9321148825065274,416,0.766,0.36375,1.0,1.0
245,WCS.homo,ignore shift,0.14182692307692307,0.9321148825065274,416,0.766,0.36375,1.0,1.0
245,WCS.dtm,ignore shift,0.0,0.0,0,0.766,0.36375,1.0,1.0
245,WBH,clip weights at 3,0.07894736842105263,0.7310704960835509,304,0.766,0.36375,0.7381671903302128,3.0
245,WCS.hete,clip weights at 3,0.07894736842105263,0.7310704960835509,304,0.766,0.36375,0.7381671903302128,3.0
245,WCS.homo,clip weights at 3,0.08143322475570032,0.7362924281984334,307,0.766,0.36375,0.7381671903302128,3.0
245,WCS.dtm,clip weights at 3,0.0,0.0,0,0.766,0.36375,0.7381671903302128,3.0
246,WBH,oracle weights,0.10941475826972011,0.8928571428571429,393,0.784,0.345,1.0180362099252287,39.43819644116181
246,WCS.hete,oracle weights,0.10913705583756345,0.8954081632653061,394,0.784,0.345,1.0180362099252287,39.43819644116181
246,WCS.homo,oracle weights,0.10831234256926953,0.9030612244897959,397,0.784,0.345,1.0180362099252287,39.43819644116181
246,WCS.dtm,oracle weights,0.0,0.0,0,0.784,0.345,1.0180362099252287,39.43819644116181
246,WBH,ignore shift,0.13986013986013987,0.9413265306122449,429,0.784,0.345,1.0,1.0
246,WCS.hete,ignore shift,0.13953488372093023,0.9438775510204082,430,0.784,0.345,1.0,1.0
246,WCS.homo,ignore shift,0.13986013986013987,0.9413265306122449,429,0.784,0.345,1.0,1.0
246,WCS.dtm,ignore shift,0.0,0.0,0,0.784,0.345,1.0,1.0
246,WBH,clip weights at 3,0.06291390728476821,0.7219387755102041,302,0.784,0.345,0.7001979251764056,3.0
246,WCS.hete,clip weights at 3,0.06312292358803986,0.7193877551020408,301,0.784,0.345,0.7001979251764056,3.0
246,WCS.homo,clip weights at 3,0.06312292358803986,0.7193877551020408,301,0.784,0.345,0.7001979251764056,3.0
246,WCS.dtm,clip weights at 3,0.0,0.0,0,0.784,0.345,0.7001979251764056,3.0
247,WBH,oracle weights,0.08985507246376812,0.8113695090439277,345,0.774,0.33625,0.8940654791929115,35.05566801629762
247,WCS.hete,oracle weights,0.09090909090909091,0.8010335917312662,341,0.774,0.33625,0.8940654791929115,35.05566801629762
247,WCS.homo,oracle weights,0.09037900874635568,0.8062015503875969,343,0.774,0.33625,0.8940654791929115,35.05566801629762
247,WCS.dtm,oracle weights,0.0,0.0,0,0.774,0.33625,0.8940654791929115,35.05566801629762
247,WBH,ignore shift,0.11864406779661017,0.9405684754521964,413,0.774,0.33625,1.0,1.0
247,WCS.hete,ignore shift,0.11864406779661017,0.9405684754521964,413,0.774,0.33625,1.0,1.0
247,WCS.homo,ignore shift,0.11864406779661017,0.9405684754521964,413,0.774,0.33625,1.0,1.0
247,WCS.dtm,ignore shift,0.0,0.0,0,0.774,0.33625,1.0,1.0
247,WBH,clip weights at 3,0.07878787878787878,0.7855297157622739,330,0.774,0.33625,0.6729182681457524,3.0
247,WCS.hete,clip weights at 3,0.0783132530120482,0.7906976744186046,332,0.774,0.33625,0.6729182681457524,3.0
247,WCS.homo,clip weights at 3,0.07854984894259819,0.7881136950904393,331,0.774,0.33625,0.6729182681457524,3.0
247,WCS.dtm,clip weights at 3,0.0,0.0,0,0.774,0.33625,0.6729182681457524,3.0
248,WBH,oracle weights,0.10476190476190476,0.9447236180904522,420,0.796,0.35875,1.221017932336506,108.02120312750138
248,WCS.hete,oracle weights,0.10451306413301663,0.9472361809045227,421,0.796,0.35875,1.221017932336506,108.02120312750138
248,WCS.homo,oracle weights,0.10476190476190476,0.9447236180904522,420,0.796,0.35875,1.221017932336506,108.02120312750138
248,WCS.dtm,oracle weights,0.0,0.0,0,0.796,0.35875,1.221017932336506,108.02120312750138
248,WBH,ignore shift,0.1056338028169014,0.957286432160804,426,0.796,0.35875,1.0,1.0
248,WCS.hete,ignore shift,0.1056338028169014,0.957286432160804,426,0.796,0.35875,1.0,1.0
248,WCS.homo,ignore shift,0.1053864168618267,0.9597989949748744,427,0.796,0.35875,1.0,1.0
248,WCS.dtm,ignore shift,0.0,0.0,0,0.796,0.35875,1.0,1.0
248,WBH,clip weights at 3,0.06442577030812324,0.8391959798994975,357,0.796,0.35875,0.7388722237204826,3.0
248,WCS.hete,clip weights at 3,0.06424581005586592,0.8417085427135679,358,0.796,0.35875,0.7388722237204826,3.0
248,WCS.homo,clip weights at 3,0.06424581005586592,0.8417085427135679,358,0.796,0.35875,0.7388722237204826,3.0
248,WCS.dtm,clip weights at 3,0.0,0.0,0,0.796,0.35875,0.7388722237204826,3.0
249,WBH,oracle weights,0.11614730878186968,0.8082901554404145,353,0.772,0.3225,1.0002879688371475,30.496706238556882
249,WCS.hete,oracle weights,0.11581920903954802,0.810880829015544,354,0.772,0.3225,1.0002879688371475,30.496706238556882
249,WCS.homo,oracle weights,0.11549295774647887,0.8134715025906736,355,0.772,0.3225,1.0002879688371475,30.496706238556882
249,WCS.dtm,oracle weights,0.0,0.0,0,0.772,0.3225,1.0002879688371475,30.496706238556882
249,WBH,ignore shift,0.14184397163120568,0.9404145077720207,423,0.772,0.3225,1.0,1.0
249,WCS.hete,ignore shift,0.14184397163120568,0.9404145077720207,423,0.772,0.3225,1.0,1.0
249,WCS.homo,ignore shift,0.14184397163120568,0.9404145077720207,423,0.772,0.3225,1.0,1.0
249,WCS.dtm,ignore shift,0.0,0.0,0,0.772,0.3225,1.0,1.0
249,WBH,clip weights at 3,0.11304347826086956,0.7927461139896373,345,0.772,0.3225,0.6975899694141671,3.0
249,WCS.hete,clip weights at 3,0.11337209302325581,0.7901554404145078,344,0.772,0.3225,0.6975899694141671,3.0
249,WCS.homo,clip weights at 3,0.11271676300578035,0.7953367875647669,346,0.772,0.3225,0.6975899694141671,3.0
249,WCS.dtm,clip weights at 3,0.0,0.0,0,0.772,0.3225,0.6975899694141671,3.0
250,WBH,oracle weights,0.1275,0.9257294429708223,400,0.754,0.3675,1.093972219252945,50.22989124594724
250,WCS.hete,oracle weights,0.1275,0.9257294429708223,400,0.754,0.3675,1.093972219252945,50.22989124594724
250,WCS.homo,oracle weights,0.12718204488778054,0.9283819628647215,401,0.754,0.3675,1.093972219252945,50.22989124594724
250,WCS.dtm,oracle weights,0.0,0.0,0,0.754,0.3675,1.093972219252945,50.22989124594724
250,WBH,ignore shift,0.17488789237668162,0.9761273209549072,446,0.754,0.3675,1.0,1.0
250,WCS.hete,ignore shift,0.17488789237668162,0.9761273209549072,446,0.754,0.3675,1.0,1.0
250,WCS.homo,ignore shift,0.17488789237668162,0.9761273209549072,446,0.754,0.3675,1.0,1.0
250,WCS.dtm,ignore shift,0.0,0.0,0,0.754,0.3675,1.0,1.0
250,WBH,clip weights at 3,0.06143344709897611,0.7294429708222812,293,0.754,0.3675,0.6939178706690267,3.0
250,WCS.hete,clip weights at 3,0.06143344709897611,0.7294429708222812,293,0.754,0.3675,0.6939178706690267,3.0
250,WCS.homo,clip weights at 3,0.061016949152542375,0.7347480106100795,295,0.754,0.3675,0.6939178706690267,3.0
250,WCS.dtm,clip weights at 3,0.0,0.0,0,0.754,0.3675,0.6939178706690267,3.0
251,WBH,oracle weights,0.1220159151193634,0.8664921465968587,377,0.764,0.33,1.0348338474744054,44.82027994225985
251,WCS.hete,oracle weights,0.15517241379310345,0.12827225130890052,58,0.764,0.33,1.0348338474744054,44.82027994225985
251,WCS.homo,oracle weights,0.12073490813648294,0.8769633507853403,381,0.764,0.33,1.0348338474744054,44.82027994225985
251,WCS.dtm,oracle weights,0.0,0.0,0,0.764,0.33,1.0348338474744054,44.82027994225985
251,WBH,ignore shift,0.14114832535885166,0.9397905759162304,418,0.764,0.33,1.0,1.0
251,WCS.hete,ignore shift,0.14114832535885166,0.9397905759162304,418,0.764,0.33,1.0,1.0
251,WCS.homo,ignore shift,0.14114832535885166,0.9397905759162304,418,0.764,0.33,1.0,1.0
251,WCS.dtm,ignore shift,0.0,0.0,0,0.764,0.33,1.0,1.0
251,WBH,clip weights at 3,0.10227272727272728,0.8272251308900523,352,0.764,0.33,0.685835983662719,3.0
251,WCS.hete,clip weights at 3,0.10227272727272728,0.8272251308900523,352,0.764,0.33,0.685835983662719,3.0
251,WCS.homo,clip weights at 3,0.10227272727272728,0.8272251308900523,352,0.764,0.33,0.685835983662719,3.0
251,WCS.dtm,clip weights at 3,0.0,0.0,0,0.764,0.33,0.685835983662719,3.0
252,WBH,oracle weights,0.09428571428571429,0.8320209973753281,350,0.762,0.345,0.9712088801879182,28.877387765645434
252,WCS.hete,oracle weights,0.08441558441558442,0.7401574803149606,308,0.762,0.345,0.9712088801879182,28.877387765645434
252,WCS.homo,oracle weights,0.09455587392550144,0.8293963254593176,349,0.762,0.345,0.9712088801879182,28.877387765645434
252,WCS.dtm,oracle weights,0.0,0.0,0,0.762,0.345,0.9712088801879182,28.877387765645434
252,WBH,ignore shift,0.17123287671232876,0.952755905511811,438,0.762,0.345,1.0,1.0
252,WCS.hete,ignore shift,0.17123287671232876,0.952755905511811,438,0.762,0.345,1.0,1.0
252,WCS.homo,ignore shift,0.17123287671232876,0.952755905511811,438,0.762,0.345,1.0,1.0
252,WCS.dtm,ignore shift,0.0,0.0,0,0.762,0.345,1.0,1.0
252,WBH,clip weights at 3,0.08882521489971347,0.8346456692913385,349,0.762,0.345,0.6700232137490089,3.0
252,WCS.hete,clip weights at 3,0.08882521489971347,0.8346456692913385,349,0.762,0.345,0.6700232137490089,3.0
252,WCS.homo,clip weights at 3,0.08882521489971347,0.8346456692913385,349,0.762,0.345,0.6700232137490089,3.0
252,WCS.dtm,clip weights at 3,0.0,0.0,0,0.762,0.345,0.6700232137490089,3.0
253,WBH,oracle weights,0.10361445783132531,0.9323308270676691,415,0.798,0.36125,0.8804134841939977,21.262327370141268
253,WCS.hete,oracle weights,0.10386473429951691,0.9298245614035088,414,0.798,0.36125,0.8804134841939977,21.262327370141268
253,WCS.homo,oracle weights,0.10386473429951691,0.9298245614035088,414,0.798,0.36125,0.8804134841939977,21.262327370141268
253,WCS.dtm,oracle weights,0.0,0.0,0,0.798,0.36125,0.8804134841939977,21.262327370141268
253,WBH,ignore shift,0.11467889908256881,0.9674185463659147,436,0.798,0.36125,1.0,1.0
253,WCS.hete,ignore shift,0.11467889908256881,0.9674185463659147,436,0.798,0.36125,1.0,1.0
253,WCS.homo,ignore shift,0.11467889908256881,0.9674185463659147,436,0.798,0.36125,1.0,1.0
253,WCS.dtm,ignore shift,0.0,0.0,0,0.798,0.36125,1.0,1.0
253,WBH,clip weights at 3,0.08226221079691516,0.8947368421052632,389,0.798,0.36125,0.6600020158945477,3.0
253,WCS.hete,clip weights at 3,0.08247422680412371,0.8922305764411027,388,0.798,0.36125,0.6600020158945477,3.0
253,WCS.homo,clip weights at 3,0.08247422680412371,0.8922305764411027,388,0.798,0.36125,0.6600020158945477,3.0
253,WCS.dtm,clip weights at 3,0.0,0.0,0,0.798,0.36125,0.6600020158945477,3.0
254,WBH,oracle weights,0.10554089709762533,0.889763779527559,379,0.762,0.37375,1.0069850141811472,64.11710064381015
254,WCS.hete,oracle weights,0.10666666666666667,0.8792650918635171,375,0.762,0.37375,1.0069850141811472,64.11710064381015
254,WCS.homo,oracle weights,0.10610079575596817,0.884514435695538,377,0.762,0.37375,1.0069850141811472,64.11710064381015
254,WCS.dtm,oracle weights,0.0,0.0,0,0.762,0.37375,1.0069850141811472,64.11710064381015
254,WBH,ignore shift,0.12560386473429952,0.9501312335958005,414,0.762,0.37375,1.0,1.0
254,WCS.hete,ignore shift,0.12560386473429952,0.9501312335958005,414,0.762,0.37375,1.0,1.0
254,WCS.homo,ignore shift,0.12560386473429952,0.9501312335958005,414,0.762,0.37375,1.0,1.0
254,WCS.dtm,ignore shift,0.0,0.0,0,0.762,0.37375,1.0,1.0
254,WBH,clip weights at 3,0.06451612903225806,0.8372703412073491,341,0.762,0.37375,0.6979917037757093,3.0
254,WCS.hete,clip weights at 3,0.06432748538011696,0.8398950131233596,342,0.762,0.37375,0.6979917037757093,3.0
254,WCS.homo,clip weights at 3,0.06451612903225806,0.8372703412073491,341,0.762,0.37375,0.6979917037757093,3.0
254,WCS.dtm,clip weights at 3,0.0,0.0,0,0.762,0.37375,0.6979917037757093,3.0
255,WBH,oracle weights,0.12315270935960591,0.8967254408060453,406,0.794,0.33375,0.8818537100712226,19.13439392397834
255,WCS.hete,oracle weights,0.12,0.8866498740554156,400,0.794,0.33375,0.8818537100712226,19.13439392397834
255,WCS.homo,oracle weights,0.12406947890818859,0.889168765743073,403,0.794,0.33375,0.8818537100712226,19.13439392397834
255,WCS.dtm,oracle weights,0.0,0.0,0,0.794,0.33375,0.8818537100712226,19.13439392397834
255,WBH,ignore shift,0.13926940639269406,0.9496221662468514,438,0.794,0.33375,1.0,1.0
255,WCS.hete,ignore shift,0.13958810068649885,0.947103274559194,437,0.794,0.33375,1.0,1.0
255,WCS.homo,ignore shift,0.13958810068649885,0.947103274559194,437,0.794,0.33375,1.0,1.0
255,WCS.dtm,ignore shift,0.0,0.0,0,0.794,0.33375,1.0,1.0
255,WBH,clip weights at 3,0.1189873417721519,0.8765743073047859,395,0.794,0.33375,0.7002659821916101,3.0
255,WCS.hete,clip weights at 3,0.1189873417721519,0.8765743073047859,395,0.794,0.33375,0.7002659821916101,3.0
255,WCS.homo,clip weights at 3,0.1189873417721519,0.8765743073047859,395,0.794,0.33375,0.7002659821916101,3.0
255,WCS.dtm,clip weights at 3,0.0,0.0,0,0.794,0.33375,0.7002659821916101,3.0
256,WBH,oracle weights,0.10077519379844961,0.9015544041450777,387,0.772,0.36,0.974547300996795,49.04370506370914
256,WCS.hete,oracle weights,0.10256410256410256,0.9067357512953368,390,0.772,0.36,0.974547300996795,49.04370506370914
256,WCS.homo,oracle weights,0.10256410256410256,0.9067357512953368,390,0.772,0.36,0.974547300996795,49.04370506370914
256,WCS.dtm,oracle weights,0.0,0.0,0,0.772,0.36,0.974547300996795,49.04370506370914
256,WBH,ignore shift,0.15315315315315314,0.9740932642487047,444,0.772,0.36,1.0,1.0
256,WCS.hete,ignore shift,0.15315315315315314,0.9740932642487047,444,0.772,0.36,1.0,1.0
256,WCS.homo,ignore shift,0.15315315315315314,0.9740932642487047,444,0.772,0.36,1.0,1.0
256,WCS.dtm,ignore shift,0.0,0.0,0,0.772,0.36,1.0,1.0
256,WBH,clip weights at 3,0.09162303664921466,0.8989637305699482,382,0.772,0.36,0.6964264167242711,3.0
256,WCS.hete,clip weights at 3,0.09399477806788512,0.8989637305699482,383,0.772,0.36,0.6964264167242711,3.0
256,WCS.homo,clip weights at 3,0.09399477806788512,0.8989637305699482,383,0.772,0.36,0.6964264167242711,3.0
256,WCS.dtm,clip weights at 3,0.0,0.0,0,0.772,0.36,0.6964264167242711,3.0
257,WBH,oracle weights,0.13493975903614458,0.9276485788113695,415,0.774,0.37,1.1314808091562594,68.81468860201058
257,WCS.hete,oracle weights,0.2,0.0103359173126615,5,0.774,0.37,1.1314808091562594,68.81468860201058
257,WCS.homo,oracle weights,0.13493975903614458,0.9276485788113695,415,0.774,0.37,1.1314808091562594,68.81468860201058
257,WCS.dtm,oracle weights,0.0,0.0,0,0.774,0.37,1.1314808091562594,68.81468860201058
257,WBH,ignore shift,0.14814814814814814,0.9509043927648578,432,0.774,0.37,1.0,1.0
257,WCS.hete,ignore shift,0.14814814814814814,0.9509043927648578,432,0.774,0.37,1.0,1.0
257,WCS.homo,ignore shift,0.14814814814814814,0.9509043927648578,432,0.774,0.37,1.0,1.0
257,WCS.dtm,ignore shift,0.0,0.0,0,0.774,0.37,1.0,1.0
257,WBH,clip weights at 3,0.09020618556701031,0.9121447028423773,388,0.774,0.37,0.694946011072993,3.0
257,WCS.hete,clip weights at 3,0.09020618556701031,0.9121447028423773,388,0.774,0.37,0.694946011072993,3.0
257,WCS.homo,clip weights at 3,0.09020618556701031,0.9121447028423773,388,0.774,0.37,0.694946011072993,3.0
257,WCS.dtm,clip weights at 3,0.0,0.0,0,0.774,0.37,0.694946011072993,3.0
258,WBH,oracle weights,0.061855670103092786,0.7090909090909091,291,0.77,0.36125,0.9482173667648506,25.422545528602328
258,WCS.hete,oracle weights,0.0611353711790393,0.5584415584415584,229,0.77,0.36125,0.9482173667648506,25.422545528602328
258,WCS.homo,oracle weights,0.06228373702422145,0.7038961038961039,289,0.77,0.36125,0.9482173667648506,25.422545528602328
258,WCS.dtm,oracle weights,0.0,0.0,0,0.77,0.36125,0.9482173667648506,25.422545528602328
258,WBH,ignore shift,0.1431924882629108,0.948051948051948,426,0.77,0.36125,1.0,1.0
258,WCS.hete,ignore shift,0.1431924882629108,0.948051948051948,426,0.77,0.36125,1.0,1.0
258,WCS.homo,ignore shift,0.1431924882629108,0.948051948051948,426,0.77,0.36125,1.0,1.0
258,WCS.dtm,ignore shift,0.0,0.0,0,0.77,0.36125,1.0,1.0
258,WBH,clip weights at 3,0.0625,0.7402597402597403,304,0.77,0.36125,0.6984221223151661,3.0
258,WCS.hete,clip weights at 3,0.0627062706270627,0.7376623376623377,303,0.77,0.36125,0.6984221223151661,3.0
258,WCS.homo,clip weights at 3,0.06229508196721312,0.7428571428571429,305,0.77,0.36125,0.6984221223151661,3.0
258,WCS.dtm,clip weights at 3,0.0,0.0,0,0.77,0.36125,0.6984221223151661,3.0
259,WBH,oracle weights,0.10158730158730159,0.7389033942558747,315,0.766,0.36,1.0133069094269407,25.46406045902795
259,WCS.hete,oracle weights,0.1111111111111111,0.7310704960835509,315,0.766,0.36,1.0133069094269407,25.46406045902795
259,WCS.homo,oracle weights,0.10951008645533142,0.8067885117493473,347,0.766,0.36,1.0133069094269407,25.46406045902795
259,WCS.dtm,oracle weights,0.0,0.0,0,0.766,0.36,1.0133069094269407,25.46406045902795
259,WBH,ignore shift,0.15130023640661938,0.9373368146214099,423,0.766,0.36,1.0,1.0
259,WCS.hete,ignore shift,0.15130023640661938,0.9373368146214099,423,0.766,0.36,1.0,1.0
259,WCS.homo,ignore shift,0.15165876777251186,0.9347258485639687,422,0.766,0.36,1.0,1.0
259,WCS.dtm,ignore shift,0.0,0.0,0,0.766,0.36,1.0,1.0
259,WBH,clip weights at 3,0.08681672025723473,0.741514360313316,311,0.766,0.36,0.7375074823068997,3.0
259,WCS.hete,clip weights at 3,0.08974358974358974,0.741514360313316,312,0.766,0.36,0.7375074823068997,3.0
259,WCS.homo,clip weights at 3,0.0926517571884984,0.741514360313316,313,0.766,0.36,0.7375074823068997,3.0
259,WCS.dtm,clip weights at 3,0.0,0.0,0,0.766,0.36,0.7375074823068997,3.0
260,WBH,oracle weights,0.0777479892761394,0.85785536159601,373,0.802,0.35875,0.9128277523262253,21.079251500618962
260,WCS.hete,oracle weights,0.07560137457044673,0.6708229426433915,291,0.802,0.35875,0.9128277523262253,21.079251500618962
260,WCS.homo,oracle weights,0.07754010695187166,0.8603491271820449,374,0.802,0.35875,0.9128277523262253,21.079251500618962
260,WCS.dtm,oracle weights,0.0,0.0,0,0.802,0.35875,0.9128277523262253,21.079251500618962
260,WBH,ignore shift,0.10440835266821345,0.9625935162094763,431,0.802,0.35875,1.0,1.0
260,WCS.hete,ignore shift,0.10440835266821345,0.9625935162094763,431,0.802,0.35875,1.0,1.0
260,WCS.homo,ignore shift,0.10440835266821345,0.9625935162094763,431,0.802,0.35875,1.0,1.0
260,WCS.dtm,ignore shift,0.0,0.0,0,0.802,0.35875,1.0,1.0
260,WBH,clip weights at 3,0.07062146892655367,0.8204488778054863,354,0.802,0.35875,0.6819006496635319,3.0
260,WCS.hete,clip weights at 3,0.06837606837606838,0.8154613466334164,351,0.802,0.35875,0.6819006496635319,3.0
260,WCS.homo,clip weights at 3,0.07062146892655367,0.8204488778054863,354,0.802,0.35875,0.6819006496635319,3.0
260,WCS.dtm,clip weights at 3,0.0,0.0,0,0.802,0.35875,0.6819006496635319,3.0
261,WBH,oracle weights,0.06269592476489028,0.791005291005291,319,0.756,0.345,0.955963200420636,22.37573544316146
261,WCS.hete,oracle weights,0.1076923076923077,0.15343915343915343,65,0.756,0.345,0.955963200420636,22.37573544316146
261,WCS.homo,oracle weights,0.06896551724137931,0.7857142857142857,319,0.756,0.345,0.955963200420636,22.37573544316146
261,WCS.dtm,oracle weights,0.0,0.0,0,0.756,0.345,0.955963200420636,22.37573544316146
261,WBH,ignore shift,0.1511627906976744,0.9656084656084656,430,0.756,0.345,1.0,1.0
261,WCS.hete,ignore shift,0.15023474178403756,0.9576719576719577,426,0.756,0.345,1.0,1.0
261,WCS.homo,ignore shift,0.14754098360655737,0.9629629629629629,427,0.756,0.345,1.0,1.0
261,WCS.dtm,ignore shift,0.0,0.0,0,0.756,0.345,1.0,1.0
261,WBH,clip weights at 3,0.057432432432432436,0.7380952380952381,296,0.756,0.345,0.6643507209948367,3.0
261,WCS.hete,clip weights at 3,0.056666666666666664,0.7486772486772487,300,0.756,0.345,0.6643507209948367,3.0
261,WCS.homo,clip weights at 3,0.052805280528052806,0.7592592592592593,303,0.756,0.345,0.6643507209948367,3.0
261,WCS.dtm,clip weights at 3,0.0,0.0,0,0.756,0.345,0.6643507209948367,3.0
262,WBH,oracle weights,0.1218274111675127,0.8987012987012987,394,0.77,0.365,1.052367351605507,46.733860946245194
262,WCS.hete,oracle weights,0.12176165803108809,0.8805194805194805,386,0.77,0.365,1.052367351605507,46.733860946245194
262,WCS.homo,oracle weights,0.0,0.0,0,0.77,0.365,1.052367351605507,46.733860946245194
262,WCS.dtm,oracle weights,0.0,0.0,0,0.77,0.365,1.052367351605507,46.733860946245194
262,WBH,ignore shift,0.1320754716981132,0.9558441558441558,424,0.77,0.365,1.0,1.0
262,WCS.hete,ignore shift,0.1320754716981132,0.9558441558441558,424,0.77,0.365,1.0,1.0
262,WCS.homo,ignore shift,0.1320754716981132,0.9558441558441558,424,0.77,0.365,1.0,1.0
262,WCS.dtm,ignore shift,0.0,0.0,0,0.77,0.365,1.0,1.0
262,WBH,clip weights at 3,0.10054347826086957,0.8597402597402597,368,0.77,0.365,0.6964309137169034,3.0
262,WCS.hete,clip weights at 3,0.10054347826086957,0.8597402597402597,368,0.77,0.365,0.6964309137169034,3.0
262,WCS.homo,clip weights at 3,0.1008174386920981,0.8571428571428571,367,0.77,0.365,0.6964309137169034,3.0
262,WCS.dtm,clip weights at 3,0.0,0.0,0,0.77,0.365,0.6964309137169034,3.0
263,WBH,oracle weights,0.0,0.0,0,0.74,0.3275,0.922288364669692,21.500816987080363
263,WCS.hete,oracle weights,0.03773584905660377,0.2756756756756757,106,0.74,0.3275,0.922288364669692,21.500816987080363
263,WCS.homo,oracle weights,0.0,0.0,0,0.74,0.3275,0.922288364669692,21.500816987080363
263,WCS.dtm,oracle weights,0.0,0.0,0,0.74,0.3275,0.922288364669692,21.500816987080363
263,WBH,ignore shift,0.15308641975308643,0.927027027027027,405,0.74,0.3275,1.0,1.0
263,WCS.hete,ignore shift,0.15308641975308643,0.927027027027027,405,0.74,0.3275,1.0,1.0
263,WCS.homo,ignore shift,0.15308641975308643,0.927027027027027,405,0.74,0.3275,1.0,1.0
263,WCS.dtm,ignore shift,0.0,0.0,0,0.74,0.3275,1.0,1.0
263,WBH,clip weights at 3,0.0707070707070707,0.745945945945946,297,0.74,0.3275,0.6847699792315372,3.0
263,WCS.hete,clip weights at 3,0.07094594594594594,0.7432432432432432,296,0.74,0.3275,0.6847699792315372,3.0
263,WCS.homo,clip weights at 3,0.07094594594594594,0.7432432432432432,296,0.74,0.3275,0.6847699792315372,3.0
263,WCS.dtm,clip weights at 3,0.0,0.0,0,0.74,0.3275,0.6847699792315372,3.0
264,WBH,oracle weights,0.09467455621301775,0.7846153846153846,338,0.78,0.34,0.9811088707506034,21.203181487613264
264,WCS.hete,oracle weights,0.15,0.26153846153846155,120,0.78,0.34,0.9811088707506034,21.203181487613264
264,WCS.homo,oracle weights,0.0935672514619883,0.7948717948717948,342,0.78,0.34,0.9811088707506034,21.203181487613264
264,WCS.dtm,oracle weights,0.0,0.0,0,0.78,0.34,0.9811088707506034,21.203181487613264
264,WBH,ignore shift,0.12796208530805686,0.9435897435897436,422,0.78,0.34,1.0,1.0
264,WCS.hete,ignore shift,0.12796208530805686,0.9435897435897436,422,0.78,0.34,1.0,1.0
264,WCS.homo,ignore shift,0.12796208530805686,0.9435897435897436,422,0.78,0.34,1.0,1.0
264,WCS.dtm,ignore shift,0.0,0.0,0,0.78,0.34,1.0,1.0
264,WBH,clip weights at 3,0.08656716417910448,0.7846153846153846,335,0.78,0.34,0.7089688826386196,3.0
264,WCS.hete,clip weights at 3,0.08708708708708708,0.7794871794871795,333,0.78,0.34,0.7089688826386196,3.0
264,WCS.homo,clip weights at 3,0.08734939759036145,0.7769230769230769,332,0.78,0.34,0.7089688826386196,3.0
264,WCS.dtm,clip weights at 3,0.0,0.0,0,0.78,0.34,0.7089688826386196,3.0
265,WBH,oracle weights,0.055762081784386616,0.6631853785900783,269,0.766,0.33625,0.9070367769856463,33.12642447982009
265,WCS.hete,oracle weights,0.058577405857740586,0.587467362924282,239,0.766,0.33625,0.9070367769856463,33.12642447982009
265,WCS.homo,oracle weights,0.055762081784386616,0.6631853785900783,269,0.766,0.33625,0.9070367769856463,33.12642447982009
265,WCS.dtm,oracle weights,0.0,0.0,0,0.766,0.33625,0.9070367769856463,33.12642447982009
265,WBH,ignore shift,0.11508951406649616,0.9033942558746736,391,0.766,0.33625,1.0,1.0
265,WCS.hete,ignore shift,0.11508951406649616,0.9033942558746736,391,0.766,0.33625,1.0,1.0
265,WCS.homo,ignore shift,0.11508951406649616,0.9033942558746736,391,0.766,0.33625,1.0,1.0
265,WCS.dtm,ignore shift,0.0,0.0,0,0.766,0.33625,1.0,1.0
265,WBH,clip weights at 3,0.053763440860215055,0.6892950391644909,279,0.766,0.33625,0.7001821026725814,3.0
265,WCS.hete,clip weights at 3,0.053763440860215055,0.6892950391644909,279,0.766,0.33625,0.7001821026725814,3.0
265,WCS.homo,clip weights at 3,0.053763440860215055,0.6892950391644909,279,0.766,0.33625,0.7001821026725814,3.0
265,WCS.dtm,clip weights at 3,0.0,0.0,0,0.766,0.33625,0.7001821026725814,3.0
266,WBH,oracle weights,0.15186915887850466,0.9260204081632653,428,0.784,0.345,1.0970781543389345,74.02629756454142
266,WCS.hete,oracle weights,0.15384615384615385,0.9260204081632653,429,0.784,0.345,1.0970781543389345,74.02629756454142
266,WCS.homo,oracle weights,0.1527777777777778,0.9336734693877551,432,0.784,0.345,1.0970781543389345,74.02629756454142
266,WCS.dtm,oracle weights,0.0,0.0,0,0.784,0.345,1.0970781543389345,74.02629756454142
266,WBH,ignore shift,0.1583710407239819,0.9489795918367347,442,0.784,0.345,1.0,1.0
266,WCS.hete,ignore shift,0.1583710407239819,0.9489795918367347,442,0.784,0.345,1.0,1.0
266,WCS.homo,ignore shift,0.1583710407239819,0.9489795918367347,442,0.784,0.345,1.0,1.0
266,WCS.dtm,ignore shift,0.0,0.0,0,0.784,0.345,1.0,1.0
266,WBH,clip weights at 3,0.12562814070351758,0.8877551020408163,398,0.784,0.345,0.6738567479702582,3.0
266,WCS.hete,clip weights at 3,0.12562814070351758,0.8877551020408163,398,0.784,0.345,0.6738567479702582,3.0
266,WCS.homo,clip weights at 3,0.12562814070351758,0.8877551020408163,398,0.784,0.345,0.6738567479702582,3.0
266,WCS.dtm,clip weights at 3,0.0,0.0,0,0.784,0.345,0.6738567479702582,3.0
267,WBH,oracle weights,0.11634349030470914,0.848404255319149,361,0.752,0.365,0.9222273112483595,26.857088815640456
267,WCS.hete,oracle weights,0.11730205278592376,0.800531914893617,341,0.752,0.365,0.9222273112483595,26.857088815640456
267,WCS.homo,oracle weights,0.11621621621621622,0.8696808510638298,370,0.752,0.365,0.9222273112483595,26.857088815640456
267,WCS.dtm,oracle weights,0.0,0.0,0,0.752,0.365,0.9222273112483595,26.857088815640456
267,WBH,ignore shift,0.15,0.949468085106383,420,0.752,0.365,1.0,1.0
267,WCS.hete,ignore shift,0.15201900237529692,0.949468085106383,421,0.752,0.365,1.0,1.0
267,WCS.homo,ignore shift,0.15035799522673032,0.9468085106382979,419,0.752,0.365,1.0,1.0
267,WCS.dtm,ignore shift,0.0,0.0,0,0.752,0.365,1.0,1.0
267,WBH,clip weights at 3,0.09418282548476455,0.8696808510638298,361,0.752,0.365,0.6999255357161707,3.0
267,WCS.hete,clip weights at 3,0.09418282548476455,0.8696808510638298,361,0.752,0.365,0.6999255357161707,3.0
267,WCS.homo,clip weights at 3,0.09418282548476455,0.8696808510638298,361,0.752,0.365,0.6999255357161707,3.0
267,WCS.dtm,clip weights at 3,0.0,0.0,0,0.752,0.365,0.6999255357161707,3.0
268,WBH,oracle weights,0.046153846153846156,0.7969151670951157,325,0.778,0.36875,1.030777729130978,32.56457347226948
268,WCS.hete,oracle weights,0.041666666666666664,0.7095115681233933,288,0.778,0.36875,1.030777729130978,32.56457347226948
268,WCS.homo,oracle weights,0.046012269938650305,0.7994858611825193,326,0.778,0.36875,1.030777729130978,32.56457347226948
268,WCS.dtm,oracle weights,0.0,0.0,0,0.778,0.36875,1.030777729130978,32.56457347226948
268,WBH,ignore shift,0.08031088082901554,0.9125964010282777,386,0.778,0.36875,1.0,1.0
268,WCS.hete,ignore shift,0.08031088082901554,0.9125964010282777,386,0.778,0.36875,1.0,1.0
268,WCS.homo,ignore shift,0.08031088082901554,0.9125964010282777,386,0.778,0.36875,1.0,1.0
268,WCS.dtm,ignore shift,0.0,0.0,0,0.778,0.36875,1.0,1.0
268,WBH,clip weights at 3,0.04075235109717868,0.7866323907455013,319,0.778,0.36875,0.7568498468213497,3.0
268,WCS.hete,clip weights at 3,0.04075235109717868,0.7866323907455013,319,0.778,0.36875,0.7568498468213497,3.0
268,WCS.homo,clip weights at 3,0.04075235109717868,0.7866323907455013,319,0.778,0.36875,0.7568498468213497,3.0
268,WCS.dtm,clip weights at 3,0.0,0.0,0,0.778,0.36875,0.7568498468213497,3.0
269,WBH,oracle weights,0.059880239520958084,0.7889447236180904,334,0.796,0.34625,0.9999766249125362,36.77198354956095
269,WCS.hete,oracle weights,0.06325301204819277,0.7814070351758794,332,0.796,0.34625,0.9999766249125362,36.77198354956095
269,WCS.homo,oracle weights,0.0626865671641791,0.7889447236180904,335,0.796,0.34625,0.9999766249125362,36.77198354956095
269,WCS.dtm,oracle weights,0.0,0.0,0,0.796,0.34625,0.9999766249125362,36.77198354956095
269,WBH,ignore shift,0.09443099273607748,0.9396984924623115,413,0.796,0.34625,1.0,1.0
269,WCS.hete,ignore shift,0.09443099273607748,0.9396984924623115,413,0.796,0.34625,1.0,1.0
269,WCS.homo,ignore shift,0.09443099273607748,0.9396984924623115,413,0.796,0.34625,1.0,1.0
269,WCS.dtm,ignore shift,0.0,0.0,0,0.796,0.34625,1.0,1.0
269,WBH,clip weights at 3,0.046052631578947366,0.7286432160804021,304,0.796,0.34625,0.7060288727761197,3.0
269,WCS.hete,clip weights at 3,0.045454545454545456,0.7386934673366834,308,0.796,0.34625,0.7060288727761197,3.0
269,WCS.homo,clip weights at 3,0.0462046204620462,0.7261306532663316,303,0.796,0.34625,0.7060288727761197,3.0
269,WCS.dtm,clip weights at 3,0.0,0.0,0,0.796,0.34625,0.7060288727761197,3.0
270,WBH,oracle weights,0.125,0.9285714285714286,416,0.784,0.3875,1.102794415355867,51.62745790960447
270,WCS.hete,oracle weights,0.12410501193317422,0.9362244897959183,419,0.784,0.3875,1.102794415355867,51.62745790960447
270,WCS.homo,oracle weights,0.12440191387559808,0.9336734693877551,418,0.784,0.3875,1.102794415355867,51.62745790960447
270,WCS.dtm,oracle weights,0.0,0.0,0,0.784,0.3875,1.102794415355867,51.62745790960447
270,WBH,ignore shift,0.13053613053613053,0.951530612244898,429,0.784,0.3875,1.0,1.0
270,WCS.hete,ignore shift,0.13053613053613053,0.951530612244898,429,0.784,0.3875,1.0,1.0
270,WCS.homo,ignore shift,0.13053613053613053,0.951530612244898,429,0.784,0.3875,1.0,1.0
270,WCS.dtm,ignore shift,0.0,0.0,0,0.784,0.3875,1.0,1.0
270,WBH,clip weights at 3,0.09259259259259259,0.875,378,0.784,0.3875,0.7353550169358628,3.0
270,WCS.hete,clip weights at 3,0.09259259259259259,0.875,378,0.784,0.3875,0.7353550169358628,3.0
270,WCS.homo,clip weights at 3,0.09234828496042216,0.8775510204081632,379,0.784,0.3875,0.7353550169358628,3.0
270,WCS.dtm,clip weights at 3,0.0,0.0,0,0.784,0.3875,0.7353550169358628,3.0
271,WBH,oracle weights,0.0873015873015873,0.8539603960396039,378,0.808,0.3575,0.9472953234732016,40.6921331508007
271,WCS.hete,oracle weights,0.08333333333333333,0.7896039603960396,348,0.808,0.3575,0.9472953234732016,40.6921331508007
271,WCS.homo,oracle weights,0.08616187989556136,0.8663366336633663,383,0.808,0.3575,0.9472953234732016,40.6921331508007
271,WCS.dtm,oracle weights,0.0,0.0,0,0.808,0.3575,0.9472953234732016,40.6921331508007
271,WBH,ignore shift,0.1011764705882353,0.9455445544554455,425,0.808,0.3575,1.0,1.0
271,WCS.hete,ignore shift,0.1011764705882353,0.9455445544554455,425,0.808,0.3575,1.0,1.0
271,WCS.homo,ignore shift,0.1011764705882353,0.9455445544554455,425,0.808,0.3575,1.0,1.0
271,WCS.dtm,ignore shift,0.0,0.0,0,0.808,0.3575,1.0,1.0
271,WBH,clip weights at 3,0.06845238095238096,0.7747524752475248,336,0.808,0.3575,0.6801312970538952,3.0
271,WCS.hete,clip weights at 3,0.06865671641791045,0.7722772277227723,335,0.808,0.3575,0.6801312970538952,3.0
271,WCS.homo,clip weights at 3,0.06845238095238096,0.7747524752475248,336,0.808,0.3575,0.6801312970538952,3.0
271,WCS.dtm,clip weights at 3,0.0,0.0,0,0.808,0.3575,0.6801312970538952,3.0
272,WBH,oracle weights,0.10880829015544041,0.8888888888888888,386,0.774,0.3925,1.1502124297893461,50.212665661467746
272,WCS.hete,oracle weights,0.10443864229765012,0.8863049095607235,383,0.774,0.3925,1.1502124297893461,50.212665661467746
272,WCS.homo,oracle weights,0.10880829015544041,0.8888888888888888,386,0.774,0.3925,1.1502124297893461,50.212665661467746
272,WCS.dtm,oracle weights,0.0,0.0,0,0.774,0.3925,1.1502124297893461,50.212665661467746
272,WBH,ignore shift,0.13443396226415094,0.9483204134366925,424,0.774,0.3925,1.0,1.0
272,WCS.hete,ignore shift,0.13443396226415094,0.9483204134366925,424,0.774,0.3925,1.0,1.0
272,WCS.homo,ignore shift,0.13443396226415094,0.9483204134366925,424,0.774,0.3925,1.0,1.0
272,WCS.dtm,ignore shift,0.0,0.0,0,0.774,0.3925,1.0,1.0
272,WBH,clip weights at 3,0.07717041800643087,0.7416020671834626,311,0.774,0.3925,0.7273382015886379,3.0
272,WCS.hete,clip weights at 3,0.07717041800643087,0.7416020671834626,311,0.774,0.3925,0.7273382015886379,3.0
272,WCS.homo,clip weights at 3,0.07717041800643087,0.7416020671834626,311,0.774,0.3925,0.7273382015886379,3.0
272,WCS.dtm,clip weights at 3,0.0,0.0,0,0.774,0.3925,0.7273382015886379,3.0
273,WBH,oracle weights,0.0658682634730539,0.7979539641943734,334,0.782,0.36,1.0101891806835466,24.550923204992824
273,WCS.hete,oracle weights,0.07046979865771812,0.7084398976982097,298,0.782,0.36,1.0101891806835466,24.550923204992824
273,WCS.homo,oracle weights,0.0658682634730539,0.7979539641943734,334,0.782,0.36,1.0101891806835466,24.550923204992824
273,WCS.dtm,oracle weights,0.0,0.0,0,0.782,0.36,1.0101891806835466,24.550923204992824
273,WBH,ignore shift,0.14219114219114218,0.9411764705882353,429,0.782,0.36,1.0,1.0
273,WCS.hete,ignore shift,0.14219114219114218,0.9411764705882353,429,0.782,0.36,1.0,1.0
273,WCS.homo,ignore shift,0.14186046511627906,0.9437340153452686,430,0.782,0.36,1.0,1.0
273,WCS.dtm,ignore shift,0.0,0.0,0,0.782,0.36,1.0,1.0
273,WBH,clip weights at 3,0.06470588235294118,0.8132992327365729,340,0.782,0.36,0.7004585399341272,3.0
273,WCS.hete,clip weights at 3,0.06470588235294118,0.8132992327365729,340,0.782,0.36,0.7004585399341272,3.0
273,WCS.homo,clip weights at 3,0.06470588235294118,0.8132992327365729,340,0.782,0.36,0.7004585399341272,3.0
273,WCS.dtm,clip weights at 3,0.0,0.0,0,0.782,0.36,0.7004585399341272,3.0
274,WBH,oracle weights,0.056105610561056105,0.7044334975369458,303,0.812,0.34375,0.8954487067240557,37.517545973375924
274,WCS.hete,oracle weights,0.05660377358490566,0.6157635467980296,265,0.812,0.34375,0.8954487067240557,37.517545973375924
274,WCS.homo,oracle weights,0.05956112852664577,0.7389162561576355,319,0.812,0.34375,0.8954487067240557,37.517545973375924
274,WCS.dtm,oracle weights,0.0,0.0,0,0.812,0.34375,0.8954487067240557,37.517545973375924
274,WBH,ignore shift,0.10514018691588785,0.9433497536945813,428,0.812,0.34375,1.0,1.0
274,WCS.hete,ignore shift,0.10514018691588785,0.9433497536945813,428,0.812,0.34375,1.0,1.0
274,WCS.homo,ignore shift,0.10514018691588785,0.9433497536945813,428,0.812,0.34375,1.0,1.0
274,WCS.dtm,ignore shift,0.0,0.0,0,0.812,0.34375,1.0,1.0
274,WBH,clip weights at 3,0.054140127388535034,0.7315270935960592,314,0.812,0.34375,0.6838920564557509,3.0
274,WCS.hete,clip weights at 3,0.054140127388535034,0.7315270935960592,314,0.812,0.34375,0.6838920564557509,3.0
274,WCS.homo,clip weights at 3,0.054140127388535034,0.7315270935960592,314,0.812,0.34375,0.6838920564557509,3.0
274,WCS.dtm,clip weights at 3,0.0,0.0,0,0.812,0.34375,0.6838920564557509,3.0
275,WBH,oracle weights,0.10526315789473684,0.9211822660098522,418,0.812,0.3675,1.0264409375345867,48.656230222946384
275,WCS.hete,oracle weights,0.08391608391608392,0.3226600985221675,143,0.812,0.3675,1.0264409375345867,48.656230222946384
275,WCS.homo,oracle weights,0.10551558752997602,0.9187192118226601,417,0.812,0.3675,1.0264409375345867,48.656230222946384
275,WCS.dtm,oracle weights,0.0,0.0,0,0.812,0.3675,1.0264409375345867,48.656230222946384
275,WBH,ignore shift,0.1175115207373272,0.9433497536945813,434,0.812,0.3675,1.0,1.0
275,WCS.hete,ignore shift,0.1175115207373272,0.9433497536945813,434,0.812,0.3675,1.0,1.0
275,WCS.homo,ignore shift,0.1175115207373272,0.9433497536945813,434,0.812,0.3675,1.0,1.0
275,WCS.dtm,ignore shift,0.0,0.0,0,0.812,0.3675,1.0,1.0
275,WBH,clip weights at 3,0.0925,0.8940886699507389,400,0.812,0.3675,0.7163728746758815,3.0
275,WCS.hete,clip weights at 3,0.0925,0.8940886699507389,400,0.812,0.3675,0.7163728746758815,3.0
275,WCS.homo,clip weights at 3,0.0925,0.8940886699507389,400,0.812,0.3675,0.7163728746758815,3.0
275,WCS.dtm,clip weights at 3,0.0,0.0,0,0.812,0.3675,0.7163728746758815,3.0
276,WBH,oracle weights,0.08808290155440414,0.8669950738916257,386,0.812,0.3275,0.9392751144486533,29.41253156857841
276,WCS.hete,oracle weights,0.09063444108761329,0.7413793103448276,331,0.812,0.3275,0.9392751144486533,29.41253156857841
276,WCS.homo,oracle weights,0.09020618556701031,0.8694581280788177,388,0.812,0.3275,0.9392751144486533,29.41253156857841
276,WCS.dtm,oracle weights,0.0,0.0,0,0.812,0.3275,0.9392751144486533,29.41253156857841
276,WBH,ignore shift,0.11448598130841121,0.9334975369458128,428,0.812,0.3275,1.0,1.0
276,WCS.hete,ignore shift,0.11448598130841121,0.9334975369458128,428,0.812,0.3275,1.0,1.0
276,WCS.homo,ignore shift,0.11448598130841121,0.9334975369458128,428,0.812,0.3275,1.0,1.0
276,WCS.dtm,ignore shift,0.0,0.0,0,0.812,0.3275,1.0,1.0
276,WBH,clip weights at 3,0.07526881720430108,0.8472906403940886,372,0.812,0.3275,0.6706556408301624,3.0
276,WCS.hete,clip weights at 3,0.07547169811320754,0.8448275862068966,371,0.812,0.3275,0.6706556408301624,3.0
276,WCS.homo,clip weights at 3,0.07547169811320754,0.8448275862068966,371,0.812,0.3275,0.6706556408301624,3.0
276,WCS.dtm,clip weights at 3,0.0,0.0,0,0.812,0.3275,0.6706556408301624,3.0
277,WBH,oracle weights,0.11055276381909548,0.9030612244897959,398,0.784,0.36375,0.9688855992024261,27.33162820764177
277,WCS.hete,oracle weights,0.11,0.9081632653061225,400,0.784,0.36375,0.9688855992024261,27.33162820764177
277,WCS.homo,oracle weights,0.11055276381909548,0.9030612244897959,398,0.784,0.36375,0.9688855992024261,27.33162820764177
277,WCS.dtm,oracle weights,0.0,0.0,0,0.784,0.36375,0.9688855992024261,27.33162820764177
277,WBH,ignore shift,0.12903225806451613,0.9642857142857143,434,0.784,0.36375,1.0,1.0
277,WCS.hete,ignore shift,0.12903225806451613,0.9642857142857143,434,0.784,0.36375,1.0,1.0
277,WCS.homo,ignore shift,0.12873563218390804,0.9668367346938775,435,0.784,0.36375,1.0,1.0
277,WCS.dtm,ignore shift,0.0,0.0,0,0.784,0.36375,1.0,1.0
277,WBH,clip weights at 3,0.096,0.8647959183673469,375,0.784,0.36375,0.7129070400992741,3.0
277,WCS.hete,clip weights at 3,0.096,0.8647959183673469,375,0.784,0.36375,0.7129070400992741,3.0
277,WCS.homo,clip weights at 3,0.096,0.8647959183673469,375,0.784,0.36375,0.7129070400992741,3.0
277,WCS.dtm,clip weights at 3,0.0,0.0,0,0.784,0.36375,0.7129070400992741,3.0
278,WBH,oracle weights,0.08908045977011494,0.8086734693877551,348,0.784,0.335,0.8372961257238015,28.197141062608402
278,WCS.hete,oracle weights,0.09171597633136094,0.7831632653061225,338,0.784,0.335,0.8372961257238015,28.197141062608402
278,WCS.homo,oracle weights,0.09037900874635568,0.7959183673469388,343,0.784,0.335,0.8372961257238015,28.197141062608402
278,WCS.dtm,oracle weights,0.0,0.0,0,0.784,0.335,0.8372961257238015,28.197141062608402
278,WBH,ignore shift,0.11407766990291263,0.9311224489795918,412,0.784,0.335,1.0,1.0
278,WCS.hete,ignore shift,0.11407766990291263,0.9311224489795918,412,0.784,0.335,1.0,1.0
278,WCS.homo,ignore shift,0.11407766990291263,0.9311224489795918,412,0.784,0.335,1.0,1.0
278,WCS.dtm,ignore shift,0.0,0.0,0,0.784,0.335,1.0,1.0
278,WBH,clip weights at 3,0.08235294117647059,0.7959183673469388,340,0.784,0.335,0.646218730287305,3.0
278,WCS.hete,clip weights at 3,0.08235294117647059,0.7959183673469388,340,0.784,0.335,0.646218730287305,3.0
278,WCS.homo,clip weights at 3,0.08235294117647059,0.7959183673469388,340,0.784,0.335,0.646218730287305,3.0
278,WCS.dtm,clip weights at 3,0.0,0.0,0,0.784,0.335,0.646218730287305,3.0
279,WBH,oracle weights,0.13947990543735225,0.9333333333333333,423,0.78,0.375,1.0029480939702784,26.343955687536216
279,WCS.hete,oracle weights,0.14047619047619048,0.9256410256410257,420,0.78,0.375,1.0029480939702784,26.343955687536216
279,WCS.homo,oracle weights,0.1388235294117647,0.9384615384615385,425,0.78,0.375,1.0029480939702784,26.343955687536216
279,WCS.dtm,oracle weights,0.0,0.0,0,0.78,0.375,1.0029480939702784,26.343955687536216
279,WBH,ignore shift,0.15034168564920272,0.9564102564102565,439,0.78,0.375,1.0,1.0
279,WCS.hete,ignore shift,0.15034168564920272,0.9564102564102565,439,0.78,0.375,1.0,1.0
279,WCS.homo,ignore shift,0.15034168564920272,0.9564102564102565,439,0.78,0.375,1.0,1.0
279,WCS.dtm,ignore shift,0.0,0.0,0,0.78,0.375,1.0,1.0
279,WBH,clip weights at 3,0.11959287531806616,0.8871794871794871,393,0.78,0.375,0.7102081384258913,3.0
279,WCS.hete,clip weights at 3,0.11989795918367346,0.8846153846153846,392,0.78,0.375,0.7102081384258913,3.0
279,WCS.homo,clip weights at 3,0.11989795918367346,0.8846153846153846,392,0.78,0.375,0.7102081384258913,3.0
279,WCS.dtm,clip weights at 3,0.0,0.0,0,0.78,0.375,0.7102081384258913,3.0
280,WBH,oracle weights,0.07380073800738007,0.6354430379746835,271,0.79,0.33125,0.8355259174877381,13.722686505673002
280,WCS.hete,oracle weights,0.07473309608540925,0.6582278481012658,281,0.79,0.33125,0.8355259174877381,13.722686505673002
280,WCS.homo,oracle weights,0.07168458781362007,0.6556962025316456,279,0.79,0.33125,0.8355259174877381,13.722686505673002
280,WCS.dtm,oracle weights,0.0,0.0,0,0.79,0.33125,0.8355259174877381,13.722686505673002
280,WBH,ignore shift,0.11166253101736973,0.9063291139240506,403,0.79,0.33125,1.0,1.0
280,WCS.hete,ignore shift,0.11166253101736973,0.9063291139240506,403,0.79,0.33125,1.0,1.0
280,WCS.homo,ignore shift,0.11166253101736973,0.9063291139240506,403,0.79,0.33125,1.0,1.0
280,WCS.dtm,ignore shift,0.0,0.0,0,0.79,0.33125,1.0,1.0
280,WBH,clip weights at 3,0.0706713780918728,0.6658227848101266,283,0.79,0.33125,0.6771154276727294,3.0
280,WCS.hete,clip weights at 3,0.07342657342657342,0.6708860759493671,286,0.79,0.33125,0.6771154276727294,3.0
280,WCS.homo,clip weights at 3,0.07368421052631578,0.6683544303797468,285,0.79,0.33125,0.6771154276727294,3.0
280,WCS.dtm,clip weights at 3,0.0,0.0,0,0.79,0.33125,0.6771154276727294,3.0
281,WBH,oracle weights,0.09970674486803519,0.8078947368421052,341,0.76,0.35,0.8364566596565751,20.52046878275717
281,WCS.hete,oracle weights,0.09433962264150944,0.7578947368421053,318,0.76,0.35,0.8364566596565751,20.52046878275717
281,WCS.homo,oracle weights,0.09855072463768116,0.8184210526315789,345,0.76,0.35,0.8364566596565751,20.52046878275717
281,WCS.dtm,oracle weights,0.0,0.0,0,0.76,0.35,0.8364566596565751,20.52046878275717
281,WBH,ignore shift,0.13533834586466165,0.9078947368421053,399,0.76,0.35,1.0,1.0
281,WCS.hete,ignore shift,0.13533834586466165,0.9078947368421053,399,0.76,0.35,1.0,1.0
281,WCS.homo,ignore shift,0.13316582914572864,0.9078947368421053,398,0.76,0.35,1.0,1.0
281,WCS.dtm,ignore shift,0.0,0.0,0,0.76,0.35,1.0,1.0
281,WBH,clip weights at 3,0.08928571428571429,0.8052631578947368,336,0.76,0.35,0.6811152468830889,3.0
281,WCS.hete,clip weights at 3,0.08928571428571429,0.8052631578947368,336,0.76,0.35,0.6811152468830889,3.0
281,WCS.homo,clip weights at 3,0.08928571428571429,0.8052631578947368,336,0.76,0.35,0.6811152468830889,3.0
281,WCS.dtm,clip weights at 3,0.0,0.0,0,0.76,0.35,0.6811152468830889,3.0
282,WBH,oracle weights,0.13425925925925927,0.961439588688946,432,0.778,0.34875,0.9378175219953709,35.41334349087583
282,WCS.hete,oracle weights,0.13425925925925927,0.961439588688946,432,0.778,0.34875,0.9378175219953709,35.41334349087583
282,WCS.homo,oracle weights,0.13394919168591224,0.9640102827763496,433,0.778,0.34875,0.9378175219953709,35.41334349087583
282,WCS.dtm,oracle weights,0.0,0.0,0,0.778,0.34875,0.9378175219953709,35.41334349087583
282,WBH,ignore shift,0.15178571428571427,0.9768637532133676,448,0.778,0.34875,1.0,1.0
282,WCS.hete,ignore shift,0.14988814317673377,0.9768637532133676,447,0.778,0.34875,1.0,1.0
282,WCS.homo,ignore shift,0.14988814317673377,0.9768637532133676,447,0.778,0.34875,1.0,1.0
282,WCS.dtm,ignore shift,0.0,0.0,0,0.778,0.34875,1.0,1.0
282,WBH,clip weights at 3,0.12376237623762376,0.910025706940874,404,0.778,0.34875,0.672992460080594,3.0
282,WCS.hete,clip weights at 3,0.12376237623762376,0.910025706940874,404,0.778,0.34875,0.672992460080594,3.0
282,WCS.homo,clip weights at 3,0.12376237623762376,0.910025706940874,404,0.778,0.34875,0.672992460080594,3.0
282,WCS.dtm,clip weights at 3,0.0,0.0,0,0.778,0.34875,0.672992460080594,3.0
283,WBH,oracle weights,0.06583072100313479,0.7582697201017812,319,0.786,0.35375,0.939350555145532,24.24203026079728
283,WCS.hete,oracle weights,0.2857142857142857,0.01272264631043257,7,0.786,0.35375,0.939350555145532,24.24203026079728
283,WCS.homo,oracle weights,0.0,0.0,0,0.786,0.35375,0.939350555145532,24.24203026079728
283,WCS.dtm,oracle weights,0.0,0.0,0,0.786,0.35375,0.939350555145532,24.24203026079728
283,WBH,ignore shift,0.15056179775280898,0.9618320610687023,445,0.786,0.35375,1.0,1.0
283,WCS.hete,ignore shift,0.15056179775280898,0.9618320610687023,445,0.786,0.35375,1.0,1.0
283,WCS.homo,ignore shift,0.15056179775280898,0.9618320610687023,445,0.786,0.35375,1.0,1.0
283,WCS.dtm,ignore shift,0.0,0.0,0,0.786,0.35375,1.0,1.0
283,WBH,clip weights at 3,0.061488673139158574,0.7379134860050891,309,0.786,0.35375,0.7118557081900283,3.0
283,WCS.hete,clip weights at 3,0.06188925081433225,0.732824427480916,307,0.786,0.35375,0.7118557081900283,3.0
283,WCS.homo,clip weights at 3,0.06188925081433225,0.732824427480916,307,0.786,0.35375,0.7118557081900283,3.0
283,WCS.dtm,clip weights at 3,0.0,0.0,0,0.786,0.35375,0.7118557081900283,3.0
284,WBH,oracle weights,0.09169054441260745,0.8233766233766234,349,0.77,0.37375,1.0831137975590834,25.984339189906418
284,WCS.hete,oracle weights,0.07894736842105263,0.09090909090909091,38,0.77,0.37375,1.0831137975590834,25.984339189906418
284,WCS.homo,oracle weights,0.09401709401709402,0.825974025974026,351,0.77,0.37375,1.0831137975590834,25.984339189906418
284,WCS.dtm,oracle weights,0.0,0.0,0,0.77,0.37375,1.0831137975590834,25.984339189906418
284,WBH,ignore shift,0.13947990543735225,0.9454545454545454,423,0.77,0.37375,1.0,1.0
284,WCS.hete,ignore shift,0.13539192399049882,0.9454545454545454,421,0.77,0.37375,1.0,1.0
284,WCS.homo,ignore shift,0.13744075829383887,0.9454545454545454,422,0.77,0.37375,1.0,1.0
284,WCS.dtm,ignore shift,0.0,0.0,0,0.77,0.37375,1.0,1.0
284,WBH,clip weights at 3,0.06070287539936102,0.7636363636363637,313,0.77,0.37375,0.7750777986616595,3.0
284,WCS.hete,clip weights at 3,0.060897435897435896,0.7610389610389611,312,0.77,0.37375,0.7750777986616595,3.0
284,WCS.homo,clip weights at 3,0.060897435897435896,0.7610389610389611,312,0.77,0.37375,0.7750777986616595,3.0
284,WCS.dtm,clip weights at 3,0.0,0.0,0,0.77,0.37375,0.7750777986616595,3.0
285,WBH,oracle weights,0.09066666666666667,0.8632911392405064,375,0.79,0.345,0.9352726226739008,24.823547616928735
285,WCS.hete,oracle weights,0.08108108108108109,0.08607594936708861,37,0.79,0.345,0.9352726226739008,24.823547616928735
285,WCS.homo,oracle weights,0.08994708994708994,0.8708860759493671,378,0.79,0.345,0.9352726226739008,24.823547616928735
285,WCS.dtm,oracle weights,0.0,0.0,0,0.79,0.345,0.9352726226739008,24.823547616928735
285,WBH,ignore shift,0.1288056206088993,0.9417721518987342,427,0.79,0.345,1.0,1.0
285,WCS.hete,ignore shift,0.1288056206088993,0.9417721518987342,427,0.79,0.345,1.0,1.0
285,WCS.homo,ignore shift,0.1288056206088993,0.9417721518987342,427,0.79,0.345,1.0,1.0
285,WCS.dtm,ignore shift,0.0,0.0,0,0.79,0.345,1.0,1.0
285,WBH,clip weights at 3,0.08146067415730338,0.8278481012658228,356,0.79,0.345,0.6779427841984708,3.0
285,WCS.hete,clip weights at 3,0.08146067415730338,0.8278481012658228,356,0.79,0.345,0.6779427841984708,3.0
285,WCS.homo,clip weights at 3,0.08146067415730338,0.8278481012658228,356,0.79,0.345,0.6779427841984708,3.0
285,WCS.dtm,clip weights at 3,0.0,0.0,0,0.79,0.345,0.6779427841984708,3.0
286,WBH,oracle weights,0.19134396355353075,0.9466666666666667,439,0.75,0.3675,1.0143128925536262,28.649795418566374
286,WCS.hete,oracle weights,0.19545454545454546,0.944,440,0.75,0.3675,1.0143128925536262,28.649795418566374
286,WCS.homo,oracle weights,0.19369369369369369,0.9546666666666667,444,0.75,0.3675,1.0143128925536262,28.649795418566374
286,WCS.dtm,oracle weights,0.0,0.0,0,0.75,0.3675,1.0143128925536262,28.649795418566374
286,WBH,ignore shift,0.18594104308390022,0.9573333333333334,441,0.75,0.3675,1.0,1.0
286,WCS.hete,ignore shift,0.18594104308390022,0.9573333333333334,441,0.75,0.3675,1.0,1.0
286,WCS.homo,ignore shift,0.18409090909090908,0.9573333333333334,440,0.75,0.3675,1.0,1.0
286,WCS.dtm,ignore shift,0.0,0.0,0,0.75,0.3675,1.0,1.0
286,WBH,clip weights at 3,0.14936708860759493,0.896,395,0.75,0.3675,0.6965939641979052,3.0
286,WCS.hete,clip weights at 3,0.14936708860759493,0.896,395,0.75,0.3675,0.6965939641979052,3.0
286,WCS.homo,clip weights at 3,0.14936708860759493,0.896,395,0.75,0.3675,0.6965939641979052,3.0
286,WCS.dtm,clip weights at 3,0.0,0.0,0,0.75,0.3675,0.6965939641979052,3.0
287,WBH,oracle weights,0.06984126984126984,0.7551546391752577,315,0.776,0.3375,0.9560348917199406,41.680112957962415
287,WCS.hete,oracle weights,0.07782101167315175,0.6108247422680413,257,0.776,0.3375,0.9560348917199406,41.680112957962415
287,WCS.homo,oracle weights,0.07301587301587302,0.7525773195876289,315,0.776,0.3375,0.9560348917199406,41.680112957962415
287,WCS.dtm,oracle weights,0.0,0.0,0,0.776,0.3375,0.9560348917199406,41.680112957962415
287,WBH,ignore shift,0.10473815461346633,0.9252577319587629,401,0.776,0.3375,1.0,1.0
287,WCS.hete,ignore shift,0.10473815461346633,0.9252577319587629,401,0.776,0.3375,1.0,1.0
287,WCS.homo,ignore shift,0.10473815461346633,0.9252577319587629,401,0.776,0.3375,1.0,1.0
287,WCS.dtm,ignore shift,0.0,0.0,0,0.776,0.3375,1.0,1.0
287,WBH,clip weights at 3,0.041353383458646614,0.6572164948453608,266,0.776,0.3375,0.6591046722083841,3.0
287,WCS.hete,clip weights at 3,0.041666666666666664,0.6520618556701031,264,0.776,0.3375,0.6591046722083841,3.0
287,WCS.homo,clip weights at 3,0.04150943396226415,0.654639175257732,265,0.776,0.3375,0.6591046722083841,3.0
287,WCS.dtm,clip weights at 3,0.0,0.0,0,0.776,0.3375,0.6591046722083841,3.0
288,WBH,oracle weights,0.1275,0.9232804232804233,400,0.756,0.36,1.0146873902324756,68.9708041854986
288,WCS.hete,oracle weights,0.1111111111111111,0.021164021164021163,9,0.756,0.36,1.0146873902324756,68.9708041854986
288,WCS.homo,oracle weights,0.12781954887218044,0.9206349206349206,399,0.756,0.36,1.0146873902324756,68.9708041854986
288,WCS.dtm,oracle weights,0.0,0.0,0,0.756,0.36,1.0146873902324756,68.9708041854986
288,WBH,ignore shift,0.15258215962441316,0.955026455026455,426,0.756,0.36,1.0,1.0
288,WCS.hete,ignore shift,0.15654205607476634,0.955026455026455,428,0.756,0.36,1.0,1.0
288,WCS.homo,ignore shift,0.1542056074766355,0.9576719576719577,428,0.756,0.36,1.0,1.0
288,WCS.dtm,ignore shift,0.0,0.0,0,0.756,0.36,1.0,1.0
288,WBH,clip weights at 3,0.09782608695652174,0.8783068783068783,368,0.756,0.36,0.6954856464548618,3.0
288,WCS.hete,clip weights at 3,0.0975609756097561,0.8809523809523809,369,0.756,0.36,0.6954856464548618,3.0
288,WCS.homo,clip weights at 3,0.09782608695652174,0.8783068783068783,368,0.756,0.36,0.6954856464548618,3.0
288,WCS.dtm,clip weights at 3,0.0,0.0,0,0.756,0.36,0.6954856464548618,3.0
289,WBH,oracle weights,0.09510086455331412,0.7949367088607595,347,0.79,0.3375,0.9289525749532003,24.217035354709203
289,WCS.hete,oracle weights,0.11290322580645161,0.5569620253164557,248,0.79,0.3375,0.9289525749532003,24.217035354709203
289,WCS.homo,oracle weights,0.09428571428571429,0.8025316455696202,350,0.79,0.3375,0.9289525749532003,24.217035354709203
289,WCS.dtm,oracle weights,0.0,0.0,0,0.79,0.3375,0.9289525749532003,24.217035354709203
289,WBH,ignore shift,0.12345679012345678,0.8987341772151899,405,0.79,0.3375,1.0,1.0
289,WCS.hete,ignore shift,0.12345679012345678,0.8987341772151899,405,0.79,0.3375,1.0,1.0
289,WCS.homo,ignore shift,0.12345679012345678,0.8987341772151899,405,0.79,0.3375,1.0,1.0
289,WCS.dtm,ignore shift,0.0,0.0,0,0.79,0.3375,1.0,1.0
289,WBH,clip weights at 3,0.08656716417910448,0.7746835443037975,335,0.79,0.3375,0.6919077870239602,3.0
289,WCS.hete,clip weights at 3,0.08630952380952381,0.7772151898734178,336,0.79,0.3375,0.6919077870239602,3.0
289,WCS.homo,clip weights at 3,0.08630952380952381,0.7772151898734178,336,0.79,0.3375,0.6919077870239602,3.0
289,WCS.dtm,clip weights at 3,0.0,0.0,0,0.79,0.3375,0.6919077870239602,3.0
290,WBH,oracle weights,0.08374384236453201,0.9276807980049875,406,0.802,0.3775,1.0008152945455626,20.422722027392105
290,WCS.hete,oracle weights,0.08478802992518704,0.9152119700748129,401,0.802,0.3775,1.0008152945455626,20.422722027392105
290,WCS.homo,oracle weights,0.08333333333333333,0.9326683291770573,408,0.802,0.3775,1.0008152945455626,20.422722027392105
290,WCS.dtm,oracle weights,0.0,0.0,0,0.802,0.3775,1.0008152945455626,20.422722027392105
290,WBH,ignore shift,0.10983981693363844,0.970074812967581,437,0.802,0.3775,1.0,1.0
290,WCS.hete,ignore shift,0.10983981693363844,0.970074812967581,437,0.802,0.3775,1.0,1.0
290,WCS.homo,ignore shift,0.10983981693363844,0.970074812967581,437,0.802,0.3775,1.0,1.0
290,WCS.dtm,ignore shift,0.0,0.0,0,0.802,0.3775,1.0,1.0
290,WBH,clip weights at 3,0.07455012853470437,0.8977556109725686,389,0.802,0.3775,0.7247274287681695,3.0
290,WCS.hete,clip weights at 3,0.07474226804123711,0.8952618453865336,388,0.802,0.3775,0.7247274287681695,3.0
290,WCS.homo,clip weights at 3,0.07474226804123711,0.8952618453865336,388,0.802,0.3775,0.7247274287681695,3.0
290,WCS.dtm,clip weights at 3,0.0,0.0,0,0.802,0.3775,0.7247274287681695,3.0
291,WBH,oracle weights,0.08146067415730338,0.8278481012658228,356,0.79,0.34625,0.9974034611428272,18.96779544815893
291,WCS.hete,oracle weights,0.0783132530120482,0.7746835443037975,332,0.79,0.34625,0.9974034611428272,18.96779544815893
291,WCS.homo,oracle weights,0.08169014084507042,0.8253164556962025,355,0.79,0.34625,0.9974034611428272,18.96779544815893
291,WCS.dtm,oracle weights,0.0,0.0,0,0.79,0.34625,0.9974034611428272,18.96779544815893
291,WBH,ignore shift,0.1048780487804878,0.9291139240506329,410,0.79,0.34625,1.0,1.0
291,WCS.hete,ignore shift,0.1048780487804878,0.9291139240506329,410,0.79,0.34625,1.0,1.0
291,WCS.homo,ignore shift,0.1048780487804878,0.9291139240506329,410,0.79,0.34625,1.0,1.0
291,WCS.dtm,ignore shift,0.0,0.0,0,0.79,0.34625,1.0,1.0
291,WBH,clip weights at 3,0.07714285714285714,0.8177215189873418,350,0.79,0.34625,0.7197001776333353,3.0
291,WCS.hete,clip weights at 3,0.07714285714285714,0.8177215189873418,350,0.79,0.34625,0.7197001776333353,3.0
291,WCS.homo,clip weights at 3,0.07714285714285714,0.8177215189873418,350,0.79,0.34625,0.7197001776333353,3.0
291,WCS.dtm,clip weights at 3,0.0,0.0,0,0.79,0.34625,0.7197001776333353,3.0
292,WBH,oracle weights,0.11475409836065574,0.868632707774799,366,0.746,0.32625,0.9537886147083074,26.344451741230124
292,WCS.hete,oracle weights,0.12256267409470752,0.8445040214477212,359,0.746,0.32625,0.9537886147083074,26.344451741230124
292,WCS.homo,oracle weights,0.12162162162162163,0.871313672922252,370,0.746,0.32625,0.9537886147083074,26.344451741230124
292,WCS.dtm,oracle weights,0.0,0.0,0,0.746,0.32625,0.9537886147083074,26.344451741230124
292,WBH,ignore shift,0.15513126491646778,0.9490616621983914,419,0.746,0.32625,1.0,1.0
292,WCS.hete,ignore shift,0.15513126491646778,0.9490616621983914,419,0.746,0.32625,1.0,1.0
292,WCS.homo,ignore shift,0.15513126491646778,0.9490616621983914,419,0.746,0.32625,1.0,1.0
292,WCS.dtm,ignore shift,0.0,0.0,0,0.746,0.32625,1.0,1.0
292,WBH,clip weights at 3,0.09826589595375723,0.8364611260053619,346,0.746,0.32625,0.7008623572073809,3.0
292,WCS.hete,clip weights at 3,0.10115606936416185,0.8337801608579088,346,0.746,0.32625,0.7008623572073809,3.0
292,WCS.homo,clip weights at 3,0.09826589595375723,0.8364611260053619,346,0.746,0.32625,0.7008623572073809,3.0
292,WCS.dtm,clip weights at 3,0.0,0.0,0,0.746,0.32625,0.7008623572073809,3.0
293,WBH,oracle weights,0.13559322033898305,0.937007874015748,413,0.762,0.3475,1.0209740439816264,29.342482057159607
293,WCS.hete,oracle weights,0.1354679802955665,0.9212598425196851,406,0.762,0.3475,1.0209740439816264,29.342482057159607
293,WCS.homo,oracle weights,0.1366906474820144,0.9448818897637795,417,0.762,0.3475,1.0209740439816264,29.342482057159607
293,WCS.dtm,oracle weights,0.0,0.0,0,0.762,0.3475,1.0209740439816264,29.342482057159607
293,WBH,ignore shift,0.14788732394366197,0.952755905511811,426,0.762,0.3475,1.0,1.0
293,WCS.hete,ignore shift,0.14788732394366197,0.952755905511811,426,0.762,0.3475,1.0,1.0
293,WCS.homo,ignore shift,0.14788732394366197,0.952755905511811,426,0.762,0.3475,1.0,1.0
293,WCS.dtm,ignore shift,0.0,0.0,0,0.762,0.3475,1.0,1.0
293,WBH,clip weights at 3,0.09166666666666666,0.8582677165354331,360,0.762,0.3475,0.7183349863839555,3.0
293,WCS.hete,clip weights at 3,0.09166666666666666,0.8582677165354331,360,0.762,0.3475,0.7183349863839555,3.0
293,WCS.homo,clip weights at 3,0.09166666666666666,0.8582677165354331,360,0.762,0.3475,0.7183349863839555,3.0
293,WCS.dtm,clip weights at 3,0.0,0.0,0,0.762,0.3475,0.7183349863839555,3.0
294,WBH,oracle weights,0.11025641025641025,0.8829516539440203,390,0.786,0.37625,0.9814994852473,25.593391082996362
294,WCS.hete,oracle weights,0.10955056179775281,0.806615776081425,356,0.786,0.37625,0.9814994852473,25.593391082996362
294,WCS.homo,oracle weights,0.10997442455242967,0.8854961832061069,391,0.786,0.37625,0.9814994852473,25.593391082996362
294,WCS.dtm,oracle weights,0.0,0.0,0,0.786,0.37625,0.9814994852473,25.593391082996362
294,WBH,ignore shift,0.14058956916099774,0.9643765903307888,441,0.786,0.37625,1.0,1.0
294,WCS.hete,ignore shift,0.14058956916099774,0.9643765903307888,441,0.786,0.37625,1.0,1.0
294,WCS.homo,ignore shift,0.14058956916099774,0.9643765903307888,441,0.786,0.37625,1.0,1.0
294,WCS.dtm,ignore shift,0.0,0.0,0,0.786,0.37625,1.0,1.0
294,WBH,clip weights at 3,0.08882521489971347,0.8091603053435115,349,0.786,0.37625,0.7017228316203169,3.0
294,WCS.hete,clip weights at 3,0.08882521489971347,0.8091603053435115,349,0.786,0.37625,0.7017228316203169,3.0
294,WCS.homo,clip weights at 3,0.08857142857142856,0.811704834605598,350,0.786,0.37625,0.7017228316203169,3.0
294,WCS.dtm,clip weights at 3,0.0,0.0,0,0.786,0.37625,0.7017228316203169,3.0
295,WBH,oracle weights,0.17777777777777778,0.9736842105263158,450,0.76,0.34125,1.1977092576888344,178.9081415836067
295,WCS.hete,oracle weights,0.17937219730941703,0.9631578947368421,446,0.76,0.34125,1.1977092576888344,178.9081415836067
295,WCS.homo,oracle weights,0.17738359201773837,0.9763157894736842,451,0.76,0.34125,1.1977092576888344,178.9081415836067
295,WCS.dtm,oracle weights,0.0,0.0,0,0.76,0.34125,1.1977092576888344,178.9081415836067
295,WBH,ignore shift,0.1714922048997773,0.9789473684210527,449,0.76,0.34125,1.0,1.0
295,WCS.hete,ignore shift,0.1714922048997773,0.9789473684210527,449,0.76,0.34125,1.0,1.0
295,WCS.homo,ignore shift,0.1714922048997773,0.9789473684210527,449,0.76,0.34125,1.0,1.0
295,WCS.dtm,ignore shift,0.0,0.0,0,0.76,0.34125,1.0,1.0
295,WBH,clip weights at 3,0.10242587601078167,0.8763157894736842,371,0.76,0.34125,0.7123944837004936,3.0
295,WCS.hete,clip weights at 3,0.10242587601078167,0.8763157894736842,371,0.76,0.34125,0.7123944837004936,3.0
295,WCS.homo,clip weights at 3,0.10483870967741936,0.8763157894736842,372,0.76,0.34125,0.7123944837004936,3.0
295,WCS.dtm,clip weights at 3,0.0,0.0,0,0.76,0.34125,0.7123944837004936,3.0
296,WBH,oracle weights,0.059490084985835696,0.8578811369509044,353,0.774,0.36375,0.9901880197971644,26.154496034019093
296,WCS.hete,oracle weights,0.056716417910447764,0.8165374677002584,335,0.774,0.36375,0.9901880197971644,26.154496034019093
296,WCS.homo,oracle weights,0.05965909090909091,0.8552971576227391,352,0.774,0.36375,0.9901880197971644,26.154496034019093
296,WCS.dtm,oracle weights,0.0,0.0,0,0.774,0.36375,0.9901880197971644,26.154496034019093
296,WBH,ignore shift,0.125,0.9405684754521964,416,0.774,0.36375,1.0,1.0
296,WCS.hete,ignore shift,0.125,0.9405684754521964,416,0.774,0.36375,1.0,1.0
296,WCS.homo,ignore shift,0.125,0.9405684754521964,416,0.774,0.36375,1.0,1.0
296,WCS.dtm,ignore shift,0.0,0.0,0,0.774,0.36375,1.0,1.0
296,WBH,clip weights at 3,0.05157593123209169,0.8552971576227391,349,0.774,0.36375,0.7375323222601735,3.0
296,WCS.hete,clip weights at 3,0.05157593123209169,0.8552971576227391,349,0.774,0.36375,0.7375323222601735,3.0
296,WCS.homo,clip weights at 3,0.05142857142857143,0.8578811369509044,350,0.774,0.36375,0.7375323222601735,3.0
296,WCS.dtm,clip weights at 3,0.0,0.0,0,0.774,0.36375,0.7375323222601735,3.0
297,WBH,oracle weights,0.13533834586466165,0.9126984126984127,399,0.756,0.3625,1.0892202744138082,78.8785524735021
297,WCS.hete,oracle weights,0.16,0.05555555555555555,25,0.756,0.3625,1.0892202744138082,78.8785524735021
297,WCS.homo,oracle weights,0.13432835820895522,0.9206349206349206,402,0.756,0.3625,1.0892202744138082,78.8785524735021
297,WCS.dtm,oracle weights,0.0,0.0,0,0.756,0.3625,1.0892202744138082,78.8785524735021
297,WBH,ignore shift,0.1431980906921241,0.9497354497354498,419,0.756,0.3625,1.0,1.0
297,WCS.hete,ignore shift,0.1431980906921241,0.9497354497354498,419,0.756,0.3625,1.0,1.0
297,WCS.homo,ignore shift,0.1431980906921241,0.9497354497354498,419,0.756,0.3625,1.0,1.0
297,WCS.dtm,ignore shift,0.0,0.0,0,0.756,0.3625,1.0,1.0
297,WBH,clip weights at 3,0.09315068493150686,0.8756613756613757,365,0.756,0.3625,0.7104552055062686,3.0
297,WCS.hete,clip weights at 3,0.09315068493150686,0.8756613756613757,365,0.756,0.3625,0.7104552055062686,3.0
297,WCS.homo,clip weights at 3,0.09315068493150686,0.8756613756613757,365,0.756,0.3625,0.7104552055062686,3.0
297,WCS.dtm,clip weights at 3,0.0,0.0,0,0.756,0.3625,0.7104552055062686,3.0
298,WBH,oracle weights,0.10810810810810811,0.928388746803069,407,0.782,0.3675,1.2977929205810097,128.69040412047752
298,WCS.hete,oracle weights,0.10723192019950124,0.9156010230179028,401,0.782,0.3675,1.2977929205810097,128.69040412047752
298,WCS.homo,oracle weights,0.10864197530864197,0.9232736572890026,405,0.782,0.3675,1.2977929205810097,128.69040412047752
298,WCS.dtm,oracle weights,0.0,0.0,0,0.782,0.3675,1.2977929205810097,128.69040412047752
298,WBH,ignore shift,0.1073170731707317,0.9360613810741688,410,0.782,0.3675,1.0,1.0
298,WCS.hete,ignore shift,0.1073170731707317,0.9360613810741688,410,0.782,0.3675,1.0,1.0
298,WCS.homo,ignore shift,0.1073170731707317,0.9360613810741688,410,0.782,0.3675,1.0,1.0
298,WCS.dtm,ignore shift,0.0,0.0,0,0.782,0.3675,1.0,1.0
298,WBH,clip weights at 3,0.0821529745042493,0.8286445012787724,353,0.782,0.3675,0.735236474649258,3.0
298,WCS.hete,clip weights at 3,0.0847457627118644,0.8286445012787724,354,0.782,0.3675,0.735236474649258,3.0
298,WCS.homo,clip weights at 3,0.0821529745042493,0.8286445012787724,353,0.782,0.3675,0.735236474649258,3.0
298,WCS.dtm,clip weights at 3,0.0,0.0,0,0.782,0.3675,0.735236474649258,3.0
299,WBH,oracle weights,0.10164835164835165,0.8384615384615385,364,0.78,0.385,1.00733215999027,51.542516712747776
299,WCS.hete,oracle weights,0.11301369863013698,0.6641025641025641,292,0.78,0.385,1.00733215999027,51.542516712747776
299,WCS.homo,oracle weights,0.10220994475138122,0.8333333333333334,362,0.78,0.385,1.00733215999027,51.542516712747776
299,WCS.dtm,oracle weights,0.0,0.0,0,0.78,0.385,1.00733215999027,51.542516712747776
299,WBH,ignore shift,0.11442786069651742,0.9128205128205128,402,0.78,0.385,1.0,1.0
299,WCS.hete,ignore shift,0.11442786069651742,0.9128205128205128,402,0.78,0.385,1.0,1.0
299,WCS.homo,ignore shift,0.11442786069651742,0.9128205128205128,402,0.78,0.385,1.0,1.0
299,WCS.dtm,ignore shift,0.0,0.0,0,0.78,0.385,1.0,1.0
299,WBH,clip weights at 3,0.08761329305135952,0.7743589743589744,331,0.78,0.385,0.6669783620704262,3.0
299,WCS.hete,clip weights at 3,0.08484848484848485,0.7743589743589744,330,0.78,0.385,0.6669783620704262,3.0
299,WCS.homo,clip weights at 3,0.08484848484848485,0.7743589743589744,330,0.78,0.385,0.6669783620704262,3.0
299,WCS.dtm,clip weights at 3,0.0,0.0,0,0.78,0.385,0.6669783620704262,3.0
300,WBH,oracle weights,0.093841642228739,0.8110236220472441,341,0.762,0.34875,0.88770038614274,25.838593646139312
300,WCS.hete,oracle weights,0.128,0.28608923884514437,125,0.762,0.34875,0.88770038614274,25.838593646139312
300,WCS.homo,oracle weights,0.1023391812865497,0.8057742782152231,342,0.762,0.34875,0.88770038614274,25.838593646139312
300,WCS.dtm,oracle weights,0.0,0.0,0,0.762,0.34875,0.88770038614274,25.838593646139312
300,WBH,ignore shift,0.15165876777251186,0.9396325459317585,422,0.762,0.34875,1.0,1.0
300,WCS.hete,ignore shift,0.15165876777251186,0.9396325459317585,422,0.762,0.34875,1.0,1.0
300,WCS.homo,ignore shift,0.15165876777251186,0.9396325459317585,422,0.762,0.34875,1.0,1.0
300,WCS.dtm,ignore shift,0.0,0.0,0,0.762,0.34875,1.0,1.0
300,WBH,clip weights at 3,0.08875739644970414,0.8083989501312336,338,0.762,0.34875,0.6870603208505149,3.0
300,WCS.hete,clip weights at 3,0.08875739644970414,0.8083989501312336,338,0.762,0.34875,0.6870603208505149,3.0
300,WCS.homo,clip weights at 3,0.08875739644970414,0.8083989501312336,338,0.762,0.34875,0.6870603208505149,3.0
300,WCS.dtm,clip weights at 3,0.0,0.0,0,0.762,0.34875,0.6870603208505149,3.0
